Timing Analyzer report for digital_temp_sensor
Mon Jun 08 20:14:38 2026
Quartus Prime Version 20.1.0 Build 711 06/05/2020 SJ Lite Edition


---------------------
; Table of Contents ;
---------------------
  1. Legal Notice
  2. Timing Analyzer Summary
  3. Parallel Compilation
  4. Clocks
  5. Slow 1200mV 85C Model Fmax Summary
  6. Timing Closure Recommendations
  7. Slow 1200mV 85C Model Setup Summary
  8. Slow 1200mV 85C Model Hold Summary
  9. Slow 1200mV 85C Model Recovery Summary
 10. Slow 1200mV 85C Model Removal Summary
 11. Slow 1200mV 85C Model Minimum Pulse Width Summary
 12. Slow 1200mV 85C Model Setup: 'clk'
 13. Slow 1200mV 85C Model Hold: 'clk'
 14. Slow 1200mV 85C Model Metastability Summary
 15. Slow 1200mV 0C Model Fmax Summary
 16. Slow 1200mV 0C Model Setup Summary
 17. Slow 1200mV 0C Model Hold Summary
 18. Slow 1200mV 0C Model Recovery Summary
 19. Slow 1200mV 0C Model Removal Summary
 20. Slow 1200mV 0C Model Minimum Pulse Width Summary
 21. Slow 1200mV 0C Model Setup: 'clk'
 22. Slow 1200mV 0C Model Hold: 'clk'
 23. Slow 1200mV 0C Model Metastability Summary
 24. Fast 1200mV 0C Model Setup Summary
 25. Fast 1200mV 0C Model Hold Summary
 26. Fast 1200mV 0C Model Recovery Summary
 27. Fast 1200mV 0C Model Removal Summary
 28. Fast 1200mV 0C Model Minimum Pulse Width Summary
 29. Fast 1200mV 0C Model Setup: 'clk'
 30. Fast 1200mV 0C Model Hold: 'clk'
 31. Fast 1200mV 0C Model Metastability Summary
 32. Multicorner Timing Analysis Summary
 33. Board Trace Model Assignments
 34. Input Transition Times
 35. Signal Integrity Metrics (Slow 1200mv 0c Model)
 36. Signal Integrity Metrics (Slow 1200mv 85c Model)
 37. Signal Integrity Metrics (Fast 1200mv 0c Model)
 38. Setup Transfers
 39. Hold Transfers
 40. Report TCCS
 41. Report RSKM
 42. Unconstrained Paths Summary
 43. Clock Status Summary
 44. Unconstrained Input Ports
 45. Unconstrained Output Ports
 46. Unconstrained Input Ports
 47. Unconstrained Output Ports
 48. Timing Analyzer Messages



----------------
; Legal Notice ;
----------------
Copyright (C) 2020  Intel Corporation. All rights reserved.
Your use of Intel Corporation's design tools, logic functions 
and other software and tools, and any partner logic 
functions, and any output files from any of the foregoing 
(including device programming or simulation files), and any 
associated documentation or information are expressly subject 
to the terms and conditions of the Intel Program License 
Subscription Agreement, the Intel Quartus Prime License Agreement,
the Intel FPGA IP License Agreement, or other applicable license
agreement, including, without limitation, that your use is for
the sole purpose of programming logic devices manufactured by
Intel and sold by Intel or its authorized distributors.  Please
refer to the applicable agreement for further details, at
https://fpgasoftware.intel.com/eula.



+-----------------------------------------------------------------------------+
; Timing Analyzer Summary                                                     ;
+-----------------------+-----------------------------------------------------+
; Quartus Prime Version ; Version 20.1.0 Build 711 06/05/2020 SJ Lite Edition ;
; Timing Analyzer       ; Legacy Timing Analyzer                              ;
; Revision Name         ; digital_temp_sensor                                 ;
; Device Family         ; Cyclone IV E                                        ;
; Device Name           ; EP4CE10E22C8                                        ;
; Timing Models         ; Final                                               ;
; Delay Model           ; Combined                                            ;
; Rise/Fall Delays      ; Enabled                                             ;
+-----------------------+-----------------------------------------------------+


+------------------------------------------+
; Parallel Compilation                     ;
+----------------------------+-------------+
; Processors                 ; Number      ;
+----------------------------+-------------+
; Number detected on machine ; 16          ;
; Maximum allowed            ; 16          ;
;                            ;             ;
; Average used               ; 1.10        ;
; Maximum used               ; 16          ;
;                            ;             ;
; Usage by Processor         ; % Time Used ;
;     Processor 1            ; 100.0%      ;
;     Processors 2-16        ;   0.6%      ;
+----------------------------+-------------+


+---------------------------------------------------------------------------------------------------------------------------------------------------------------------------------+
; Clocks                                                                                                                                                                          ;
+------------+------+--------+------------+-------+-------+------------+-----------+-------------+-------+--------+-----------+------------+----------+--------+--------+---------+
; Clock Name ; Type ; Period ; Frequency  ; Rise  ; Fall  ; Duty Cycle ; Divide by ; Multiply by ; Phase ; Offset ; Edge List ; Edge Shift ; Inverted ; Master ; Source ; Targets ;
+------------+------+--------+------------+-------+-------+------------+-----------+-------------+-------+--------+-----------+------------+----------+--------+--------+---------+
; clk        ; Base ; 1.000  ; 1000.0 MHz ; 0.000 ; 0.500 ;            ;           ;             ;       ;        ;           ;            ;          ;        ;        ; { clk } ;
+------------+------+--------+------------+-------+-------+------------+-----------+-------------+-------+--------+-----------+------------+----------+--------+--------+---------+


+--------------------------------------------------+
; Slow 1200mV 85C Model Fmax Summary               ;
+------------+-----------------+------------+------+
; Fmax       ; Restricted Fmax ; Clock Name ; Note ;
+------------+-----------------+------------+------+
; 215.84 MHz ; 215.84 MHz      ; clk        ;      ;
+------------+-----------------+------------+------+
This panel reports FMAX for every clock in the design, regardless of the user-specified clock periods.  FMAX is only computed for paths where the source and destination registers or ports are driven by the same clock.  Paths of different clocks, including generated clocks, are ignored.  For paths between a clock and its inversion, FMAX is computed as if the rising and falling edges are scaled along with FMAX, such that the duty cycle (in terms of a percentage) is maintained. Altera recommends that you always use clock constraints and other slack reports for sign-off analysis.


----------------------------------
; Timing Closure Recommendations ;
----------------------------------
HTML report is unavailable in plain text report export.


+-------------------------------------+
; Slow 1200mV 85C Model Setup Summary ;
+-------+--------+--------------------+
; Clock ; Slack  ; End Point TNS      ;
+-------+--------+--------------------+
; clk   ; -3.633 ; -462.302           ;
+-------+--------+--------------------+


+------------------------------------+
; Slow 1200mV 85C Model Hold Summary ;
+-------+-------+--------------------+
; Clock ; Slack ; End Point TNS      ;
+-------+-------+--------------------+
; clk   ; 0.453 ; 0.000              ;
+-------+-------+--------------------+


------------------------------------------
; Slow 1200mV 85C Model Recovery Summary ;
------------------------------------------
No paths to report.


-----------------------------------------
; Slow 1200mV 85C Model Removal Summary ;
-----------------------------------------
No paths to report.


+---------------------------------------------------+
; Slow 1200mV 85C Model Minimum Pulse Width Summary ;
+-------+--------+----------------------------------+
; Clock ; Slack  ; End Point TNS                    ;
+-------+--------+----------------------------------+
; clk   ; -3.000 ; -275.121                         ;
+-------+--------+----------------------------------+


+-------------------------------------------------------------------------------------------------------------------------------------------------------------------------------------------------------------------------------------------------------------------+
; Slow 1200mV 85C Model Setup: 'clk'                                                                                                                                                                                                                                ;
+--------+-----------------------------------------------------------------------------------------+------------------------------------------------------------------------------------------+--------------+-------------+--------------+------------+------------+
; Slack  ; From Node                                                                               ; To Node                                                                                  ; Launch Clock ; Latch Clock ; Relationship ; Clock Skew ; Data Delay ;
+--------+-----------------------------------------------------------------------------------------+------------------------------------------------------------------------------------------+--------------+-------------+--------------+------------+------------+
; -3.633 ; reset_counter[17]                                                                       ; reset_counter[8]                                                                         ; clk          ; clk         ; 1.000        ; -0.081     ; 4.553      ;
; -3.633 ; reset_counter[17]                                                                       ; reset_counter[1]                                                                         ; clk          ; clk         ; 1.000        ; -0.081     ; 4.553      ;
; -3.633 ; reset_counter[17]                                                                       ; reset_counter[0]                                                                         ; clk          ; clk         ; 1.000        ; -0.081     ; 4.553      ;
; -3.633 ; reset_counter[17]                                                                       ; reset_counter[2]                                                                         ; clk          ; clk         ; 1.000        ; -0.081     ; 4.553      ;
; -3.633 ; reset_counter[17]                                                                       ; reset_counter[3]                                                                         ; clk          ; clk         ; 1.000        ; -0.081     ; 4.553      ;
; -3.633 ; reset_counter[17]                                                                       ; reset_counter[4]                                                                         ; clk          ; clk         ; 1.000        ; -0.081     ; 4.553      ;
; -3.633 ; reset_counter[17]                                                                       ; reset_counter[5]                                                                         ; clk          ; clk         ; 1.000        ; -0.081     ; 4.553      ;
; -3.633 ; reset_counter[17]                                                                       ; reset_counter[6]                                                                         ; clk          ; clk         ; 1.000        ; -0.081     ; 4.553      ;
; -3.633 ; reset_counter[17]                                                                       ; reset_counter[7]                                                                         ; clk          ; clk         ; 1.000        ; -0.081     ; 4.553      ;
; -3.633 ; reset_counter[17]                                                                       ; reset_counter[9]                                                                         ; clk          ; clk         ; 1.000        ; -0.081     ; 4.553      ;
; -3.633 ; reset_counter[17]                                                                       ; reset_counter[12]                                                                        ; clk          ; clk         ; 1.000        ; -0.081     ; 4.553      ;
; -3.633 ; reset_counter[17]                                                                       ; reset_counter[10]                                                                        ; clk          ; clk         ; 1.000        ; -0.081     ; 4.553      ;
; -3.633 ; reset_counter[17]                                                                       ; reset_counter[11]                                                                        ; clk          ; clk         ; 1.000        ; -0.081     ; 4.553      ;
; -3.633 ; reset_counter[17]                                                                       ; reset_counter[13]                                                                        ; clk          ; clk         ; 1.000        ; -0.081     ; 4.553      ;
; -3.633 ; reset_counter[17]                                                                       ; reset_counter[14]                                                                        ; clk          ; clk         ; 1.000        ; -0.081     ; 4.553      ;
; -3.633 ; reset_counter[17]                                                                       ; reset_counter[15]                                                                        ; clk          ; clk         ; 1.000        ; -0.081     ; 4.553      ;
; -3.524 ; i2c_master_top:i2c_core|i2c_master_byte_ctrl:u_byte|i2c_master_bit_ctrl:bit_ctrl|cnt[5] ; i2c_master_top:i2c_core|i2c_master_byte_ctrl:u_byte|i2c_master_bit_ctrl:bit_ctrl|cnt[11] ; clk          ; clk         ; 1.000        ; -0.081     ; 4.444      ;
; -3.521 ; i2c_master_top:i2c_core|i2c_master_byte_ctrl:u_byte|i2c_master_bit_ctrl:bit_ctrl|cnt[5] ; i2c_master_top:i2c_core|i2c_master_byte_ctrl:u_byte|i2c_master_bit_ctrl:bit_ctrl|cnt[9]  ; clk          ; clk         ; 1.000        ; -0.081     ; 4.441      ;
; -3.520 ; i2c_master_top:i2c_core|i2c_master_byte_ctrl:u_byte|i2c_master_bit_ctrl:bit_ctrl|cnt[5] ; i2c_master_top:i2c_core|i2c_master_byte_ctrl:u_byte|i2c_master_bit_ctrl:bit_ctrl|cnt[8]  ; clk          ; clk         ; 1.000        ; -0.081     ; 4.440      ;
; -3.514 ; i2c_master_top:i2c_core|i2c_master_byte_ctrl:u_byte|i2c_master_bit_ctrl:bit_ctrl|cnt[7] ; i2c_master_top:i2c_core|i2c_master_byte_ctrl:u_byte|i2c_master_bit_ctrl:bit_ctrl|cnt[11] ; clk          ; clk         ; 1.000        ; -0.081     ; 4.434      ;
; -3.511 ; i2c_master_top:i2c_core|i2c_master_byte_ctrl:u_byte|i2c_master_bit_ctrl:bit_ctrl|cnt[7] ; i2c_master_top:i2c_core|i2c_master_byte_ctrl:u_byte|i2c_master_bit_ctrl:bit_ctrl|cnt[9]  ; clk          ; clk         ; 1.000        ; -0.081     ; 4.431      ;
; -3.510 ; i2c_master_top:i2c_core|i2c_master_byte_ctrl:u_byte|i2c_master_bit_ctrl:bit_ctrl|cnt[7] ; i2c_master_top:i2c_core|i2c_master_byte_ctrl:u_byte|i2c_master_bit_ctrl:bit_ctrl|cnt[8]  ; clk          ; clk         ; 1.000        ; -0.081     ; 4.430      ;
; -3.472 ; reset_counter[17]                                                                       ; internal_reset                                                                           ; clk          ; clk         ; 1.000        ; -0.085     ; 4.388      ;
; -3.464 ; counter[0]                                                                              ; counter[31]                                                                              ; clk          ; clk         ; 1.000        ; 0.395      ; 4.860      ;
; -3.449 ; counter[1]                                                                              ; counter[26]                                                                              ; clk          ; clk         ; 1.000        ; -0.080     ; 4.370      ;
; -3.447 ; reset_counter[19]                                                                       ; reset_counter[8]                                                                         ; clk          ; clk         ; 1.000        ; -0.081     ; 4.367      ;
; -3.447 ; reset_counter[19]                                                                       ; reset_counter[1]                                                                         ; clk          ; clk         ; 1.000        ; -0.081     ; 4.367      ;
; -3.447 ; reset_counter[19]                                                                       ; reset_counter[0]                                                                         ; clk          ; clk         ; 1.000        ; -0.081     ; 4.367      ;
; -3.447 ; reset_counter[19]                                                                       ; reset_counter[2]                                                                         ; clk          ; clk         ; 1.000        ; -0.081     ; 4.367      ;
; -3.447 ; reset_counter[19]                                                                       ; reset_counter[3]                                                                         ; clk          ; clk         ; 1.000        ; -0.081     ; 4.367      ;
; -3.447 ; reset_counter[19]                                                                       ; reset_counter[4]                                                                         ; clk          ; clk         ; 1.000        ; -0.081     ; 4.367      ;
; -3.447 ; reset_counter[19]                                                                       ; reset_counter[5]                                                                         ; clk          ; clk         ; 1.000        ; -0.081     ; 4.367      ;
; -3.447 ; reset_counter[19]                                                                       ; reset_counter[6]                                                                         ; clk          ; clk         ; 1.000        ; -0.081     ; 4.367      ;
; -3.447 ; reset_counter[19]                                                                       ; reset_counter[7]                                                                         ; clk          ; clk         ; 1.000        ; -0.081     ; 4.367      ;
; -3.447 ; reset_counter[19]                                                                       ; reset_counter[9]                                                                         ; clk          ; clk         ; 1.000        ; -0.081     ; 4.367      ;
; -3.447 ; reset_counter[19]                                                                       ; reset_counter[12]                                                                        ; clk          ; clk         ; 1.000        ; -0.081     ; 4.367      ;
; -3.447 ; reset_counter[19]                                                                       ; reset_counter[10]                                                                        ; clk          ; clk         ; 1.000        ; -0.081     ; 4.367      ;
; -3.447 ; reset_counter[19]                                                                       ; reset_counter[11]                                                                        ; clk          ; clk         ; 1.000        ; -0.081     ; 4.367      ;
; -3.447 ; reset_counter[19]                                                                       ; reset_counter[13]                                                                        ; clk          ; clk         ; 1.000        ; -0.081     ; 4.367      ;
; -3.447 ; reset_counter[19]                                                                       ; reset_counter[14]                                                                        ; clk          ; clk         ; 1.000        ; -0.081     ; 4.367      ;
; -3.447 ; reset_counter[19]                                                                       ; reset_counter[15]                                                                        ; clk          ; clk         ; 1.000        ; -0.081     ; 4.367      ;
; -3.443 ; counter[0]                                                                              ; counter[27]                                                                              ; clk          ; clk         ; 1.000        ; -0.080     ; 4.364      ;
; -3.389 ; reset_counter[13]                                                                       ; reset_counter[8]                                                                         ; clk          ; clk         ; 1.000        ; -0.080     ; 4.310      ;
; -3.389 ; reset_counter[13]                                                                       ; reset_counter[1]                                                                         ; clk          ; clk         ; 1.000        ; -0.080     ; 4.310      ;
; -3.389 ; reset_counter[13]                                                                       ; reset_counter[0]                                                                         ; clk          ; clk         ; 1.000        ; -0.080     ; 4.310      ;
; -3.389 ; reset_counter[13]                                                                       ; reset_counter[2]                                                                         ; clk          ; clk         ; 1.000        ; -0.080     ; 4.310      ;
; -3.389 ; reset_counter[13]                                                                       ; reset_counter[3]                                                                         ; clk          ; clk         ; 1.000        ; -0.080     ; 4.310      ;
; -3.389 ; reset_counter[13]                                                                       ; reset_counter[4]                                                                         ; clk          ; clk         ; 1.000        ; -0.080     ; 4.310      ;
; -3.389 ; reset_counter[13]                                                                       ; reset_counter[5]                                                                         ; clk          ; clk         ; 1.000        ; -0.080     ; 4.310      ;
; -3.389 ; reset_counter[13]                                                                       ; reset_counter[6]                                                                         ; clk          ; clk         ; 1.000        ; -0.080     ; 4.310      ;
; -3.389 ; reset_counter[13]                                                                       ; reset_counter[7]                                                                         ; clk          ; clk         ; 1.000        ; -0.080     ; 4.310      ;
; -3.389 ; reset_counter[13]                                                                       ; reset_counter[9]                                                                         ; clk          ; clk         ; 1.000        ; -0.080     ; 4.310      ;
; -3.389 ; reset_counter[13]                                                                       ; reset_counter[12]                                                                        ; clk          ; clk         ; 1.000        ; -0.080     ; 4.310      ;
; -3.389 ; reset_counter[13]                                                                       ; reset_counter[10]                                                                        ; clk          ; clk         ; 1.000        ; -0.080     ; 4.310      ;
; -3.389 ; reset_counter[13]                                                                       ; reset_counter[11]                                                                        ; clk          ; clk         ; 1.000        ; -0.080     ; 4.310      ;
; -3.389 ; reset_counter[13]                                                                       ; reset_counter[13]                                                                        ; clk          ; clk         ; 1.000        ; -0.080     ; 4.310      ;
; -3.389 ; reset_counter[13]                                                                       ; reset_counter[14]                                                                        ; clk          ; clk         ; 1.000        ; -0.080     ; 4.310      ;
; -3.389 ; reset_counter[13]                                                                       ; reset_counter[15]                                                                        ; clk          ; clk         ; 1.000        ; -0.080     ; 4.310      ;
; -3.386 ; reset_counter[14]                                                                       ; reset_counter[8]                                                                         ; clk          ; clk         ; 1.000        ; -0.080     ; 4.307      ;
; -3.386 ; reset_counter[14]                                                                       ; reset_counter[1]                                                                         ; clk          ; clk         ; 1.000        ; -0.080     ; 4.307      ;
; -3.386 ; reset_counter[14]                                                                       ; reset_counter[0]                                                                         ; clk          ; clk         ; 1.000        ; -0.080     ; 4.307      ;
; -3.386 ; reset_counter[14]                                                                       ; reset_counter[2]                                                                         ; clk          ; clk         ; 1.000        ; -0.080     ; 4.307      ;
; -3.386 ; reset_counter[14]                                                                       ; reset_counter[3]                                                                         ; clk          ; clk         ; 1.000        ; -0.080     ; 4.307      ;
; -3.386 ; reset_counter[14]                                                                       ; reset_counter[4]                                                                         ; clk          ; clk         ; 1.000        ; -0.080     ; 4.307      ;
; -3.386 ; reset_counter[14]                                                                       ; reset_counter[5]                                                                         ; clk          ; clk         ; 1.000        ; -0.080     ; 4.307      ;
; -3.386 ; reset_counter[14]                                                                       ; reset_counter[6]                                                                         ; clk          ; clk         ; 1.000        ; -0.080     ; 4.307      ;
; -3.386 ; reset_counter[14]                                                                       ; reset_counter[7]                                                                         ; clk          ; clk         ; 1.000        ; -0.080     ; 4.307      ;
; -3.386 ; reset_counter[14]                                                                       ; reset_counter[9]                                                                         ; clk          ; clk         ; 1.000        ; -0.080     ; 4.307      ;
; -3.386 ; reset_counter[14]                                                                       ; reset_counter[12]                                                                        ; clk          ; clk         ; 1.000        ; -0.080     ; 4.307      ;
; -3.386 ; reset_counter[14]                                                                       ; reset_counter[10]                                                                        ; clk          ; clk         ; 1.000        ; -0.080     ; 4.307      ;
; -3.386 ; reset_counter[14]                                                                       ; reset_counter[11]                                                                        ; clk          ; clk         ; 1.000        ; -0.080     ; 4.307      ;
; -3.386 ; reset_counter[14]                                                                       ; reset_counter[13]                                                                        ; clk          ; clk         ; 1.000        ; -0.080     ; 4.307      ;
; -3.386 ; reset_counter[14]                                                                       ; reset_counter[14]                                                                        ; clk          ; clk         ; 1.000        ; -0.080     ; 4.307      ;
; -3.386 ; reset_counter[14]                                                                       ; reset_counter[15]                                                                        ; clk          ; clk         ; 1.000        ; -0.080     ; 4.307      ;
; -3.372 ; reset_counter[11]                                                                       ; reset_counter[8]                                                                         ; clk          ; clk         ; 1.000        ; -0.080     ; 4.293      ;
; -3.372 ; reset_counter[11]                                                                       ; reset_counter[1]                                                                         ; clk          ; clk         ; 1.000        ; -0.080     ; 4.293      ;
; -3.372 ; reset_counter[11]                                                                       ; reset_counter[0]                                                                         ; clk          ; clk         ; 1.000        ; -0.080     ; 4.293      ;
; -3.372 ; reset_counter[11]                                                                       ; reset_counter[2]                                                                         ; clk          ; clk         ; 1.000        ; -0.080     ; 4.293      ;
; -3.372 ; reset_counter[11]                                                                       ; reset_counter[3]                                                                         ; clk          ; clk         ; 1.000        ; -0.080     ; 4.293      ;
; -3.372 ; reset_counter[11]                                                                       ; reset_counter[4]                                                                         ; clk          ; clk         ; 1.000        ; -0.080     ; 4.293      ;
; -3.372 ; reset_counter[11]                                                                       ; reset_counter[5]                                                                         ; clk          ; clk         ; 1.000        ; -0.080     ; 4.293      ;
; -3.372 ; reset_counter[11]                                                                       ; reset_counter[6]                                                                         ; clk          ; clk         ; 1.000        ; -0.080     ; 4.293      ;
; -3.372 ; reset_counter[11]                                                                       ; reset_counter[7]                                                                         ; clk          ; clk         ; 1.000        ; -0.080     ; 4.293      ;
; -3.372 ; reset_counter[11]                                                                       ; reset_counter[9]                                                                         ; clk          ; clk         ; 1.000        ; -0.080     ; 4.293      ;
; -3.372 ; reset_counter[11]                                                                       ; reset_counter[12]                                                                        ; clk          ; clk         ; 1.000        ; -0.080     ; 4.293      ;
; -3.372 ; reset_counter[11]                                                                       ; reset_counter[10]                                                                        ; clk          ; clk         ; 1.000        ; -0.080     ; 4.293      ;
; -3.372 ; reset_counter[11]                                                                       ; reset_counter[11]                                                                        ; clk          ; clk         ; 1.000        ; -0.080     ; 4.293      ;
; -3.372 ; reset_counter[11]                                                                       ; reset_counter[13]                                                                        ; clk          ; clk         ; 1.000        ; -0.080     ; 4.293      ;
; -3.372 ; reset_counter[11]                                                                       ; reset_counter[14]                                                                        ; clk          ; clk         ; 1.000        ; -0.080     ; 4.293      ;
; -3.372 ; reset_counter[11]                                                                       ; reset_counter[15]                                                                        ; clk          ; clk         ; 1.000        ; -0.080     ; 4.293      ;
; -3.368 ; counter[1]                                                                              ; counter[31]                                                                              ; clk          ; clk         ; 1.000        ; 0.395      ; 4.764      ;
; -3.367 ; reset_counter[26]                                                                       ; reset_counter[8]                                                                         ; clk          ; clk         ; 1.000        ; -0.081     ; 4.287      ;
; -3.367 ; reset_counter[26]                                                                       ; reset_counter[1]                                                                         ; clk          ; clk         ; 1.000        ; -0.081     ; 4.287      ;
; -3.367 ; reset_counter[26]                                                                       ; reset_counter[0]                                                                         ; clk          ; clk         ; 1.000        ; -0.081     ; 4.287      ;
; -3.367 ; reset_counter[26]                                                                       ; reset_counter[2]                                                                         ; clk          ; clk         ; 1.000        ; -0.081     ; 4.287      ;
; -3.367 ; reset_counter[26]                                                                       ; reset_counter[3]                                                                         ; clk          ; clk         ; 1.000        ; -0.081     ; 4.287      ;
; -3.367 ; reset_counter[26]                                                                       ; reset_counter[4]                                                                         ; clk          ; clk         ; 1.000        ; -0.081     ; 4.287      ;
; -3.367 ; reset_counter[26]                                                                       ; reset_counter[5]                                                                         ; clk          ; clk         ; 1.000        ; -0.081     ; 4.287      ;
; -3.367 ; reset_counter[26]                                                                       ; reset_counter[6]                                                                         ; clk          ; clk         ; 1.000        ; -0.081     ; 4.287      ;
; -3.367 ; reset_counter[26]                                                                       ; reset_counter[7]                                                                         ; clk          ; clk         ; 1.000        ; -0.081     ; 4.287      ;
+--------+-----------------------------------------------------------------------------------------+------------------------------------------------------------------------------------------+--------------+-------------+--------------+------------+------------+


+-------------------------------------------------------------------------------------------------------------------------------------------------------------------------------------------------------------------------------------------------------------------------------------------------------------------+
; Slow 1200mV 85C Model Hold: 'clk'                                                                                                                                                                                                                                                                                 ;
+-------+------------------------------------------------------------------------------------------------------------------+------------------------------------------------------------------------------------------------------------------+--------------+-------------+--------------+------------+------------+
; Slack ; From Node                                                                                                        ; To Node                                                                                                          ; Launch Clock ; Latch Clock ; Relationship ; Clock Skew ; Data Delay ;
+-------+------------------------------------------------------------------------------------------------------------------+------------------------------------------------------------------------------------------------------------------+--------------+-------------+--------------+------------+------------+
; 0.453 ; i2c_master_top:i2c_core|i2c_master_byte_ctrl:u_byte|i2c_master_bit_ctrl:bit_ctrl|dout                            ; i2c_master_top:i2c_core|i2c_master_byte_ctrl:u_byte|i2c_master_bit_ctrl:bit_ctrl|dout                            ; clk          ; clk         ; 0.000        ; 0.081      ; 0.746      ;
; 0.453 ; i2c_master_top:i2c_core|i2c_master_byte_ctrl:u_byte|dcnt[1]                                                      ; i2c_master_top:i2c_core|i2c_master_byte_ctrl:u_byte|dcnt[1]                                                      ; clk          ; clk         ; 0.000        ; 0.081      ; 0.746      ;
; 0.453 ; i2c_master_top:i2c_core|i2c_master_byte_ctrl:u_byte|\statemachine:c_state.st_read                                ; i2c_master_top:i2c_core|i2c_master_byte_ctrl:u_byte|\statemachine:c_state.st_read                                ; clk          ; clk         ; 0.000        ; 0.081      ; 0.746      ;
; 0.453 ; i2c_master_top:i2c_core|i2c_master_byte_ctrl:u_byte|\statemachine:c_state.st_ack                                 ; i2c_master_top:i2c_core|i2c_master_byte_ctrl:u_byte|\statemachine:c_state.st_ack                                 ; clk          ; clk         ; 0.000        ; 0.081      ; 0.746      ;
; 0.453 ; i2c_master_top:i2c_core|i2c_master_byte_ctrl:u_byte|core_cmd[1]                                                  ; i2c_master_top:i2c_core|i2c_master_byte_ctrl:u_byte|core_cmd[1]                                                  ; clk          ; clk         ; 0.000        ; 0.081      ; 0.746      ;
; 0.453 ; i2c_master_top:i2c_core|i2c_master_byte_ctrl:u_byte|\statemachine:c_state.st_write                               ; i2c_master_top:i2c_core|i2c_master_byte_ctrl:u_byte|\statemachine:c_state.st_write                               ; clk          ; clk         ; 0.000        ; 0.081      ; 0.746      ;
; 0.453 ; i2c_master_top:i2c_core|i2c_master_byte_ctrl:u_byte|\statemachine:c_state.st_stop                                ; i2c_master_top:i2c_core|i2c_master_byte_ctrl:u_byte|\statemachine:c_state.st_stop                                ; clk          ; clk         ; 0.000        ; 0.081      ; 0.746      ;
; 0.453 ; i2c_master_top:i2c_core|i2c_master_byte_ctrl:u_byte|i2c_master_bit_ctrl:bit_ctrl|\bus_status_ctrl:cmd_stop       ; i2c_master_top:i2c_core|i2c_master_byte_ctrl:u_byte|i2c_master_bit_ctrl:bit_ctrl|\bus_status_ctrl:cmd_stop       ; clk          ; clk         ; 0.000        ; 0.081      ; 0.746      ;
; 0.453 ; i2c_master_top:i2c_core|i2c_master_byte_ctrl:u_byte|i2c_master_bit_ctrl:bit_ctrl|cnt[15]                         ; i2c_master_top:i2c_core|i2c_master_byte_ctrl:u_byte|i2c_master_bit_ctrl:bit_ctrl|cnt[15]                         ; clk          ; clk         ; 0.000        ; 0.081      ; 0.746      ;
; 0.453 ; i2c_master_top:i2c_core|i2c_master_byte_ctrl:u_byte|i2c_master_bit_ctrl:bit_ctrl|cnt[3]                          ; i2c_master_top:i2c_core|i2c_master_byte_ctrl:u_byte|i2c_master_bit_ctrl:bit_ctrl|cnt[3]                          ; clk          ; clk         ; 0.000        ; 0.081      ; 0.746      ;
; 0.453 ; i2c_master_top:i2c_core|i2c_master_byte_ctrl:u_byte|i2c_master_bit_ctrl:bit_ctrl|cnt[0]                          ; i2c_master_top:i2c_core|i2c_master_byte_ctrl:u_byte|i2c_master_bit_ctrl:bit_ctrl|cnt[0]                          ; clk          ; clk         ; 0.000        ; 0.081      ; 0.746      ;
; 0.453 ; i2c_master_top:i2c_core|i2c_master_byte_ctrl:u_byte|i2c_master_bit_ctrl:bit_ctrl|cnt[1]                          ; i2c_master_top:i2c_core|i2c_master_byte_ctrl:u_byte|i2c_master_bit_ctrl:bit_ctrl|cnt[1]                          ; clk          ; clk         ; 0.000        ; 0.081      ; 0.746      ;
; 0.453 ; i2c_master_top:i2c_core|i2c_master_byte_ctrl:u_byte|i2c_master_bit_ctrl:bit_ctrl|cnt[2]                          ; i2c_master_top:i2c_core|i2c_master_byte_ctrl:u_byte|i2c_master_bit_ctrl:bit_ctrl|cnt[2]                          ; clk          ; clk         ; 0.000        ; 0.081      ; 0.746      ;
; 0.453 ; i2c_master_top:i2c_core|i2c_master_byte_ctrl:u_byte|i2c_master_bit_ctrl:bit_ctrl|cnt[6]                          ; i2c_master_top:i2c_core|i2c_master_byte_ctrl:u_byte|i2c_master_bit_ctrl:bit_ctrl|cnt[6]                          ; clk          ; clk         ; 0.000        ; 0.081      ; 0.746      ;
; 0.453 ; i2c_master_top:i2c_core|i2c_master_byte_ctrl:u_byte|i2c_master_bit_ctrl:bit_ctrl|cnt[4]                          ; i2c_master_top:i2c_core|i2c_master_byte_ctrl:u_byte|i2c_master_bit_ctrl:bit_ctrl|cnt[4]                          ; clk          ; clk         ; 0.000        ; 0.081      ; 0.746      ;
; 0.453 ; i2c_master_top:i2c_core|i2c_master_byte_ctrl:u_byte|i2c_master_bit_ctrl:bit_ctrl|cnt[5]                          ; i2c_master_top:i2c_core|i2c_master_byte_ctrl:u_byte|i2c_master_bit_ctrl:bit_ctrl|cnt[5]                          ; clk          ; clk         ; 0.000        ; 0.081      ; 0.746      ;
; 0.453 ; i2c_master_top:i2c_core|i2c_master_byte_ctrl:u_byte|i2c_master_bit_ctrl:bit_ctrl|cnt[7]                          ; i2c_master_top:i2c_core|i2c_master_byte_ctrl:u_byte|i2c_master_bit_ctrl:bit_ctrl|cnt[7]                          ; clk          ; clk         ; 0.000        ; 0.081      ; 0.746      ;
; 0.453 ; i2c_master_top:i2c_core|i2c_master_byte_ctrl:u_byte|i2c_master_bit_ctrl:bit_ctrl|cnt[8]                          ; i2c_master_top:i2c_core|i2c_master_byte_ctrl:u_byte|i2c_master_bit_ctrl:bit_ctrl|cnt[8]                          ; clk          ; clk         ; 0.000        ; 0.081      ; 0.746      ;
; 0.453 ; i2c_master_top:i2c_core|i2c_master_byte_ctrl:u_byte|i2c_master_bit_ctrl:bit_ctrl|cnt[10]                         ; i2c_master_top:i2c_core|i2c_master_byte_ctrl:u_byte|i2c_master_bit_ctrl:bit_ctrl|cnt[10]                         ; clk          ; clk         ; 0.000        ; 0.081      ; 0.746      ;
; 0.453 ; i2c_master_top:i2c_core|i2c_master_byte_ctrl:u_byte|i2c_master_bit_ctrl:bit_ctrl|cnt[9]                          ; i2c_master_top:i2c_core|i2c_master_byte_ctrl:u_byte|i2c_master_bit_ctrl:bit_ctrl|cnt[9]                          ; clk          ; clk         ; 0.000        ; 0.081      ; 0.746      ;
; 0.453 ; i2c_master_top:i2c_core|i2c_master_byte_ctrl:u_byte|i2c_master_bit_ctrl:bit_ctrl|cnt[11]                         ; i2c_master_top:i2c_core|i2c_master_byte_ctrl:u_byte|i2c_master_bit_ctrl:bit_ctrl|cnt[11]                         ; clk          ; clk         ; 0.000        ; 0.081      ; 0.746      ;
; 0.453 ; i2c_master_top:i2c_core|i2c_master_byte_ctrl:u_byte|i2c_master_bit_ctrl:bit_ctrl|cnt[13]                         ; i2c_master_top:i2c_core|i2c_master_byte_ctrl:u_byte|i2c_master_bit_ctrl:bit_ctrl|cnt[13]                         ; clk          ; clk         ; 0.000        ; 0.081      ; 0.746      ;
; 0.453 ; i2c_master_top:i2c_core|i2c_master_byte_ctrl:u_byte|i2c_master_bit_ctrl:bit_ctrl|cnt[12]                         ; i2c_master_top:i2c_core|i2c_master_byte_ctrl:u_byte|i2c_master_bit_ctrl:bit_ctrl|cnt[12]                         ; clk          ; clk         ; 0.000        ; 0.081      ; 0.746      ;
; 0.453 ; i2c_master_top:i2c_core|i2c_master_byte_ctrl:u_byte|i2c_master_bit_ctrl:bit_ctrl|cnt[14]                         ; i2c_master_top:i2c_core|i2c_master_byte_ctrl:u_byte|i2c_master_bit_ctrl:bit_ctrl|cnt[14]                         ; clk          ; clk         ; 0.000        ; 0.081      ; 0.746      ;
; 0.453 ; i2c_master_top:i2c_core|i2c_master_byte_ctrl:u_byte|i2c_master_bit_ctrl:bit_ctrl|slave_wait                      ; i2c_master_top:i2c_core|i2c_master_byte_ctrl:u_byte|i2c_master_bit_ctrl:bit_ctrl|slave_wait                      ; clk          ; clk         ; 0.000        ; 0.081      ; 0.746      ;
; 0.453 ; i2c_master_top:i2c_core|i2c_master_byte_ctrl:u_byte|i2c_master_bit_ctrl:bit_ctrl|busy                            ; i2c_master_top:i2c_core|i2c_master_byte_ctrl:u_byte|i2c_master_bit_ctrl:bit_ctrl|busy                            ; clk          ; clk         ; 0.000        ; 0.081      ; 0.746      ;
; 0.454 ; i2c_master_top:i2c_core|i2c_master_byte_ctrl:u_byte|core_cmd[0]                                                  ; i2c_master_top:i2c_core|i2c_master_byte_ctrl:u_byte|core_cmd[0]                                                  ; clk          ; clk         ; 0.000        ; 0.080      ; 0.746      ;
; 0.454 ; i2c_master_top:i2c_core|i2c_master_byte_ctrl:u_byte|i2c_master_bit_ctrl:bit_ctrl|c_state.idle                    ; i2c_master_top:i2c_core|i2c_master_byte_ctrl:u_byte|i2c_master_bit_ctrl:bit_ctrl|c_state.idle                    ; clk          ; clk         ; 0.000        ; 0.080      ; 0.746      ;
; 0.454 ; i2c_din[7]                                                                                                       ; i2c_din[7]                                                                                                       ; clk          ; clk         ; 0.000        ; 0.080      ; 0.746      ;
; 0.454 ; state.WAIT_STATE                                                                                                 ; state.WAIT_STATE                                                                                                 ; clk          ; clk         ; 0.000        ; 0.080      ; 0.746      ;
; 0.465 ; i2c_master_top:i2c_core|i2c_master_byte_ctrl:u_byte|dcnt[0]                                                      ; i2c_master_top:i2c_core|i2c_master_byte_ctrl:u_byte|dcnt[0]                                                      ; clk          ; clk         ; 0.000        ; 0.081      ; 0.758      ;
; 0.466 ; reset_counter[0]                                                                                                 ; reset_counter[0]                                                                                                 ; clk          ; clk         ; 0.000        ; 0.080      ; 0.758      ;
; 0.501 ; i2c_master_top:i2c_core|i2c_master_byte_ctrl:u_byte|i2c_master_bit_ctrl:bit_ctrl|\bus_status_ctrl:sta_condition  ; i2c_master_top:i2c_core|i2c_master_byte_ctrl:u_byte|i2c_master_bit_ctrl:bit_ctrl|busy                            ; clk          ; clk         ; 0.000        ; 0.081      ; 0.794      ;
; 0.502 ; i2c_master_top:i2c_core|i2c_master_byte_ctrl:u_byte|i2c_master_bit_ctrl:bit_ctrl|\bus_status_ctrl:fSDA[2]        ; i2c_master_top:i2c_core|i2c_master_byte_ctrl:u_byte|i2c_master_bit_ctrl:bit_ctrl|sSDA                            ; clk          ; clk         ; 0.000        ; 0.081      ; 0.795      ;
; 0.503 ; i2c_master_top:i2c_core|i2c_master_byte_ctrl:u_byte|i2c_master_bit_ctrl:bit_ctrl|c_state.start_c                 ; i2c_master_top:i2c_core|i2c_master_byte_ctrl:u_byte|i2c_master_bit_ctrl:bit_ctrl|c_state.start_d                 ; clk          ; clk         ; 0.000        ; 0.080      ; 0.795      ;
; 0.508 ; i2c_master_top:i2c_core|i2c_master_byte_ctrl:u_byte|sr[3]                                                        ; temp_data[3]                                                                                                     ; clk          ; clk         ; 0.000        ; 0.081      ; 0.801      ;
; 0.509 ; i2c_master_top:i2c_core|i2c_master_byte_ctrl:u_byte|sr[1]                                                        ; i2c_master_top:i2c_core|i2c_master_byte_ctrl:u_byte|sr[2]                                                        ; clk          ; clk         ; 0.000        ; 0.081      ; 0.802      ;
; 0.509 ; i2c_master_top:i2c_core|i2c_master_byte_ctrl:u_byte|sr[2]                                                        ; temp_data[2]                                                                                                     ; clk          ; clk         ; 0.000        ; 0.081      ; 0.802      ;
; 0.510 ; i2c_master_top:i2c_core|i2c_master_byte_ctrl:u_byte|sr[4]                                                        ; i2c_master_top:i2c_core|i2c_master_byte_ctrl:u_byte|sr[5]                                                        ; clk          ; clk         ; 0.000        ; 0.081      ; 0.803      ;
; 0.510 ; i2c_master_top:i2c_core|i2c_master_byte_ctrl:u_byte|sr[2]                                                        ; i2c_master_top:i2c_core|i2c_master_byte_ctrl:u_byte|sr[3]                                                        ; clk          ; clk         ; 0.000        ; 0.081      ; 0.803      ;
; 0.510 ; i2c_master_top:i2c_core|i2c_master_byte_ctrl:u_byte|i2c_master_bit_ctrl:bit_ctrl|c_state.wr_c                    ; i2c_master_top:i2c_core|i2c_master_byte_ctrl:u_byte|i2c_master_bit_ctrl:bit_ctrl|c_state.wr_d                    ; clk          ; clk         ; 0.000        ; 0.080      ; 0.802      ;
; 0.510 ; i2c_master_top:i2c_core|i2c_master_byte_ctrl:u_byte|i2c_master_bit_ctrl:bit_ctrl|c_state.wr_b                    ; i2c_master_top:i2c_core|i2c_master_byte_ctrl:u_byte|i2c_master_bit_ctrl:bit_ctrl|c_state.wr_c                    ; clk          ; clk         ; 0.000        ; 0.080      ; 0.802      ;
; 0.510 ; i2c_master_top:i2c_core|i2c_master_byte_ctrl:u_byte|sr[1]                                                        ; temp_data[1]                                                                                                     ; clk          ; clk         ; 0.000        ; 0.081      ; 0.803      ;
; 0.510 ; i2c_master_top:i2c_core|i2c_master_byte_ctrl:u_byte|i2c_master_bit_ctrl:bit_ctrl|\bus_status_ctrl:fSCL[0]        ; i2c_master_top:i2c_core|i2c_master_byte_ctrl:u_byte|i2c_master_bit_ctrl:bit_ctrl|sSCL                            ; clk          ; clk         ; 0.000        ; 0.081      ; 0.803      ;
; 0.511 ; i2c_master_top:i2c_core|i2c_master_byte_ctrl:u_byte|sr[5]                                                        ; i2c_master_top:i2c_core|i2c_master_byte_ctrl:u_byte|sr[6]                                                        ; clk          ; clk         ; 0.000        ; 0.081      ; 0.804      ;
; 0.511 ; i2c_master_top:i2c_core|i2c_master_byte_ctrl:u_byte|sr[3]                                                        ; i2c_master_top:i2c_core|i2c_master_byte_ctrl:u_byte|sr[4]                                                        ; clk          ; clk         ; 0.000        ; 0.081      ; 0.804      ;
; 0.511 ; i2c_master_top:i2c_core|i2c_master_byte_ctrl:u_byte|i2c_master_bit_ctrl:bit_ctrl|c_state.start_b                 ; i2c_master_top:i2c_core|i2c_master_byte_ctrl:u_byte|i2c_master_bit_ctrl:bit_ctrl|c_state.start_c                 ; clk          ; clk         ; 0.000        ; 0.080      ; 0.803      ;
; 0.511 ; i2c_master_top:i2c_core|i2c_master_byte_ctrl:u_byte|sr[5]                                                        ; temp_data[5]                                                                                                     ; clk          ; clk         ; 0.000        ; 0.081      ; 0.804      ;
; 0.511 ; i2c_master_top:i2c_core|i2c_master_byte_ctrl:u_byte|sr[4]                                                        ; temp_data[4]                                                                                                     ; clk          ; clk         ; 0.000        ; 0.081      ; 0.804      ;
; 0.525 ; i2c_master_top:i2c_core|i2c_master_byte_ctrl:u_byte|sr[7]                                                        ; temp_data[7]                                                                                                     ; clk          ; clk         ; 0.000        ; 0.081      ; 0.818      ;
; 0.529 ; i2c_master_top:i2c_core|i2c_master_byte_ctrl:u_byte|sr[6]                                                        ; i2c_master_top:i2c_core|i2c_master_byte_ctrl:u_byte|sr[7]                                                        ; clk          ; clk         ; 0.000        ; 0.081      ; 0.822      ;
; 0.566 ; i2c_master_top:i2c_core|i2c_master_byte_ctrl:u_byte|\statemachine:c_state.st_read                                ; i2c_master_top:i2c_core|i2c_master_byte_ctrl:u_byte|shift                                                        ; clk          ; clk         ; 0.000        ; 0.081      ; 0.859      ;
; 0.577 ; state.WAIT_STATE                                                                                                 ; counter[13]                                                                                                      ; clk          ; clk         ; 0.000        ; 0.080      ; 0.869      ;
; 0.642 ; i2c_master_top:i2c_core|i2c_master_byte_ctrl:u_byte|i2c_master_bit_ctrl:bit_ctrl|c_state.start_d                 ; i2c_master_top:i2c_core|i2c_master_byte_ctrl:u_byte|i2c_master_bit_ctrl:bit_ctrl|c_state.start_e                 ; clk          ; clk         ; 0.000        ; 0.080      ; 0.934      ;
; 0.642 ; i2c_master_top:i2c_core|i2c_master_byte_ctrl:u_byte|i2c_master_bit_ctrl:bit_ctrl|\bus_status_ctrl:cSDA[1]        ; i2c_master_top:i2c_core|i2c_master_byte_ctrl:u_byte|i2c_master_bit_ctrl:bit_ctrl|\bus_status_ctrl:fSDA[0]        ; clk          ; clk         ; 0.000        ; 0.081      ; 0.935      ;
; 0.642 ; i2c_master_top:i2c_core|i2c_master_byte_ctrl:u_byte|i2c_master_bit_ctrl:bit_ctrl|\bus_status_ctrl:cSDA[0]        ; i2c_master_top:i2c_core|i2c_master_byte_ctrl:u_byte|i2c_master_bit_ctrl:bit_ctrl|\bus_status_ctrl:cSDA[1]        ; clk          ; clk         ; 0.000        ; 0.081      ; 0.935      ;
; 0.643 ; i2c_master_top:i2c_core|i2c_master_byte_ctrl:u_byte|i2c_master_bit_ctrl:bit_ctrl|\bus_status_ctrl:cSCL[0]        ; i2c_master_top:i2c_core|i2c_master_byte_ctrl:u_byte|i2c_master_bit_ctrl:bit_ctrl|\bus_status_ctrl:cSCL[1]        ; clk          ; clk         ; 0.000        ; 0.081      ; 0.936      ;
; 0.644 ; i2c_master_top:i2c_core|i2c_master_byte_ctrl:u_byte|i2c_master_bit_ctrl:bit_ctrl|c_state.stop_b                  ; i2c_master_top:i2c_core|i2c_master_byte_ctrl:u_byte|i2c_master_bit_ctrl:bit_ctrl|c_state.stop_c                  ; clk          ; clk         ; 0.000        ; 0.080      ; 0.936      ;
; 0.649 ; i2c_master_top:i2c_core|i2c_master_byte_ctrl:u_byte|sr[0]                                                        ; i2c_master_top:i2c_core|i2c_master_byte_ctrl:u_byte|sr[1]                                                        ; clk          ; clk         ; 0.000        ; 0.081      ; 0.942      ;
; 0.652 ; i2c_master_top:i2c_core|i2c_master_byte_ctrl:u_byte|sr[0]                                                        ; temp_data[0]                                                                                                     ; clk          ; clk         ; 0.000        ; 0.081      ; 0.945      ;
; 0.653 ; i2c_master_top:i2c_core|i2c_master_byte_ctrl:u_byte|i2c_master_bit_ctrl:bit_ctrl|ial                             ; i2c_master_top:i2c_core|i2c_master_byte_ctrl:u_byte|i2c_master_bit_ctrl:bit_ctrl|cmd_ack                         ; clk          ; clk         ; 0.000        ; 0.081      ; 0.946      ;
; 0.670 ; i2c_master_top:i2c_core|i2c_master_byte_ctrl:u_byte|i2c_master_bit_ctrl:bit_ctrl|c_state.rd_c                    ; i2c_master_top:i2c_core|i2c_master_byte_ctrl:u_byte|i2c_master_bit_ctrl:bit_ctrl|isda_oen                        ; clk          ; clk         ; 0.000        ; 0.081      ; 0.963      ;
; 0.714 ; i2c_master_top:i2c_core|i2c_master_byte_ctrl:u_byte|\statemachine:c_state.st_idle                                ; i2c_master_top:i2c_core|i2c_master_byte_ctrl:u_byte|\statemachine:c_state.st_start                               ; clk          ; clk         ; 0.000        ; 0.080      ; 1.006      ;
; 0.737 ; reset_counter[2]                                                                                                 ; reset_counter[2]                                                                                                 ; clk          ; clk         ; 0.000        ; 0.080      ; 1.029      ;
; 0.744 ; i2c_master_top:i2c_core|i2c_master_byte_ctrl:u_byte|i2c_master_bit_ctrl:bit_ctrl|\bus_status_ctrl:cSCL[1]        ; i2c_master_top:i2c_core|i2c_master_byte_ctrl:u_byte|i2c_master_bit_ctrl:bit_ctrl|\bus_status_ctrl:fSCL[0]        ; clk          ; clk         ; 0.000        ; 0.081      ; 1.037      ;
; 0.744 ; i2c_master_top:i2c_core|i2c_master_byte_ctrl:u_byte|i2c_master_bit_ctrl:bit_ctrl|\bus_status_ctrl:filter_cnt[2]  ; i2c_master_top:i2c_core|i2c_master_byte_ctrl:u_byte|i2c_master_bit_ctrl:bit_ctrl|\bus_status_ctrl:filter_cnt[2]  ; clk          ; clk         ; 0.000        ; 0.081      ; 1.037      ;
; 0.745 ; i2c_master_top:i2c_core|i2c_master_byte_ctrl:u_byte|i2c_master_bit_ctrl:bit_ctrl|\bus_status_ctrl:filter_cnt[3]  ; i2c_master_top:i2c_core|i2c_master_byte_ctrl:u_byte|i2c_master_bit_ctrl:bit_ctrl|\bus_status_ctrl:filter_cnt[3]  ; clk          ; clk         ; 0.000        ; 0.081      ; 1.038      ;
; 0.746 ; i2c_master_top:i2c_core|i2c_master_byte_ctrl:u_byte|i2c_master_bit_ctrl:bit_ctrl|\bus_status_ctrl:filter_cnt[1]  ; i2c_master_top:i2c_core|i2c_master_byte_ctrl:u_byte|i2c_master_bit_ctrl:bit_ctrl|\bus_status_ctrl:filter_cnt[1]  ; clk          ; clk         ; 0.000        ; 0.081      ; 1.039      ;
; 0.747 ; i2c_master_top:i2c_core|i2c_master_byte_ctrl:u_byte|i2c_master_bit_ctrl:bit_ctrl|\bus_status_ctrl:filter_cnt[8]  ; i2c_master_top:i2c_core|i2c_master_byte_ctrl:u_byte|i2c_master_bit_ctrl:bit_ctrl|\bus_status_ctrl:filter_cnt[8]  ; clk          ; clk         ; 0.000        ; 0.081      ; 1.040      ;
; 0.748 ; i2c_master_top:i2c_core|i2c_master_byte_ctrl:u_byte|i2c_master_bit_ctrl:bit_ctrl|\bus_status_ctrl:filter_cnt[11] ; i2c_master_top:i2c_core|i2c_master_byte_ctrl:u_byte|i2c_master_bit_ctrl:bit_ctrl|\bus_status_ctrl:filter_cnt[11] ; clk          ; clk         ; 0.000        ; 0.081      ; 1.041      ;
; 0.749 ; i2c_master_top:i2c_core|i2c_master_byte_ctrl:u_byte|i2c_master_bit_ctrl:bit_ctrl|\bus_status_ctrl:filter_cnt[9]  ; i2c_master_top:i2c_core|i2c_master_byte_ctrl:u_byte|i2c_master_bit_ctrl:bit_ctrl|\bus_status_ctrl:filter_cnt[9]  ; clk          ; clk         ; 0.000        ; 0.081      ; 1.042      ;
; 0.750 ; i2c_master_top:i2c_core|i2c_master_byte_ctrl:u_byte|i2c_master_bit_ctrl:bit_ctrl|c_state.rd_b                    ; i2c_master_top:i2c_core|i2c_master_byte_ctrl:u_byte|i2c_master_bit_ctrl:bit_ctrl|c_state.rd_c                    ; clk          ; clk         ; 0.000        ; 0.081      ; 1.043      ;
; 0.750 ; i2c_master_top:i2c_core|i2c_master_byte_ctrl:u_byte|i2c_master_bit_ctrl:bit_ctrl|\bus_status_ctrl:fSDA[0]        ; i2c_master_top:i2c_core|i2c_master_byte_ctrl:u_byte|i2c_master_bit_ctrl:bit_ctrl|\bus_status_ctrl:fSDA[1]        ; clk          ; clk         ; 0.000        ; 0.081      ; 1.043      ;
; 0.750 ; i2c_master_top:i2c_core|i2c_master_byte_ctrl:u_byte|i2c_master_bit_ctrl:bit_ctrl|\bus_status_ctrl:fSCL[0]        ; i2c_master_top:i2c_core|i2c_master_byte_ctrl:u_byte|i2c_master_bit_ctrl:bit_ctrl|\bus_status_ctrl:fSCL[1]        ; clk          ; clk         ; 0.000        ; 0.081      ; 1.043      ;
; 0.751 ; i2c_master_top:i2c_core|i2c_master_byte_ctrl:u_byte|i2c_master_bit_ctrl:bit_ctrl|c_state.stop_d                  ; i2c_master_top:i2c_core|i2c_master_byte_ctrl:u_byte|i2c_master_bit_ctrl:bit_ctrl|isda_oen                        ; clk          ; clk         ; 0.000        ; 0.080      ; 1.043      ;
; 0.753 ; i2c_master_top:i2c_core|i2c_master_byte_ctrl:u_byte|i2c_master_bit_ctrl:bit_ctrl|\bus_status_ctrl:fSDA[1]        ; i2c_master_top:i2c_core|i2c_master_byte_ctrl:u_byte|i2c_master_bit_ctrl:bit_ctrl|\bus_status_ctrl:fSDA[2]        ; clk          ; clk         ; 0.000        ; 0.081      ; 1.046      ;
; 0.754 ; i2c_master_top:i2c_core|i2c_master_byte_ctrl:u_byte|i2c_master_bit_ctrl:bit_ctrl|\bus_status_ctrl:fSCL[1]        ; i2c_master_top:i2c_core|i2c_master_byte_ctrl:u_byte|i2c_master_bit_ctrl:bit_ctrl|\bus_status_ctrl:fSCL[2]        ; clk          ; clk         ; 0.000        ; 0.081      ; 1.047      ;
; 0.757 ; reset_counter[1]                                                                                                 ; reset_counter[1]                                                                                                 ; clk          ; clk         ; 0.000        ; 0.080      ; 1.049      ;
; 0.760 ; i2c_master_top:i2c_core|i2c_master_byte_ctrl:u_byte|i2c_master_bit_ctrl:bit_ctrl|\bus_status_ctrl:fSCL[2]        ; i2c_master_top:i2c_core|i2c_master_byte_ctrl:u_byte|i2c_master_bit_ctrl:bit_ctrl|sSCL                            ; clk          ; clk         ; 0.000        ; 0.081      ; 1.053      ;
; 0.761 ; reset_counter[16]                                                                                                ; reset_counter[16]                                                                                                ; clk          ; clk         ; 0.000        ; 0.081      ; 1.054      ;
; 0.762 ; i2c_master_top:i2c_core|i2c_master_byte_ctrl:u_byte|i2c_master_bit_ctrl:bit_ctrl|c_state.stop_c                  ; i2c_master_top:i2c_core|i2c_master_byte_ctrl:u_byte|i2c_master_bit_ctrl:bit_ctrl|c_state.stop_d                  ; clk          ; clk         ; 0.000        ; 0.080      ; 1.054      ;
; 0.762 ; i2c_master_top:i2c_core|i2c_master_byte_ctrl:u_byte|i2c_master_bit_ctrl:bit_ctrl|\bus_status_ctrl:filter_cnt[6]  ; i2c_master_top:i2c_core|i2c_master_byte_ctrl:u_byte|i2c_master_bit_ctrl:bit_ctrl|\bus_status_ctrl:filter_cnt[6]  ; clk          ; clk         ; 0.000        ; 0.081      ; 1.055      ;
; 0.762 ; reset_counter[6]                                                                                                 ; reset_counter[6]                                                                                                 ; clk          ; clk         ; 0.000        ; 0.080      ; 1.054      ;
; 0.762 ; reset_counter[22]                                                                                                ; reset_counter[22]                                                                                                ; clk          ; clk         ; 0.000        ; 0.081      ; 1.055      ;
; 0.762 ; reset_counter[18]                                                                                                ; reset_counter[18]                                                                                                ; clk          ; clk         ; 0.000        ; 0.081      ; 1.055      ;
; 0.763 ; i2c_master_top:i2c_core|i2c_master_byte_ctrl:u_byte|i2c_master_bit_ctrl:bit_ctrl|\bus_status_ctrl:filter_cnt[4]  ; i2c_master_top:i2c_core|i2c_master_byte_ctrl:u_byte|i2c_master_bit_ctrl:bit_ctrl|\bus_status_ctrl:filter_cnt[4]  ; clk          ; clk         ; 0.000        ; 0.081      ; 1.056      ;
; 0.763 ; reset_counter[3]                                                                                                 ; reset_counter[3]                                                                                                 ; clk          ; clk         ; 0.000        ; 0.080      ; 1.055      ;
; 0.763 ; reset_counter[4]                                                                                                 ; reset_counter[4]                                                                                                 ; clk          ; clk         ; 0.000        ; 0.080      ; 1.055      ;
; 0.763 ; reset_counter[12]                                                                                                ; reset_counter[12]                                                                                                ; clk          ; clk         ; 0.000        ; 0.080      ; 1.055      ;
; 0.763 ; reset_counter[14]                                                                                                ; reset_counter[14]                                                                                                ; clk          ; clk         ; 0.000        ; 0.080      ; 1.055      ;
; 0.763 ; reset_counter[15]                                                                                                ; reset_counter[15]                                                                                                ; clk          ; clk         ; 0.000        ; 0.080      ; 1.055      ;
; 0.763 ; reset_counter[19]                                                                                                ; reset_counter[19]                                                                                                ; clk          ; clk         ; 0.000        ; 0.081      ; 1.056      ;
; 0.763 ; reset_counter[20]                                                                                                ; reset_counter[20]                                                                                                ; clk          ; clk         ; 0.000        ; 0.081      ; 1.056      ;
; 0.763 ; reset_counter[30]                                                                                                ; reset_counter[30]                                                                                                ; clk          ; clk         ; 0.000        ; 0.081      ; 1.056      ;
; 0.764 ; i2c_master_top:i2c_core|i2c_master_byte_ctrl:u_byte|i2c_master_bit_ctrl:bit_ctrl|\bus_status_ctrl:filter_cnt[5]  ; i2c_master_top:i2c_core|i2c_master_byte_ctrl:u_byte|i2c_master_bit_ctrl:bit_ctrl|\bus_status_ctrl:filter_cnt[5]  ; clk          ; clk         ; 0.000        ; 0.081      ; 1.057      ;
; 0.764 ; i2c_master_top:i2c_core|i2c_master_byte_ctrl:u_byte|i2c_master_bit_ctrl:bit_ctrl|\bus_status_ctrl:filter_cnt[10] ; i2c_master_top:i2c_core|i2c_master_byte_ctrl:u_byte|i2c_master_bit_ctrl:bit_ctrl|\bus_status_ctrl:filter_cnt[10] ; clk          ; clk         ; 0.000        ; 0.081      ; 1.057      ;
; 0.764 ; i2c_master_top:i2c_core|i2c_master_byte_ctrl:u_byte|i2c_master_bit_ctrl:bit_ctrl|\bus_status_ctrl:filter_cnt[12] ; i2c_master_top:i2c_core|i2c_master_byte_ctrl:u_byte|i2c_master_bit_ctrl:bit_ctrl|\bus_status_ctrl:filter_cnt[12] ; clk          ; clk         ; 0.000        ; 0.081      ; 1.057      ;
; 0.764 ; reset_counter[8]                                                                                                 ; reset_counter[8]                                                                                                 ; clk          ; clk         ; 0.000        ; 0.080      ; 1.056      ;
; 0.764 ; reset_counter[5]                                                                                                 ; reset_counter[5]                                                                                                 ; clk          ; clk         ; 0.000        ; 0.080      ; 1.056      ;
; 0.764 ; reset_counter[10]                                                                                                ; reset_counter[10]                                                                                                ; clk          ; clk         ; 0.000        ; 0.080      ; 1.056      ;
+-------+------------------------------------------------------------------------------------------------------------------+------------------------------------------------------------------------------------------------------------------+--------------+-------------+--------------+------------+------------+


-----------------------------------------------
; Slow 1200mV 85C Model Metastability Summary ;
-----------------------------------------------
No synchronizer chains to report.


+--------------------------------------------------+
; Slow 1200mV 0C Model Fmax Summary                ;
+------------+-----------------+------------+------+
; Fmax       ; Restricted Fmax ; Clock Name ; Note ;
+------------+-----------------+------------+------+
; 232.88 MHz ; 232.88 MHz      ; clk        ;      ;
+------------+-----------------+------------+------+
This panel reports FMAX for every clock in the design, regardless of the user-specified clock periods.  FMAX is only computed for paths where the source and destination registers or ports are driven by the same clock.  Paths of different clocks, including generated clocks, are ignored.  For paths between a clock and its inversion, FMAX is computed as if the rising and falling edges are scaled along with FMAX, such that the duty cycle (in terms of a percentage) is maintained. Altera recommends that you always use clock constraints and other slack reports for sign-off analysis.


+------------------------------------+
; Slow 1200mV 0C Model Setup Summary ;
+-------+--------+-------------------+
; Clock ; Slack  ; End Point TNS     ;
+-------+--------+-------------------+
; clk   ; -3.294 ; -417.135          ;
+-------+--------+-------------------+


+-----------------------------------+
; Slow 1200mV 0C Model Hold Summary ;
+-------+-------+-------------------+
; Clock ; Slack ; End Point TNS     ;
+-------+-------+-------------------+
; clk   ; 0.401 ; 0.000             ;
+-------+-------+-------------------+


-----------------------------------------
; Slow 1200mV 0C Model Recovery Summary ;
-----------------------------------------
No paths to report.


----------------------------------------
; Slow 1200mV 0C Model Removal Summary ;
----------------------------------------
No paths to report.


+--------------------------------------------------+
; Slow 1200mV 0C Model Minimum Pulse Width Summary ;
+-------+--------+---------------------------------+
; Clock ; Slack  ; End Point TNS                   ;
+-------+--------+---------------------------------+
; clk   ; -3.000 ; -275.121                        ;
+-------+--------+---------------------------------+


+-------------------------------------------------------------------------------------------------------------------------------------------------------------------------------------------------------------------------------------------------------------------+
; Slow 1200mV 0C Model Setup: 'clk'                                                                                                                                                                                                                                 ;
+--------+-----------------------------------------------------------------------------------------+------------------------------------------------------------------------------------------+--------------+-------------+--------------+------------+------------+
; Slack  ; From Node                                                                               ; To Node                                                                                  ; Launch Clock ; Latch Clock ; Relationship ; Clock Skew ; Data Delay ;
+--------+-----------------------------------------------------------------------------------------+------------------------------------------------------------------------------------------+--------------+-------------+--------------+------------+------------+
; -3.294 ; reset_counter[17]                                                                       ; reset_counter[8]                                                                         ; clk          ; clk         ; 1.000        ; -0.072     ; 4.224      ;
; -3.294 ; reset_counter[17]                                                                       ; reset_counter[1]                                                                         ; clk          ; clk         ; 1.000        ; -0.072     ; 4.224      ;
; -3.294 ; reset_counter[17]                                                                       ; reset_counter[0]                                                                         ; clk          ; clk         ; 1.000        ; -0.072     ; 4.224      ;
; -3.294 ; reset_counter[17]                                                                       ; reset_counter[2]                                                                         ; clk          ; clk         ; 1.000        ; -0.072     ; 4.224      ;
; -3.294 ; reset_counter[17]                                                                       ; reset_counter[3]                                                                         ; clk          ; clk         ; 1.000        ; -0.072     ; 4.224      ;
; -3.294 ; reset_counter[17]                                                                       ; reset_counter[4]                                                                         ; clk          ; clk         ; 1.000        ; -0.072     ; 4.224      ;
; -3.294 ; reset_counter[17]                                                                       ; reset_counter[5]                                                                         ; clk          ; clk         ; 1.000        ; -0.072     ; 4.224      ;
; -3.294 ; reset_counter[17]                                                                       ; reset_counter[6]                                                                         ; clk          ; clk         ; 1.000        ; -0.072     ; 4.224      ;
; -3.294 ; reset_counter[17]                                                                       ; reset_counter[7]                                                                         ; clk          ; clk         ; 1.000        ; -0.072     ; 4.224      ;
; -3.294 ; reset_counter[17]                                                                       ; reset_counter[9]                                                                         ; clk          ; clk         ; 1.000        ; -0.072     ; 4.224      ;
; -3.294 ; reset_counter[17]                                                                       ; reset_counter[12]                                                                        ; clk          ; clk         ; 1.000        ; -0.072     ; 4.224      ;
; -3.294 ; reset_counter[17]                                                                       ; reset_counter[10]                                                                        ; clk          ; clk         ; 1.000        ; -0.072     ; 4.224      ;
; -3.294 ; reset_counter[17]                                                                       ; reset_counter[11]                                                                        ; clk          ; clk         ; 1.000        ; -0.072     ; 4.224      ;
; -3.294 ; reset_counter[17]                                                                       ; reset_counter[13]                                                                        ; clk          ; clk         ; 1.000        ; -0.072     ; 4.224      ;
; -3.294 ; reset_counter[17]                                                                       ; reset_counter[14]                                                                        ; clk          ; clk         ; 1.000        ; -0.072     ; 4.224      ;
; -3.294 ; reset_counter[17]                                                                       ; reset_counter[15]                                                                        ; clk          ; clk         ; 1.000        ; -0.072     ; 4.224      ;
; -3.264 ; i2c_master_top:i2c_core|i2c_master_byte_ctrl:u_byte|i2c_master_bit_ctrl:bit_ctrl|cnt[5] ; i2c_master_top:i2c_core|i2c_master_byte_ctrl:u_byte|i2c_master_bit_ctrl:bit_ctrl|cnt[11] ; clk          ; clk         ; 1.000        ; -0.073     ; 4.193      ;
; -3.261 ; i2c_master_top:i2c_core|i2c_master_byte_ctrl:u_byte|i2c_master_bit_ctrl:bit_ctrl|cnt[5] ; i2c_master_top:i2c_core|i2c_master_byte_ctrl:u_byte|i2c_master_bit_ctrl:bit_ctrl|cnt[9]  ; clk          ; clk         ; 1.000        ; -0.073     ; 4.190      ;
; -3.260 ; i2c_master_top:i2c_core|i2c_master_byte_ctrl:u_byte|i2c_master_bit_ctrl:bit_ctrl|cnt[5] ; i2c_master_top:i2c_core|i2c_master_byte_ctrl:u_byte|i2c_master_bit_ctrl:bit_ctrl|cnt[8]  ; clk          ; clk         ; 1.000        ; -0.073     ; 4.189      ;
; -3.257 ; i2c_master_top:i2c_core|i2c_master_byte_ctrl:u_byte|i2c_master_bit_ctrl:bit_ctrl|cnt[7] ; i2c_master_top:i2c_core|i2c_master_byte_ctrl:u_byte|i2c_master_bit_ctrl:bit_ctrl|cnt[11] ; clk          ; clk         ; 1.000        ; -0.073     ; 4.186      ;
; -3.254 ; i2c_master_top:i2c_core|i2c_master_byte_ctrl:u_byte|i2c_master_bit_ctrl:bit_ctrl|cnt[7] ; i2c_master_top:i2c_core|i2c_master_byte_ctrl:u_byte|i2c_master_bit_ctrl:bit_ctrl|cnt[9]  ; clk          ; clk         ; 1.000        ; -0.073     ; 4.183      ;
; -3.253 ; i2c_master_top:i2c_core|i2c_master_byte_ctrl:u_byte|i2c_master_bit_ctrl:bit_ctrl|cnt[7] ; i2c_master_top:i2c_core|i2c_master_byte_ctrl:u_byte|i2c_master_bit_ctrl:bit_ctrl|cnt[8]  ; clk          ; clk         ; 1.000        ; -0.073     ; 4.182      ;
; -3.145 ; reset_counter[17]                                                                       ; internal_reset                                                                           ; clk          ; clk         ; 1.000        ; -0.073     ; 4.074      ;
; -3.113 ; reset_counter[19]                                                                       ; reset_counter[8]                                                                         ; clk          ; clk         ; 1.000        ; -0.072     ; 4.043      ;
; -3.113 ; reset_counter[19]                                                                       ; reset_counter[1]                                                                         ; clk          ; clk         ; 1.000        ; -0.072     ; 4.043      ;
; -3.113 ; reset_counter[19]                                                                       ; reset_counter[0]                                                                         ; clk          ; clk         ; 1.000        ; -0.072     ; 4.043      ;
; -3.113 ; reset_counter[19]                                                                       ; reset_counter[2]                                                                         ; clk          ; clk         ; 1.000        ; -0.072     ; 4.043      ;
; -3.113 ; reset_counter[19]                                                                       ; reset_counter[3]                                                                         ; clk          ; clk         ; 1.000        ; -0.072     ; 4.043      ;
; -3.113 ; reset_counter[19]                                                                       ; reset_counter[4]                                                                         ; clk          ; clk         ; 1.000        ; -0.072     ; 4.043      ;
; -3.113 ; reset_counter[19]                                                                       ; reset_counter[5]                                                                         ; clk          ; clk         ; 1.000        ; -0.072     ; 4.043      ;
; -3.113 ; reset_counter[19]                                                                       ; reset_counter[6]                                                                         ; clk          ; clk         ; 1.000        ; -0.072     ; 4.043      ;
; -3.113 ; reset_counter[19]                                                                       ; reset_counter[7]                                                                         ; clk          ; clk         ; 1.000        ; -0.072     ; 4.043      ;
; -3.113 ; reset_counter[19]                                                                       ; reset_counter[9]                                                                         ; clk          ; clk         ; 1.000        ; -0.072     ; 4.043      ;
; -3.113 ; reset_counter[19]                                                                       ; reset_counter[12]                                                                        ; clk          ; clk         ; 1.000        ; -0.072     ; 4.043      ;
; -3.113 ; reset_counter[19]                                                                       ; reset_counter[10]                                                                        ; clk          ; clk         ; 1.000        ; -0.072     ; 4.043      ;
; -3.113 ; reset_counter[19]                                                                       ; reset_counter[11]                                                                        ; clk          ; clk         ; 1.000        ; -0.072     ; 4.043      ;
; -3.113 ; reset_counter[19]                                                                       ; reset_counter[13]                                                                        ; clk          ; clk         ; 1.000        ; -0.072     ; 4.043      ;
; -3.113 ; reset_counter[19]                                                                       ; reset_counter[14]                                                                        ; clk          ; clk         ; 1.000        ; -0.072     ; 4.043      ;
; -3.113 ; reset_counter[19]                                                                       ; reset_counter[15]                                                                        ; clk          ; clk         ; 1.000        ; -0.072     ; 4.043      ;
; -3.085 ; i2c_master_top:i2c_core|i2c_master_byte_ctrl:u_byte|i2c_master_bit_ctrl:bit_ctrl|cnt[4] ; i2c_master_top:i2c_core|i2c_master_byte_ctrl:u_byte|i2c_master_bit_ctrl:bit_ctrl|cnt[11] ; clk          ; clk         ; 1.000        ; -0.073     ; 4.014      ;
; -3.082 ; reset_counter[13]                                                                       ; reset_counter[8]                                                                         ; clk          ; clk         ; 1.000        ; -0.072     ; 4.012      ;
; -3.082 ; reset_counter[13]                                                                       ; reset_counter[1]                                                                         ; clk          ; clk         ; 1.000        ; -0.072     ; 4.012      ;
; -3.082 ; reset_counter[13]                                                                       ; reset_counter[0]                                                                         ; clk          ; clk         ; 1.000        ; -0.072     ; 4.012      ;
; -3.082 ; reset_counter[13]                                                                       ; reset_counter[2]                                                                         ; clk          ; clk         ; 1.000        ; -0.072     ; 4.012      ;
; -3.082 ; reset_counter[13]                                                                       ; reset_counter[3]                                                                         ; clk          ; clk         ; 1.000        ; -0.072     ; 4.012      ;
; -3.082 ; reset_counter[13]                                                                       ; reset_counter[4]                                                                         ; clk          ; clk         ; 1.000        ; -0.072     ; 4.012      ;
; -3.082 ; reset_counter[13]                                                                       ; reset_counter[5]                                                                         ; clk          ; clk         ; 1.000        ; -0.072     ; 4.012      ;
; -3.082 ; reset_counter[13]                                                                       ; reset_counter[6]                                                                         ; clk          ; clk         ; 1.000        ; -0.072     ; 4.012      ;
; -3.082 ; reset_counter[13]                                                                       ; reset_counter[7]                                                                         ; clk          ; clk         ; 1.000        ; -0.072     ; 4.012      ;
; -3.082 ; reset_counter[13]                                                                       ; reset_counter[9]                                                                         ; clk          ; clk         ; 1.000        ; -0.072     ; 4.012      ;
; -3.082 ; reset_counter[13]                                                                       ; reset_counter[12]                                                                        ; clk          ; clk         ; 1.000        ; -0.072     ; 4.012      ;
; -3.082 ; reset_counter[13]                                                                       ; reset_counter[10]                                                                        ; clk          ; clk         ; 1.000        ; -0.072     ; 4.012      ;
; -3.082 ; reset_counter[13]                                                                       ; reset_counter[11]                                                                        ; clk          ; clk         ; 1.000        ; -0.072     ; 4.012      ;
; -3.082 ; reset_counter[13]                                                                       ; reset_counter[13]                                                                        ; clk          ; clk         ; 1.000        ; -0.072     ; 4.012      ;
; -3.082 ; reset_counter[13]                                                                       ; reset_counter[14]                                                                        ; clk          ; clk         ; 1.000        ; -0.072     ; 4.012      ;
; -3.082 ; reset_counter[13]                                                                       ; reset_counter[15]                                                                        ; clk          ; clk         ; 1.000        ; -0.072     ; 4.012      ;
; -3.082 ; i2c_master_top:i2c_core|i2c_master_byte_ctrl:u_byte|i2c_master_bit_ctrl:bit_ctrl|cnt[4] ; i2c_master_top:i2c_core|i2c_master_byte_ctrl:u_byte|i2c_master_bit_ctrl:bit_ctrl|cnt[9]  ; clk          ; clk         ; 1.000        ; -0.073     ; 4.011      ;
; -3.081 ; i2c_master_top:i2c_core|i2c_master_byte_ctrl:u_byte|i2c_master_bit_ctrl:bit_ctrl|cnt[4] ; i2c_master_top:i2c_core|i2c_master_byte_ctrl:u_byte|i2c_master_bit_ctrl:bit_ctrl|cnt[8]  ; clk          ; clk         ; 1.000        ; -0.073     ; 4.010      ;
; -3.069 ; reset_counter[14]                                                                       ; reset_counter[8]                                                                         ; clk          ; clk         ; 1.000        ; -0.072     ; 3.999      ;
; -3.069 ; reset_counter[14]                                                                       ; reset_counter[1]                                                                         ; clk          ; clk         ; 1.000        ; -0.072     ; 3.999      ;
; -3.069 ; reset_counter[14]                                                                       ; reset_counter[0]                                                                         ; clk          ; clk         ; 1.000        ; -0.072     ; 3.999      ;
; -3.069 ; reset_counter[14]                                                                       ; reset_counter[2]                                                                         ; clk          ; clk         ; 1.000        ; -0.072     ; 3.999      ;
; -3.069 ; reset_counter[14]                                                                       ; reset_counter[3]                                                                         ; clk          ; clk         ; 1.000        ; -0.072     ; 3.999      ;
; -3.069 ; reset_counter[14]                                                                       ; reset_counter[4]                                                                         ; clk          ; clk         ; 1.000        ; -0.072     ; 3.999      ;
; -3.069 ; reset_counter[14]                                                                       ; reset_counter[5]                                                                         ; clk          ; clk         ; 1.000        ; -0.072     ; 3.999      ;
; -3.069 ; reset_counter[14]                                                                       ; reset_counter[6]                                                                         ; clk          ; clk         ; 1.000        ; -0.072     ; 3.999      ;
; -3.069 ; reset_counter[14]                                                                       ; reset_counter[7]                                                                         ; clk          ; clk         ; 1.000        ; -0.072     ; 3.999      ;
; -3.069 ; reset_counter[14]                                                                       ; reset_counter[9]                                                                         ; clk          ; clk         ; 1.000        ; -0.072     ; 3.999      ;
; -3.069 ; reset_counter[14]                                                                       ; reset_counter[12]                                                                        ; clk          ; clk         ; 1.000        ; -0.072     ; 3.999      ;
; -3.069 ; reset_counter[14]                                                                       ; reset_counter[10]                                                                        ; clk          ; clk         ; 1.000        ; -0.072     ; 3.999      ;
; -3.069 ; reset_counter[14]                                                                       ; reset_counter[11]                                                                        ; clk          ; clk         ; 1.000        ; -0.072     ; 3.999      ;
; -3.069 ; reset_counter[14]                                                                       ; reset_counter[13]                                                                        ; clk          ; clk         ; 1.000        ; -0.072     ; 3.999      ;
; -3.069 ; reset_counter[14]                                                                       ; reset_counter[14]                                                                        ; clk          ; clk         ; 1.000        ; -0.072     ; 3.999      ;
; -3.069 ; reset_counter[14]                                                                       ; reset_counter[15]                                                                        ; clk          ; clk         ; 1.000        ; -0.072     ; 3.999      ;
; -3.057 ; reset_counter[11]                                                                       ; reset_counter[8]                                                                         ; clk          ; clk         ; 1.000        ; -0.072     ; 3.987      ;
; -3.057 ; reset_counter[11]                                                                       ; reset_counter[1]                                                                         ; clk          ; clk         ; 1.000        ; -0.072     ; 3.987      ;
; -3.057 ; reset_counter[11]                                                                       ; reset_counter[0]                                                                         ; clk          ; clk         ; 1.000        ; -0.072     ; 3.987      ;
; -3.057 ; reset_counter[11]                                                                       ; reset_counter[2]                                                                         ; clk          ; clk         ; 1.000        ; -0.072     ; 3.987      ;
; -3.057 ; reset_counter[11]                                                                       ; reset_counter[3]                                                                         ; clk          ; clk         ; 1.000        ; -0.072     ; 3.987      ;
; -3.057 ; reset_counter[11]                                                                       ; reset_counter[4]                                                                         ; clk          ; clk         ; 1.000        ; -0.072     ; 3.987      ;
; -3.057 ; reset_counter[11]                                                                       ; reset_counter[5]                                                                         ; clk          ; clk         ; 1.000        ; -0.072     ; 3.987      ;
; -3.057 ; reset_counter[11]                                                                       ; reset_counter[6]                                                                         ; clk          ; clk         ; 1.000        ; -0.072     ; 3.987      ;
; -3.057 ; reset_counter[11]                                                                       ; reset_counter[7]                                                                         ; clk          ; clk         ; 1.000        ; -0.072     ; 3.987      ;
; -3.057 ; reset_counter[11]                                                                       ; reset_counter[9]                                                                         ; clk          ; clk         ; 1.000        ; -0.072     ; 3.987      ;
; -3.057 ; reset_counter[11]                                                                       ; reset_counter[12]                                                                        ; clk          ; clk         ; 1.000        ; -0.072     ; 3.987      ;
; -3.057 ; reset_counter[11]                                                                       ; reset_counter[10]                                                                        ; clk          ; clk         ; 1.000        ; -0.072     ; 3.987      ;
; -3.057 ; reset_counter[11]                                                                       ; reset_counter[11]                                                                        ; clk          ; clk         ; 1.000        ; -0.072     ; 3.987      ;
; -3.057 ; reset_counter[11]                                                                       ; reset_counter[13]                                                                        ; clk          ; clk         ; 1.000        ; -0.072     ; 3.987      ;
; -3.057 ; reset_counter[11]                                                                       ; reset_counter[14]                                                                        ; clk          ; clk         ; 1.000        ; -0.072     ; 3.987      ;
; -3.057 ; reset_counter[11]                                                                       ; reset_counter[15]                                                                        ; clk          ; clk         ; 1.000        ; -0.072     ; 3.987      ;
; -3.055 ; reset_counter[26]                                                                       ; reset_counter[8]                                                                         ; clk          ; clk         ; 1.000        ; -0.072     ; 3.985      ;
; -3.055 ; reset_counter[26]                                                                       ; reset_counter[1]                                                                         ; clk          ; clk         ; 1.000        ; -0.072     ; 3.985      ;
; -3.055 ; reset_counter[26]                                                                       ; reset_counter[0]                                                                         ; clk          ; clk         ; 1.000        ; -0.072     ; 3.985      ;
; -3.055 ; reset_counter[26]                                                                       ; reset_counter[2]                                                                         ; clk          ; clk         ; 1.000        ; -0.072     ; 3.985      ;
; -3.055 ; reset_counter[26]                                                                       ; reset_counter[3]                                                                         ; clk          ; clk         ; 1.000        ; -0.072     ; 3.985      ;
; -3.055 ; reset_counter[26]                                                                       ; reset_counter[4]                                                                         ; clk          ; clk         ; 1.000        ; -0.072     ; 3.985      ;
; -3.055 ; reset_counter[26]                                                                       ; reset_counter[5]                                                                         ; clk          ; clk         ; 1.000        ; -0.072     ; 3.985      ;
; -3.055 ; reset_counter[26]                                                                       ; reset_counter[6]                                                                         ; clk          ; clk         ; 1.000        ; -0.072     ; 3.985      ;
; -3.055 ; reset_counter[26]                                                                       ; reset_counter[7]                                                                         ; clk          ; clk         ; 1.000        ; -0.072     ; 3.985      ;
; -3.055 ; reset_counter[26]                                                                       ; reset_counter[9]                                                                         ; clk          ; clk         ; 1.000        ; -0.072     ; 3.985      ;
+--------+-----------------------------------------------------------------------------------------+------------------------------------------------------------------------------------------+--------------+-------------+--------------+------------+------------+


+-------------------------------------------------------------------------------------------------------------------------------------------------------------------------------------------------------------------------------------------------------------------------------------------------------------------+
; Slow 1200mV 0C Model Hold: 'clk'                                                                                                                                                                                                                                                                                  ;
+-------+------------------------------------------------------------------------------------------------------------------+------------------------------------------------------------------------------------------------------------------+--------------+-------------+--------------+------------+------------+
; Slack ; From Node                                                                                                        ; To Node                                                                                                          ; Launch Clock ; Latch Clock ; Relationship ; Clock Skew ; Data Delay ;
+-------+------------------------------------------------------------------------------------------------------------------+------------------------------------------------------------------------------------------------------------------+--------------+-------------+--------------+------------+------------+
; 0.401 ; i2c_master_top:i2c_core|i2c_master_byte_ctrl:u_byte|\statemachine:c_state.st_read                                ; i2c_master_top:i2c_core|i2c_master_byte_ctrl:u_byte|\statemachine:c_state.st_read                                ; clk          ; clk         ; 0.000        ; 0.073      ; 0.669      ;
; 0.401 ; i2c_master_top:i2c_core|i2c_master_byte_ctrl:u_byte|\statemachine:c_state.st_ack                                 ; i2c_master_top:i2c_core|i2c_master_byte_ctrl:u_byte|\statemachine:c_state.st_ack                                 ; clk          ; clk         ; 0.000        ; 0.073      ; 0.669      ;
; 0.401 ; i2c_master_top:i2c_core|i2c_master_byte_ctrl:u_byte|core_cmd[1]                                                  ; i2c_master_top:i2c_core|i2c_master_byte_ctrl:u_byte|core_cmd[1]                                                  ; clk          ; clk         ; 0.000        ; 0.073      ; 0.669      ;
; 0.401 ; i2c_master_top:i2c_core|i2c_master_byte_ctrl:u_byte|\statemachine:c_state.st_write                               ; i2c_master_top:i2c_core|i2c_master_byte_ctrl:u_byte|\statemachine:c_state.st_write                               ; clk          ; clk         ; 0.000        ; 0.073      ; 0.669      ;
; 0.401 ; i2c_master_top:i2c_core|i2c_master_byte_ctrl:u_byte|\statemachine:c_state.st_stop                                ; i2c_master_top:i2c_core|i2c_master_byte_ctrl:u_byte|\statemachine:c_state.st_stop                                ; clk          ; clk         ; 0.000        ; 0.073      ; 0.669      ;
; 0.401 ; i2c_master_top:i2c_core|i2c_master_byte_ctrl:u_byte|i2c_master_bit_ctrl:bit_ctrl|cnt[3]                          ; i2c_master_top:i2c_core|i2c_master_byte_ctrl:u_byte|i2c_master_bit_ctrl:bit_ctrl|cnt[3]                          ; clk          ; clk         ; 0.000        ; 0.073      ; 0.669      ;
; 0.401 ; i2c_master_top:i2c_core|i2c_master_byte_ctrl:u_byte|i2c_master_bit_ctrl:bit_ctrl|cnt[0]                          ; i2c_master_top:i2c_core|i2c_master_byte_ctrl:u_byte|i2c_master_bit_ctrl:bit_ctrl|cnt[0]                          ; clk          ; clk         ; 0.000        ; 0.073      ; 0.669      ;
; 0.401 ; i2c_master_top:i2c_core|i2c_master_byte_ctrl:u_byte|i2c_master_bit_ctrl:bit_ctrl|cnt[1]                          ; i2c_master_top:i2c_core|i2c_master_byte_ctrl:u_byte|i2c_master_bit_ctrl:bit_ctrl|cnt[1]                          ; clk          ; clk         ; 0.000        ; 0.073      ; 0.669      ;
; 0.401 ; i2c_master_top:i2c_core|i2c_master_byte_ctrl:u_byte|i2c_master_bit_ctrl:bit_ctrl|cnt[2]                          ; i2c_master_top:i2c_core|i2c_master_byte_ctrl:u_byte|i2c_master_bit_ctrl:bit_ctrl|cnt[2]                          ; clk          ; clk         ; 0.000        ; 0.073      ; 0.669      ;
; 0.401 ; i2c_master_top:i2c_core|i2c_master_byte_ctrl:u_byte|i2c_master_bit_ctrl:bit_ctrl|cnt[6]                          ; i2c_master_top:i2c_core|i2c_master_byte_ctrl:u_byte|i2c_master_bit_ctrl:bit_ctrl|cnt[6]                          ; clk          ; clk         ; 0.000        ; 0.073      ; 0.669      ;
; 0.401 ; i2c_master_top:i2c_core|i2c_master_byte_ctrl:u_byte|i2c_master_bit_ctrl:bit_ctrl|cnt[4]                          ; i2c_master_top:i2c_core|i2c_master_byte_ctrl:u_byte|i2c_master_bit_ctrl:bit_ctrl|cnt[4]                          ; clk          ; clk         ; 0.000        ; 0.073      ; 0.669      ;
; 0.401 ; i2c_master_top:i2c_core|i2c_master_byte_ctrl:u_byte|i2c_master_bit_ctrl:bit_ctrl|cnt[5]                          ; i2c_master_top:i2c_core|i2c_master_byte_ctrl:u_byte|i2c_master_bit_ctrl:bit_ctrl|cnt[5]                          ; clk          ; clk         ; 0.000        ; 0.073      ; 0.669      ;
; 0.401 ; i2c_master_top:i2c_core|i2c_master_byte_ctrl:u_byte|i2c_master_bit_ctrl:bit_ctrl|cnt[7]                          ; i2c_master_top:i2c_core|i2c_master_byte_ctrl:u_byte|i2c_master_bit_ctrl:bit_ctrl|cnt[7]                          ; clk          ; clk         ; 0.000        ; 0.073      ; 0.669      ;
; 0.401 ; i2c_master_top:i2c_core|i2c_master_byte_ctrl:u_byte|i2c_master_bit_ctrl:bit_ctrl|cnt[8]                          ; i2c_master_top:i2c_core|i2c_master_byte_ctrl:u_byte|i2c_master_bit_ctrl:bit_ctrl|cnt[8]                          ; clk          ; clk         ; 0.000        ; 0.073      ; 0.669      ;
; 0.401 ; i2c_master_top:i2c_core|i2c_master_byte_ctrl:u_byte|i2c_master_bit_ctrl:bit_ctrl|cnt[10]                         ; i2c_master_top:i2c_core|i2c_master_byte_ctrl:u_byte|i2c_master_bit_ctrl:bit_ctrl|cnt[10]                         ; clk          ; clk         ; 0.000        ; 0.073      ; 0.669      ;
; 0.401 ; i2c_master_top:i2c_core|i2c_master_byte_ctrl:u_byte|i2c_master_bit_ctrl:bit_ctrl|cnt[9]                          ; i2c_master_top:i2c_core|i2c_master_byte_ctrl:u_byte|i2c_master_bit_ctrl:bit_ctrl|cnt[9]                          ; clk          ; clk         ; 0.000        ; 0.073      ; 0.669      ;
; 0.401 ; i2c_master_top:i2c_core|i2c_master_byte_ctrl:u_byte|i2c_master_bit_ctrl:bit_ctrl|cnt[11]                         ; i2c_master_top:i2c_core|i2c_master_byte_ctrl:u_byte|i2c_master_bit_ctrl:bit_ctrl|cnt[11]                         ; clk          ; clk         ; 0.000        ; 0.073      ; 0.669      ;
; 0.402 ; i2c_master_top:i2c_core|i2c_master_byte_ctrl:u_byte|i2c_master_bit_ctrl:bit_ctrl|dout                            ; i2c_master_top:i2c_core|i2c_master_byte_ctrl:u_byte|i2c_master_bit_ctrl:bit_ctrl|dout                            ; clk          ; clk         ; 0.000        ; 0.072      ; 0.669      ;
; 0.402 ; i2c_master_top:i2c_core|i2c_master_byte_ctrl:u_byte|dcnt[1]                                                      ; i2c_master_top:i2c_core|i2c_master_byte_ctrl:u_byte|dcnt[1]                                                      ; clk          ; clk         ; 0.000        ; 0.072      ; 0.669      ;
; 0.402 ; i2c_master_top:i2c_core|i2c_master_byte_ctrl:u_byte|core_cmd[0]                                                  ; i2c_master_top:i2c_core|i2c_master_byte_ctrl:u_byte|core_cmd[0]                                                  ; clk          ; clk         ; 0.000        ; 0.072      ; 0.669      ;
; 0.402 ; i2c_master_top:i2c_core|i2c_master_byte_ctrl:u_byte|i2c_master_bit_ctrl:bit_ctrl|c_state.idle                    ; i2c_master_top:i2c_core|i2c_master_byte_ctrl:u_byte|i2c_master_bit_ctrl:bit_ctrl|c_state.idle                    ; clk          ; clk         ; 0.000        ; 0.072      ; 0.669      ;
; 0.402 ; i2c_master_top:i2c_core|i2c_master_byte_ctrl:u_byte|i2c_master_bit_ctrl:bit_ctrl|\bus_status_ctrl:cmd_stop       ; i2c_master_top:i2c_core|i2c_master_byte_ctrl:u_byte|i2c_master_bit_ctrl:bit_ctrl|\bus_status_ctrl:cmd_stop       ; clk          ; clk         ; 0.000        ; 0.072      ; 0.669      ;
; 0.402 ; i2c_din[7]                                                                                                       ; i2c_din[7]                                                                                                       ; clk          ; clk         ; 0.000        ; 0.072      ; 0.669      ;
; 0.402 ; i2c_master_top:i2c_core|i2c_master_byte_ctrl:u_byte|i2c_master_bit_ctrl:bit_ctrl|cnt[15]                         ; i2c_master_top:i2c_core|i2c_master_byte_ctrl:u_byte|i2c_master_bit_ctrl:bit_ctrl|cnt[15]                         ; clk          ; clk         ; 0.000        ; 0.072      ; 0.669      ;
; 0.402 ; i2c_master_top:i2c_core|i2c_master_byte_ctrl:u_byte|i2c_master_bit_ctrl:bit_ctrl|cnt[13]                         ; i2c_master_top:i2c_core|i2c_master_byte_ctrl:u_byte|i2c_master_bit_ctrl:bit_ctrl|cnt[13]                         ; clk          ; clk         ; 0.000        ; 0.072      ; 0.669      ;
; 0.402 ; i2c_master_top:i2c_core|i2c_master_byte_ctrl:u_byte|i2c_master_bit_ctrl:bit_ctrl|cnt[12]                         ; i2c_master_top:i2c_core|i2c_master_byte_ctrl:u_byte|i2c_master_bit_ctrl:bit_ctrl|cnt[12]                         ; clk          ; clk         ; 0.000        ; 0.072      ; 0.669      ;
; 0.402 ; i2c_master_top:i2c_core|i2c_master_byte_ctrl:u_byte|i2c_master_bit_ctrl:bit_ctrl|cnt[14]                         ; i2c_master_top:i2c_core|i2c_master_byte_ctrl:u_byte|i2c_master_bit_ctrl:bit_ctrl|cnt[14]                         ; clk          ; clk         ; 0.000        ; 0.072      ; 0.669      ;
; 0.402 ; i2c_master_top:i2c_core|i2c_master_byte_ctrl:u_byte|i2c_master_bit_ctrl:bit_ctrl|slave_wait                      ; i2c_master_top:i2c_core|i2c_master_byte_ctrl:u_byte|i2c_master_bit_ctrl:bit_ctrl|slave_wait                      ; clk          ; clk         ; 0.000        ; 0.072      ; 0.669      ;
; 0.402 ; state.WAIT_STATE                                                                                                 ; state.WAIT_STATE                                                                                                 ; clk          ; clk         ; 0.000        ; 0.072      ; 0.669      ;
; 0.402 ; i2c_master_top:i2c_core|i2c_master_byte_ctrl:u_byte|i2c_master_bit_ctrl:bit_ctrl|busy                            ; i2c_master_top:i2c_core|i2c_master_byte_ctrl:u_byte|i2c_master_bit_ctrl:bit_ctrl|busy                            ; clk          ; clk         ; 0.000        ; 0.072      ; 0.669      ;
; 0.417 ; i2c_master_top:i2c_core|i2c_master_byte_ctrl:u_byte|dcnt[0]                                                      ; i2c_master_top:i2c_core|i2c_master_byte_ctrl:u_byte|dcnt[0]                                                      ; clk          ; clk         ; 0.000        ; 0.072      ; 0.684      ;
; 0.417 ; reset_counter[0]                                                                                                 ; reset_counter[0]                                                                                                 ; clk          ; clk         ; 0.000        ; 0.072      ; 0.684      ;
; 0.471 ; i2c_master_top:i2c_core|i2c_master_byte_ctrl:u_byte|i2c_master_bit_ctrl:bit_ctrl|\bus_status_ctrl:sta_condition  ; i2c_master_top:i2c_core|i2c_master_byte_ctrl:u_byte|i2c_master_bit_ctrl:bit_ctrl|busy                            ; clk          ; clk         ; 0.000        ; 0.072      ; 0.738      ;
; 0.472 ; i2c_master_top:i2c_core|i2c_master_byte_ctrl:u_byte|i2c_master_bit_ctrl:bit_ctrl|c_state.start_c                 ; i2c_master_top:i2c_core|i2c_master_byte_ctrl:u_byte|i2c_master_bit_ctrl:bit_ctrl|c_state.start_d                 ; clk          ; clk         ; 0.000        ; 0.072      ; 0.739      ;
; 0.472 ; i2c_master_top:i2c_core|i2c_master_byte_ctrl:u_byte|i2c_master_bit_ctrl:bit_ctrl|\bus_status_ctrl:fSDA[2]        ; i2c_master_top:i2c_core|i2c_master_byte_ctrl:u_byte|i2c_master_bit_ctrl:bit_ctrl|sSDA                            ; clk          ; clk         ; 0.000        ; 0.072      ; 0.739      ;
; 0.476 ; i2c_master_top:i2c_core|i2c_master_byte_ctrl:u_byte|sr[3]                                                        ; temp_data[3]                                                                                                     ; clk          ; clk         ; 0.000        ; 0.073      ; 0.744      ;
; 0.477 ; i2c_master_top:i2c_core|i2c_master_byte_ctrl:u_byte|sr[1]                                                        ; i2c_master_top:i2c_core|i2c_master_byte_ctrl:u_byte|sr[2]                                                        ; clk          ; clk         ; 0.000        ; 0.073      ; 0.745      ;
; 0.477 ; i2c_master_top:i2c_core|i2c_master_byte_ctrl:u_byte|sr[2]                                                        ; temp_data[2]                                                                                                     ; clk          ; clk         ; 0.000        ; 0.073      ; 0.745      ;
; 0.477 ; i2c_master_top:i2c_core|i2c_master_byte_ctrl:u_byte|sr[1]                                                        ; temp_data[1]                                                                                                     ; clk          ; clk         ; 0.000        ; 0.073      ; 0.745      ;
; 0.478 ; i2c_master_top:i2c_core|i2c_master_byte_ctrl:u_byte|sr[4]                                                        ; i2c_master_top:i2c_core|i2c_master_byte_ctrl:u_byte|sr[5]                                                        ; clk          ; clk         ; 0.000        ; 0.073      ; 0.746      ;
; 0.478 ; i2c_master_top:i2c_core|i2c_master_byte_ctrl:u_byte|sr[3]                                                        ; i2c_master_top:i2c_core|i2c_master_byte_ctrl:u_byte|sr[4]                                                        ; clk          ; clk         ; 0.000        ; 0.073      ; 0.746      ;
; 0.478 ; i2c_master_top:i2c_core|i2c_master_byte_ctrl:u_byte|sr[2]                                                        ; i2c_master_top:i2c_core|i2c_master_byte_ctrl:u_byte|sr[3]                                                        ; clk          ; clk         ; 0.000        ; 0.073      ; 0.746      ;
; 0.478 ; i2c_master_top:i2c_core|i2c_master_byte_ctrl:u_byte|sr[5]                                                        ; temp_data[5]                                                                                                     ; clk          ; clk         ; 0.000        ; 0.073      ; 0.746      ;
; 0.478 ; i2c_master_top:i2c_core|i2c_master_byte_ctrl:u_byte|sr[4]                                                        ; temp_data[4]                                                                                                     ; clk          ; clk         ; 0.000        ; 0.073      ; 0.746      ;
; 0.479 ; i2c_master_top:i2c_core|i2c_master_byte_ctrl:u_byte|sr[5]                                                        ; i2c_master_top:i2c_core|i2c_master_byte_ctrl:u_byte|sr[6]                                                        ; clk          ; clk         ; 0.000        ; 0.073      ; 0.747      ;
; 0.480 ; i2c_master_top:i2c_core|i2c_master_byte_ctrl:u_byte|i2c_master_bit_ctrl:bit_ctrl|c_state.wr_c                    ; i2c_master_top:i2c_core|i2c_master_byte_ctrl:u_byte|i2c_master_bit_ctrl:bit_ctrl|c_state.wr_d                    ; clk          ; clk         ; 0.000        ; 0.072      ; 0.747      ;
; 0.480 ; i2c_master_top:i2c_core|i2c_master_byte_ctrl:u_byte|i2c_master_bit_ctrl:bit_ctrl|c_state.wr_b                    ; i2c_master_top:i2c_core|i2c_master_byte_ctrl:u_byte|i2c_master_bit_ctrl:bit_ctrl|c_state.wr_c                    ; clk          ; clk         ; 0.000        ; 0.072      ; 0.747      ;
; 0.480 ; i2c_master_top:i2c_core|i2c_master_byte_ctrl:u_byte|i2c_master_bit_ctrl:bit_ctrl|c_state.start_b                 ; i2c_master_top:i2c_core|i2c_master_byte_ctrl:u_byte|i2c_master_bit_ctrl:bit_ctrl|c_state.start_c                 ; clk          ; clk         ; 0.000        ; 0.072      ; 0.747      ;
; 0.480 ; i2c_master_top:i2c_core|i2c_master_byte_ctrl:u_byte|i2c_master_bit_ctrl:bit_ctrl|\bus_status_ctrl:fSCL[0]        ; i2c_master_top:i2c_core|i2c_master_byte_ctrl:u_byte|i2c_master_bit_ctrl:bit_ctrl|sSCL                            ; clk          ; clk         ; 0.000        ; 0.072      ; 0.747      ;
; 0.490 ; i2c_master_top:i2c_core|i2c_master_byte_ctrl:u_byte|sr[7]                                                        ; temp_data[7]                                                                                                     ; clk          ; clk         ; 0.000        ; 0.073      ; 0.758      ;
; 0.494 ; i2c_master_top:i2c_core|i2c_master_byte_ctrl:u_byte|sr[6]                                                        ; i2c_master_top:i2c_core|i2c_master_byte_ctrl:u_byte|sr[7]                                                        ; clk          ; clk         ; 0.000        ; 0.073      ; 0.762      ;
; 0.524 ; i2c_master_top:i2c_core|i2c_master_byte_ctrl:u_byte|\statemachine:c_state.st_read                                ; i2c_master_top:i2c_core|i2c_master_byte_ctrl:u_byte|shift                                                        ; clk          ; clk         ; 0.000        ; 0.073      ; 0.792      ;
; 0.547 ; state.WAIT_STATE                                                                                                 ; counter[13]                                                                                                      ; clk          ; clk         ; 0.000        ; 0.072      ; 0.814      ;
; 0.599 ; i2c_master_top:i2c_core|i2c_master_byte_ctrl:u_byte|i2c_master_bit_ctrl:bit_ctrl|c_state.start_d                 ; i2c_master_top:i2c_core|i2c_master_byte_ctrl:u_byte|i2c_master_bit_ctrl:bit_ctrl|c_state.start_e                 ; clk          ; clk         ; 0.000        ; 0.072      ; 0.866      ;
; 0.599 ; i2c_master_top:i2c_core|i2c_master_byte_ctrl:u_byte|i2c_master_bit_ctrl:bit_ctrl|\bus_status_ctrl:cSDA[1]        ; i2c_master_top:i2c_core|i2c_master_byte_ctrl:u_byte|i2c_master_bit_ctrl:bit_ctrl|\bus_status_ctrl:fSDA[0]        ; clk          ; clk         ; 0.000        ; 0.072      ; 0.866      ;
; 0.600 ; i2c_master_top:i2c_core|i2c_master_byte_ctrl:u_byte|i2c_master_bit_ctrl:bit_ctrl|c_state.stop_b                  ; i2c_master_top:i2c_core|i2c_master_byte_ctrl:u_byte|i2c_master_bit_ctrl:bit_ctrl|c_state.stop_c                  ; clk          ; clk         ; 0.000        ; 0.072      ; 0.867      ;
; 0.600 ; i2c_master_top:i2c_core|i2c_master_byte_ctrl:u_byte|i2c_master_bit_ctrl:bit_ctrl|\bus_status_ctrl:cSDA[0]        ; i2c_master_top:i2c_core|i2c_master_byte_ctrl:u_byte|i2c_master_bit_ctrl:bit_ctrl|\bus_status_ctrl:cSDA[1]        ; clk          ; clk         ; 0.000        ; 0.072      ; 0.867      ;
; 0.601 ; i2c_master_top:i2c_core|i2c_master_byte_ctrl:u_byte|i2c_master_bit_ctrl:bit_ctrl|\bus_status_ctrl:cSCL[0]        ; i2c_master_top:i2c_core|i2c_master_byte_ctrl:u_byte|i2c_master_bit_ctrl:bit_ctrl|\bus_status_ctrl:cSCL[1]        ; clk          ; clk         ; 0.000        ; 0.072      ; 0.868      ;
; 0.604 ; i2c_master_top:i2c_core|i2c_master_byte_ctrl:u_byte|i2c_master_bit_ctrl:bit_ctrl|ial                             ; i2c_master_top:i2c_core|i2c_master_byte_ctrl:u_byte|i2c_master_bit_ctrl:bit_ctrl|cmd_ack                         ; clk          ; clk         ; 0.000        ; 0.072      ; 0.871      ;
; 0.605 ; i2c_master_top:i2c_core|i2c_master_byte_ctrl:u_byte|sr[0]                                                        ; i2c_master_top:i2c_core|i2c_master_byte_ctrl:u_byte|sr[1]                                                        ; clk          ; clk         ; 0.000        ; 0.073      ; 0.873      ;
; 0.608 ; i2c_master_top:i2c_core|i2c_master_byte_ctrl:u_byte|sr[0]                                                        ; temp_data[0]                                                                                                     ; clk          ; clk         ; 0.000        ; 0.073      ; 0.876      ;
; 0.623 ; i2c_master_top:i2c_core|i2c_master_byte_ctrl:u_byte|i2c_master_bit_ctrl:bit_ctrl|c_state.rd_c                    ; i2c_master_top:i2c_core|i2c_master_byte_ctrl:u_byte|i2c_master_bit_ctrl:bit_ctrl|isda_oen                        ; clk          ; clk         ; 0.000        ; 0.072      ; 0.890      ;
; 0.669 ; i2c_master_top:i2c_core|i2c_master_byte_ctrl:u_byte|\statemachine:c_state.st_idle                                ; i2c_master_top:i2c_core|i2c_master_byte_ctrl:u_byte|\statemachine:c_state.st_start                               ; clk          ; clk         ; 0.000        ; 0.072      ; 0.936      ;
; 0.669 ; i2c_master_top:i2c_core|i2c_master_byte_ctrl:u_byte|i2c_master_bit_ctrl:bit_ctrl|c_state.stop_d                  ; i2c_master_top:i2c_core|i2c_master_byte_ctrl:u_byte|i2c_master_bit_ctrl:bit_ctrl|isda_oen                        ; clk          ; clk         ; 0.000        ; 0.072      ; 0.936      ;
; 0.686 ; reset_counter[2]                                                                                                 ; reset_counter[2]                                                                                                 ; clk          ; clk         ; 0.000        ; 0.072      ; 0.953      ;
; 0.694 ; i2c_master_top:i2c_core|i2c_master_byte_ctrl:u_byte|i2c_master_bit_ctrl:bit_ctrl|\bus_status_ctrl:cSCL[1]        ; i2c_master_top:i2c_core|i2c_master_byte_ctrl:u_byte|i2c_master_bit_ctrl:bit_ctrl|\bus_status_ctrl:fSCL[0]        ; clk          ; clk         ; 0.000        ; 0.072      ; 0.961      ;
; 0.694 ; i2c_master_top:i2c_core|i2c_master_byte_ctrl:u_byte|i2c_master_bit_ctrl:bit_ctrl|\bus_status_ctrl:filter_cnt[2]  ; i2c_master_top:i2c_core|i2c_master_byte_ctrl:u_byte|i2c_master_bit_ctrl:bit_ctrl|\bus_status_ctrl:filter_cnt[2]  ; clk          ; clk         ; 0.000        ; 0.072      ; 0.961      ;
; 0.694 ; i2c_master_top:i2c_core|i2c_master_byte_ctrl:u_byte|i2c_master_bit_ctrl:bit_ctrl|\bus_status_ctrl:filter_cnt[3]  ; i2c_master_top:i2c_core|i2c_master_byte_ctrl:u_byte|i2c_master_bit_ctrl:bit_ctrl|\bus_status_ctrl:filter_cnt[3]  ; clk          ; clk         ; 0.000        ; 0.072      ; 0.961      ;
; 0.695 ; i2c_master_top:i2c_core|i2c_master_byte_ctrl:u_byte|i2c_master_bit_ctrl:bit_ctrl|\bus_status_ctrl:filter_cnt[1]  ; i2c_master_top:i2c_core|i2c_master_byte_ctrl:u_byte|i2c_master_bit_ctrl:bit_ctrl|\bus_status_ctrl:filter_cnt[1]  ; clk          ; clk         ; 0.000        ; 0.072      ; 0.962      ;
; 0.696 ; i2c_master_top:i2c_core|i2c_master_byte_ctrl:u_byte|i2c_master_bit_ctrl:bit_ctrl|\bus_status_ctrl:filter_cnt[8]  ; i2c_master_top:i2c_core|i2c_master_byte_ctrl:u_byte|i2c_master_bit_ctrl:bit_ctrl|\bus_status_ctrl:filter_cnt[8]  ; clk          ; clk         ; 0.000        ; 0.072      ; 0.963      ;
; 0.696 ; i2c_master_top:i2c_core|i2c_master_byte_ctrl:u_byte|i2c_master_bit_ctrl:bit_ctrl|\bus_status_ctrl:filter_cnt[11] ; i2c_master_top:i2c_core|i2c_master_byte_ctrl:u_byte|i2c_master_bit_ctrl:bit_ctrl|\bus_status_ctrl:filter_cnt[11] ; clk          ; clk         ; 0.000        ; 0.072      ; 0.963      ;
; 0.697 ; i2c_master_top:i2c_core|i2c_master_byte_ctrl:u_byte|i2c_master_bit_ctrl:bit_ctrl|\bus_status_ctrl:fSCL[0]        ; i2c_master_top:i2c_core|i2c_master_byte_ctrl:u_byte|i2c_master_bit_ctrl:bit_ctrl|\bus_status_ctrl:fSCL[1]        ; clk          ; clk         ; 0.000        ; 0.072      ; 0.964      ;
; 0.699 ; i2c_master_top:i2c_core|i2c_master_byte_ctrl:u_byte|i2c_master_bit_ctrl:bit_ctrl|c_state.rd_b                    ; i2c_master_top:i2c_core|i2c_master_byte_ctrl:u_byte|i2c_master_bit_ctrl:bit_ctrl|c_state.rd_c                    ; clk          ; clk         ; 0.000        ; 0.072      ; 0.966      ;
; 0.700 ; i2c_master_top:i2c_core|i2c_master_byte_ctrl:u_byte|i2c_master_bit_ctrl:bit_ctrl|\bus_status_ctrl:fSDA[0]        ; i2c_master_top:i2c_core|i2c_master_byte_ctrl:u_byte|i2c_master_bit_ctrl:bit_ctrl|\bus_status_ctrl:fSDA[1]        ; clk          ; clk         ; 0.000        ; 0.072      ; 0.967      ;
; 0.700 ; i2c_master_top:i2c_core|i2c_master_byte_ctrl:u_byte|i2c_master_bit_ctrl:bit_ctrl|\bus_status_ctrl:filter_cnt[9]  ; i2c_master_top:i2c_core|i2c_master_byte_ctrl:u_byte|i2c_master_bit_ctrl:bit_ctrl|\bus_status_ctrl:filter_cnt[9]  ; clk          ; clk         ; 0.000        ; 0.072      ; 0.967      ;
; 0.704 ; i2c_master_top:i2c_core|i2c_master_byte_ctrl:u_byte|i2c_master_bit_ctrl:bit_ctrl|\bus_status_ctrl:fSDA[1]        ; i2c_master_top:i2c_core|i2c_master_byte_ctrl:u_byte|i2c_master_bit_ctrl:bit_ctrl|\bus_status_ctrl:fSDA[2]        ; clk          ; clk         ; 0.000        ; 0.072      ; 0.971      ;
; 0.706 ; i2c_master_top:i2c_core|i2c_master_byte_ctrl:u_byte|i2c_master_bit_ctrl:bit_ctrl|\bus_status_ctrl:fSCL[1]        ; i2c_master_top:i2c_core|i2c_master_byte_ctrl:u_byte|i2c_master_bit_ctrl:bit_ctrl|\bus_status_ctrl:fSCL[2]        ; clk          ; clk         ; 0.000        ; 0.072      ; 0.973      ;
; 0.706 ; reset_counter[6]                                                                                                 ; reset_counter[6]                                                                                                 ; clk          ; clk         ; 0.000        ; 0.072      ; 0.973      ;
; 0.706 ; reset_counter[22]                                                                                                ; reset_counter[22]                                                                                                ; clk          ; clk         ; 0.000        ; 0.072      ; 0.973      ;
; 0.707 ; i2c_master_top:i2c_core|i2c_master_byte_ctrl:u_byte|i2c_master_bit_ctrl:bit_ctrl|\bus_status_ctrl:filter_cnt[6]  ; i2c_master_top:i2c_core|i2c_master_byte_ctrl:u_byte|i2c_master_bit_ctrl:bit_ctrl|\bus_status_ctrl:filter_cnt[6]  ; clk          ; clk         ; 0.000        ; 0.072      ; 0.974      ;
; 0.707 ; reset_counter[1]                                                                                                 ; reset_counter[1]                                                                                                 ; clk          ; clk         ; 0.000        ; 0.072      ; 0.974      ;
; 0.707 ; reset_counter[3]                                                                                                 ; reset_counter[3]                                                                                                 ; clk          ; clk         ; 0.000        ; 0.072      ; 0.974      ;
; 0.707 ; reset_counter[5]                                                                                                 ; reset_counter[5]                                                                                                 ; clk          ; clk         ; 0.000        ; 0.072      ; 0.974      ;
; 0.707 ; reset_counter[13]                                                                                                ; reset_counter[13]                                                                                                ; clk          ; clk         ; 0.000        ; 0.072      ; 0.974      ;
; 0.707 ; reset_counter[14]                                                                                                ; reset_counter[14]                                                                                                ; clk          ; clk         ; 0.000        ; 0.072      ; 0.974      ;
; 0.707 ; reset_counter[15]                                                                                                ; reset_counter[15]                                                                                                ; clk          ; clk         ; 0.000        ; 0.072      ; 0.974      ;
; 0.707 ; reset_counter[16]                                                                                                ; reset_counter[16]                                                                                                ; clk          ; clk         ; 0.000        ; 0.072      ; 0.974      ;
; 0.708 ; i2c_master_top:i2c_core|i2c_master_byte_ctrl:u_byte|i2c_master_bit_ctrl:bit_ctrl|\bus_status_ctrl:filter_cnt[5]  ; i2c_master_top:i2c_core|i2c_master_byte_ctrl:u_byte|i2c_master_bit_ctrl:bit_ctrl|\bus_status_ctrl:filter_cnt[5]  ; clk          ; clk         ; 0.000        ; 0.072      ; 0.975      ;
; 0.708 ; reset_counter[4]                                                                                                 ; reset_counter[4]                                                                                                 ; clk          ; clk         ; 0.000        ; 0.072      ; 0.975      ;
; 0.708 ; reset_counter[12]                                                                                                ; reset_counter[12]                                                                                                ; clk          ; clk         ; 0.000        ; 0.072      ; 0.975      ;
; 0.708 ; reset_counter[10]                                                                                                ; reset_counter[10]                                                                                                ; clk          ; clk         ; 0.000        ; 0.072      ; 0.975      ;
; 0.708 ; reset_counter[11]                                                                                                ; reset_counter[11]                                                                                                ; clk          ; clk         ; 0.000        ; 0.072      ; 0.975      ;
; 0.708 ; reset_counter[18]                                                                                                ; reset_counter[18]                                                                                                ; clk          ; clk         ; 0.000        ; 0.072      ; 0.975      ;
; 0.708 ; reset_counter[19]                                                                                                ; reset_counter[19]                                                                                                ; clk          ; clk         ; 0.000        ; 0.072      ; 0.975      ;
; 0.708 ; reset_counter[21]                                                                                                ; reset_counter[21]                                                                                                ; clk          ; clk         ; 0.000        ; 0.072      ; 0.975      ;
; 0.708 ; reset_counter[29]                                                                                                ; reset_counter[29]                                                                                                ; clk          ; clk         ; 0.000        ; 0.072      ; 0.975      ;
; 0.709 ; i2c_master_top:i2c_core|i2c_master_byte_ctrl:u_byte|i2c_master_bit_ctrl:bit_ctrl|\bus_status_ctrl:filter_cnt[4]  ; i2c_master_top:i2c_core|i2c_master_byte_ctrl:u_byte|i2c_master_bit_ctrl:bit_ctrl|\bus_status_ctrl:filter_cnt[4]  ; clk          ; clk         ; 0.000        ; 0.072      ; 0.976      ;
; 0.709 ; reset_counter[8]                                                                                                 ; reset_counter[8]                                                                                                 ; clk          ; clk         ; 0.000        ; 0.072      ; 0.976      ;
; 0.709 ; reset_counter[20]                                                                                                ; reset_counter[20]                                                                                                ; clk          ; clk         ; 0.000        ; 0.072      ; 0.976      ;
; 0.709 ; reset_counter[26]                                                                                                ; reset_counter[26]                                                                                                ; clk          ; clk         ; 0.000        ; 0.072      ; 0.976      ;
+-------+------------------------------------------------------------------------------------------------------------------+------------------------------------------------------------------------------------------------------------------+--------------+-------------+--------------+------------+------------+


----------------------------------------------
; Slow 1200mV 0C Model Metastability Summary ;
----------------------------------------------
No synchronizer chains to report.


+------------------------------------+
; Fast 1200mV 0C Model Setup Summary ;
+-------+--------+-------------------+
; Clock ; Slack  ; End Point TNS     ;
+-------+--------+-------------------+
; clk   ; -0.996 ; -97.911           ;
+-------+--------+-------------------+


+-----------------------------------+
; Fast 1200mV 0C Model Hold Summary ;
+-------+-------+-------------------+
; Clock ; Slack ; End Point TNS     ;
+-------+-------+-------------------+
; clk   ; 0.186 ; 0.000             ;
+-------+-------+-------------------+


-----------------------------------------
; Fast 1200mV 0C Model Recovery Summary ;
-----------------------------------------
No paths to report.


----------------------------------------
; Fast 1200mV 0C Model Removal Summary ;
----------------------------------------
No paths to report.


+--------------------------------------------------+
; Fast 1200mV 0C Model Minimum Pulse Width Summary ;
+-------+--------+---------------------------------+
; Clock ; Slack  ; End Point TNS                   ;
+-------+--------+---------------------------------+
; clk   ; -3.000 ; -239.952                        ;
+-------+--------+---------------------------------+


+---------------------------------------------------------------------------------------------------------------------------------------------------------------------------------------------------------------------------------------------------------------------+
; Fast 1200mV 0C Model Setup: 'clk'                                                                                                                                                                                                                                   ;
+--------+-------------------------------------------------------------------------------------------+------------------------------------------------------------------------------------------+--------------+-------------+--------------+------------+------------+
; Slack  ; From Node                                                                                 ; To Node                                                                                  ; Launch Clock ; Latch Clock ; Relationship ; Clock Skew ; Data Delay ;
+--------+-------------------------------------------------------------------------------------------+------------------------------------------------------------------------------------------+--------------+-------------+--------------+------------+------------+
; -0.996 ; counter[1]                                                                                ; counter[31]                                                                              ; clk          ; clk         ; 1.000        ; 0.157      ; 2.140      ;
; -0.979 ; counter[0]                                                                                ; counter[31]                                                                              ; clk          ; clk         ; 1.000        ; 0.157      ; 2.123      ;
; -0.963 ; counter[1]                                                                                ; counter[26]                                                                              ; clk          ; clk         ; 1.000        ; -0.034     ; 1.916      ;
; -0.953 ; counter[1]                                                                                ; counter[27]                                                                              ; clk          ; clk         ; 1.000        ; -0.034     ; 1.906      ;
; -0.950 ; reset_counter[17]                                                                         ; reset_counter[8]                                                                         ; clk          ; clk         ; 1.000        ; -0.036     ; 1.901      ;
; -0.950 ; reset_counter[17]                                                                         ; reset_counter[1]                                                                         ; clk          ; clk         ; 1.000        ; -0.036     ; 1.901      ;
; -0.950 ; reset_counter[17]                                                                         ; reset_counter[0]                                                                         ; clk          ; clk         ; 1.000        ; -0.036     ; 1.901      ;
; -0.950 ; reset_counter[17]                                                                         ; reset_counter[2]                                                                         ; clk          ; clk         ; 1.000        ; -0.036     ; 1.901      ;
; -0.950 ; reset_counter[17]                                                                         ; reset_counter[3]                                                                         ; clk          ; clk         ; 1.000        ; -0.036     ; 1.901      ;
; -0.950 ; reset_counter[17]                                                                         ; reset_counter[4]                                                                         ; clk          ; clk         ; 1.000        ; -0.036     ; 1.901      ;
; -0.950 ; reset_counter[17]                                                                         ; reset_counter[5]                                                                         ; clk          ; clk         ; 1.000        ; -0.036     ; 1.901      ;
; -0.950 ; reset_counter[17]                                                                         ; reset_counter[6]                                                                         ; clk          ; clk         ; 1.000        ; -0.036     ; 1.901      ;
; -0.950 ; reset_counter[17]                                                                         ; reset_counter[7]                                                                         ; clk          ; clk         ; 1.000        ; -0.036     ; 1.901      ;
; -0.950 ; reset_counter[17]                                                                         ; reset_counter[9]                                                                         ; clk          ; clk         ; 1.000        ; -0.036     ; 1.901      ;
; -0.950 ; reset_counter[17]                                                                         ; reset_counter[12]                                                                        ; clk          ; clk         ; 1.000        ; -0.036     ; 1.901      ;
; -0.950 ; reset_counter[17]                                                                         ; reset_counter[10]                                                                        ; clk          ; clk         ; 1.000        ; -0.036     ; 1.901      ;
; -0.950 ; reset_counter[17]                                                                         ; reset_counter[11]                                                                        ; clk          ; clk         ; 1.000        ; -0.036     ; 1.901      ;
; -0.950 ; reset_counter[17]                                                                         ; reset_counter[13]                                                                        ; clk          ; clk         ; 1.000        ; -0.036     ; 1.901      ;
; -0.950 ; reset_counter[17]                                                                         ; reset_counter[14]                                                                        ; clk          ; clk         ; 1.000        ; -0.036     ; 1.901      ;
; -0.950 ; reset_counter[17]                                                                         ; reset_counter[15]                                                                        ; clk          ; clk         ; 1.000        ; -0.036     ; 1.901      ;
; -0.936 ; counter[0]                                                                                ; counter[27]                                                                              ; clk          ; clk         ; 1.000        ; -0.034     ; 1.889      ;
; -0.924 ; counter[3]                                                                                ; counter[31]                                                                              ; clk          ; clk         ; 1.000        ; 0.157      ; 2.068      ;
; -0.919 ; reset_counter[17]                                                                         ; internal_reset                                                                           ; clk          ; clk         ; 1.000        ; -0.036     ; 1.870      ;
; -0.917 ; counter[1]                                                                                ; counter[29]                                                                              ; clk          ; clk         ; 1.000        ; 0.158      ; 2.062      ;
; -0.912 ; counter[0]                                                                                ; counter[26]                                                                              ; clk          ; clk         ; 1.000        ; -0.034     ; 1.865      ;
; -0.910 ; counter[2]                                                                                ; counter[31]                                                                              ; clk          ; clk         ; 1.000        ; 0.157      ; 2.054      ;
; -0.906 ; i2c_master_top:i2c_core|i2c_master_byte_ctrl:u_byte|i2c_master_bit_ctrl:bit_ctrl|cnt[5]   ; i2c_master_top:i2c_core|i2c_master_byte_ctrl:u_byte|i2c_master_bit_ctrl:bit_ctrl|cnt[11] ; clk          ; clk         ; 1.000        ; -0.037     ; 1.856      ;
; -0.905 ; i2c_master_top:i2c_core|i2c_master_byte_ctrl:u_byte|i2c_master_bit_ctrl:bit_ctrl|cnt[7]   ; i2c_master_top:i2c_core|i2c_master_byte_ctrl:u_byte|i2c_master_bit_ctrl:bit_ctrl|cnt[11] ; clk          ; clk         ; 1.000        ; -0.037     ; 1.855      ;
; -0.903 ; counter[1]                                                                                ; counter[30]                                                                              ; clk          ; clk         ; 1.000        ; 0.157      ; 2.047      ;
; -0.902 ; i2c_master_top:i2c_core|i2c_master_byte_ctrl:u_byte|i2c_master_bit_ctrl:bit_ctrl|cnt[5]   ; i2c_master_top:i2c_core|i2c_master_byte_ctrl:u_byte|i2c_master_bit_ctrl:bit_ctrl|cnt[9]  ; clk          ; clk         ; 1.000        ; -0.037     ; 1.852      ;
; -0.901 ; i2c_master_top:i2c_core|i2c_master_byte_ctrl:u_byte|i2c_master_bit_ctrl:bit_ctrl|cnt[5]   ; i2c_master_top:i2c_core|i2c_master_byte_ctrl:u_byte|i2c_master_bit_ctrl:bit_ctrl|cnt[8]  ; clk          ; clk         ; 1.000        ; -0.037     ; 1.851      ;
; -0.901 ; i2c_master_top:i2c_core|i2c_master_byte_ctrl:u_byte|i2c_master_bit_ctrl:bit_ctrl|cnt[7]   ; i2c_master_top:i2c_core|i2c_master_byte_ctrl:u_byte|i2c_master_bit_ctrl:bit_ctrl|cnt[9]  ; clk          ; clk         ; 1.000        ; -0.037     ; 1.851      ;
; -0.900 ; counter[0]                                                                                ; counter[29]                                                                              ; clk          ; clk         ; 1.000        ; 0.158      ; 2.045      ;
; -0.900 ; i2c_master_top:i2c_core|i2c_master_byte_ctrl:u_byte|i2c_master_bit_ctrl:bit_ctrl|cnt[7]   ; i2c_master_top:i2c_core|i2c_master_byte_ctrl:u_byte|i2c_master_bit_ctrl:bit_ctrl|cnt[8]  ; clk          ; clk         ; 1.000        ; -0.037     ; 1.850      ;
; -0.891 ; counter[3]                                                                                ; counter[26]                                                                              ; clk          ; clk         ; 1.000        ; -0.034     ; 1.844      ;
; -0.886 ; counter[1]                                                                                ; counter[25]                                                                              ; clk          ; clk         ; 1.000        ; -0.034     ; 1.839      ;
; -0.883 ; reset_counter[19]                                                                         ; reset_counter[8]                                                                         ; clk          ; clk         ; 1.000        ; -0.036     ; 1.834      ;
; -0.883 ; reset_counter[19]                                                                         ; reset_counter[1]                                                                         ; clk          ; clk         ; 1.000        ; -0.036     ; 1.834      ;
; -0.883 ; reset_counter[19]                                                                         ; reset_counter[0]                                                                         ; clk          ; clk         ; 1.000        ; -0.036     ; 1.834      ;
; -0.883 ; reset_counter[19]                                                                         ; reset_counter[2]                                                                         ; clk          ; clk         ; 1.000        ; -0.036     ; 1.834      ;
; -0.883 ; reset_counter[19]                                                                         ; reset_counter[3]                                                                         ; clk          ; clk         ; 1.000        ; -0.036     ; 1.834      ;
; -0.883 ; reset_counter[19]                                                                         ; reset_counter[4]                                                                         ; clk          ; clk         ; 1.000        ; -0.036     ; 1.834      ;
; -0.883 ; reset_counter[19]                                                                         ; reset_counter[5]                                                                         ; clk          ; clk         ; 1.000        ; -0.036     ; 1.834      ;
; -0.883 ; reset_counter[19]                                                                         ; reset_counter[6]                                                                         ; clk          ; clk         ; 1.000        ; -0.036     ; 1.834      ;
; -0.883 ; reset_counter[19]                                                                         ; reset_counter[7]                                                                         ; clk          ; clk         ; 1.000        ; -0.036     ; 1.834      ;
; -0.883 ; reset_counter[19]                                                                         ; reset_counter[9]                                                                         ; clk          ; clk         ; 1.000        ; -0.036     ; 1.834      ;
; -0.883 ; reset_counter[19]                                                                         ; reset_counter[12]                                                                        ; clk          ; clk         ; 1.000        ; -0.036     ; 1.834      ;
; -0.883 ; reset_counter[19]                                                                         ; reset_counter[10]                                                                        ; clk          ; clk         ; 1.000        ; -0.036     ; 1.834      ;
; -0.883 ; reset_counter[19]                                                                         ; reset_counter[11]                                                                        ; clk          ; clk         ; 1.000        ; -0.036     ; 1.834      ;
; -0.883 ; reset_counter[19]                                                                         ; reset_counter[13]                                                                        ; clk          ; clk         ; 1.000        ; -0.036     ; 1.834      ;
; -0.883 ; reset_counter[19]                                                                         ; reset_counter[14]                                                                        ; clk          ; clk         ; 1.000        ; -0.036     ; 1.834      ;
; -0.883 ; reset_counter[19]                                                                         ; reset_counter[15]                                                                        ; clk          ; clk         ; 1.000        ; -0.036     ; 1.834      ;
; -0.881 ; counter[3]                                                                                ; counter[27]                                                                              ; clk          ; clk         ; 1.000        ; -0.034     ; 1.834      ;
; -0.879 ; counter[7]                                                                                ; counter[31]                                                                              ; clk          ; clk         ; 1.000        ; 0.157      ; 2.023      ;
; -0.875 ; i2c_master_top:i2c_core|i2c_master_byte_ctrl:u_byte|i2c_master_bit_ctrl:bit_ctrl|iscl_oen ; i2c_master_top:i2c_core|i2c_master_byte_ctrl:u_byte|i2c_master_bit_ctrl:bit_ctrl|cnt[11] ; clk          ; clk         ; 1.000        ; -0.038     ; 1.824      ;
; -0.871 ; i2c_master_top:i2c_core|i2c_master_byte_ctrl:u_byte|i2c_master_bit_ctrl:bit_ctrl|iscl_oen ; i2c_master_top:i2c_core|i2c_master_byte_ctrl:u_byte|i2c_master_bit_ctrl:bit_ctrl|cnt[9]  ; clk          ; clk         ; 1.000        ; -0.038     ; 1.820      ;
; -0.870 ; i2c_master_top:i2c_core|i2c_master_byte_ctrl:u_byte|i2c_master_bit_ctrl:bit_ctrl|iscl_oen ; i2c_master_top:i2c_core|i2c_master_byte_ctrl:u_byte|i2c_master_bit_ctrl:bit_ctrl|cnt[8]  ; clk          ; clk         ; 1.000        ; -0.038     ; 1.819      ;
; -0.869 ; counter[0]                                                                                ; counter[25]                                                                              ; clk          ; clk         ; 1.000        ; -0.034     ; 1.822      ;
; -0.868 ; reset_counter[0]                                                                          ; reset_counter[31]                                                                        ; clk          ; clk         ; 1.000        ; -0.036     ; 1.819      ;
; -0.867 ; counter[2]                                                                                ; counter[27]                                                                              ; clk          ; clk         ; 1.000        ; -0.034     ; 1.820      ;
; -0.864 ; reset_counter[13]                                                                         ; reset_counter[8]                                                                         ; clk          ; clk         ; 1.000        ; -0.036     ; 1.815      ;
; -0.864 ; reset_counter[13]                                                                         ; reset_counter[1]                                                                         ; clk          ; clk         ; 1.000        ; -0.036     ; 1.815      ;
; -0.864 ; reset_counter[13]                                                                         ; reset_counter[0]                                                                         ; clk          ; clk         ; 1.000        ; -0.036     ; 1.815      ;
; -0.864 ; reset_counter[13]                                                                         ; reset_counter[2]                                                                         ; clk          ; clk         ; 1.000        ; -0.036     ; 1.815      ;
; -0.864 ; reset_counter[13]                                                                         ; reset_counter[3]                                                                         ; clk          ; clk         ; 1.000        ; -0.036     ; 1.815      ;
; -0.864 ; reset_counter[13]                                                                         ; reset_counter[4]                                                                         ; clk          ; clk         ; 1.000        ; -0.036     ; 1.815      ;
; -0.864 ; reset_counter[13]                                                                         ; reset_counter[5]                                                                         ; clk          ; clk         ; 1.000        ; -0.036     ; 1.815      ;
; -0.864 ; reset_counter[13]                                                                         ; reset_counter[6]                                                                         ; clk          ; clk         ; 1.000        ; -0.036     ; 1.815      ;
; -0.864 ; reset_counter[13]                                                                         ; reset_counter[7]                                                                         ; clk          ; clk         ; 1.000        ; -0.036     ; 1.815      ;
; -0.864 ; reset_counter[13]                                                                         ; reset_counter[9]                                                                         ; clk          ; clk         ; 1.000        ; -0.036     ; 1.815      ;
; -0.864 ; reset_counter[13]                                                                         ; reset_counter[12]                                                                        ; clk          ; clk         ; 1.000        ; -0.036     ; 1.815      ;
; -0.864 ; reset_counter[13]                                                                         ; reset_counter[10]                                                                        ; clk          ; clk         ; 1.000        ; -0.036     ; 1.815      ;
; -0.864 ; reset_counter[13]                                                                         ; reset_counter[11]                                                                        ; clk          ; clk         ; 1.000        ; -0.036     ; 1.815      ;
; -0.864 ; reset_counter[13]                                                                         ; reset_counter[13]                                                                        ; clk          ; clk         ; 1.000        ; -0.036     ; 1.815      ;
; -0.864 ; reset_counter[13]                                                                         ; reset_counter[14]                                                                        ; clk          ; clk         ; 1.000        ; -0.036     ; 1.815      ;
; -0.864 ; reset_counter[13]                                                                         ; reset_counter[15]                                                                        ; clk          ; clk         ; 1.000        ; -0.036     ; 1.815      ;
; -0.856 ; counter[5]                                                                                ; counter[31]                                                                              ; clk          ; clk         ; 1.000        ; 0.157      ; 2.000      ;
; -0.852 ; reset_counter[19]                                                                         ; internal_reset                                                                           ; clk          ; clk         ; 1.000        ; -0.036     ; 1.803      ;
; -0.852 ; counter[0]                                                                                ; counter[30]                                                                              ; clk          ; clk         ; 1.000        ; 0.157      ; 1.996      ;
; -0.852 ; reset_counter[14]                                                                         ; reset_counter[8]                                                                         ; clk          ; clk         ; 1.000        ; -0.036     ; 1.803      ;
; -0.852 ; reset_counter[14]                                                                         ; reset_counter[1]                                                                         ; clk          ; clk         ; 1.000        ; -0.036     ; 1.803      ;
; -0.852 ; reset_counter[14]                                                                         ; reset_counter[0]                                                                         ; clk          ; clk         ; 1.000        ; -0.036     ; 1.803      ;
; -0.852 ; reset_counter[14]                                                                         ; reset_counter[2]                                                                         ; clk          ; clk         ; 1.000        ; -0.036     ; 1.803      ;
; -0.852 ; reset_counter[14]                                                                         ; reset_counter[3]                                                                         ; clk          ; clk         ; 1.000        ; -0.036     ; 1.803      ;
; -0.852 ; reset_counter[14]                                                                         ; reset_counter[4]                                                                         ; clk          ; clk         ; 1.000        ; -0.036     ; 1.803      ;
; -0.852 ; reset_counter[14]                                                                         ; reset_counter[5]                                                                         ; clk          ; clk         ; 1.000        ; -0.036     ; 1.803      ;
; -0.852 ; reset_counter[14]                                                                         ; reset_counter[6]                                                                         ; clk          ; clk         ; 1.000        ; -0.036     ; 1.803      ;
; -0.852 ; reset_counter[14]                                                                         ; reset_counter[7]                                                                         ; clk          ; clk         ; 1.000        ; -0.036     ; 1.803      ;
; -0.852 ; reset_counter[14]                                                                         ; reset_counter[9]                                                                         ; clk          ; clk         ; 1.000        ; -0.036     ; 1.803      ;
; -0.852 ; reset_counter[14]                                                                         ; reset_counter[12]                                                                        ; clk          ; clk         ; 1.000        ; -0.036     ; 1.803      ;
; -0.852 ; reset_counter[14]                                                                         ; reset_counter[10]                                                                        ; clk          ; clk         ; 1.000        ; -0.036     ; 1.803      ;
; -0.852 ; reset_counter[14]                                                                         ; reset_counter[11]                                                                        ; clk          ; clk         ; 1.000        ; -0.036     ; 1.803      ;
; -0.852 ; reset_counter[14]                                                                         ; reset_counter[13]                                                                        ; clk          ; clk         ; 1.000        ; -0.036     ; 1.803      ;
; -0.852 ; reset_counter[14]                                                                         ; reset_counter[14]                                                                        ; clk          ; clk         ; 1.000        ; -0.036     ; 1.803      ;
; -0.852 ; reset_counter[14]                                                                         ; reset_counter[15]                                                                        ; clk          ; clk         ; 1.000        ; -0.036     ; 1.803      ;
; -0.846 ; counter[7]                                                                                ; counter[26]                                                                              ; clk          ; clk         ; 1.000        ; -0.034     ; 1.799      ;
; -0.845 ; counter[1]                                                                                ; counter[28]                                                                              ; clk          ; clk         ; 1.000        ; 0.157      ; 1.989      ;
; -0.845 ; counter[3]                                                                                ; counter[29]                                                                              ; clk          ; clk         ; 1.000        ; 0.158      ; 1.990      ;
; -0.844 ; counter[6]                                                                                ; counter[31]                                                                              ; clk          ; clk         ; 1.000        ; 0.157      ; 1.988      ;
; -0.844 ; reset_counter[11]                                                                         ; reset_counter[8]                                                                         ; clk          ; clk         ; 1.000        ; -0.036     ; 1.795      ;
+--------+-------------------------------------------------------------------------------------------+------------------------------------------------------------------------------------------+--------------+-------------+--------------+------------+------------+


+-------------------------------------------------------------------------------------------------------------------------------------------------------------------------------------------------------------------------------------------------------------------------------------------------------------------+
; Fast 1200mV 0C Model Hold: 'clk'                                                                                                                                                                                                                                                                                  ;
+-------+------------------------------------------------------------------------------------------------------------------+------------------------------------------------------------------------------------------------------------------+--------------+-------------+--------------+------------+------------+
; Slack ; From Node                                                                                                        ; To Node                                                                                                          ; Launch Clock ; Latch Clock ; Relationship ; Clock Skew ; Data Delay ;
+-------+------------------------------------------------------------------------------------------------------------------+------------------------------------------------------------------------------------------------------------------+--------------+-------------+--------------+------------+------------+
; 0.186 ; i2c_master_top:i2c_core|i2c_master_byte_ctrl:u_byte|\statemachine:c_state.st_read                                ; i2c_master_top:i2c_core|i2c_master_byte_ctrl:u_byte|\statemachine:c_state.st_read                                ; clk          ; clk         ; 0.000        ; 0.037      ; 0.307      ;
; 0.186 ; i2c_master_top:i2c_core|i2c_master_byte_ctrl:u_byte|\statemachine:c_state.st_ack                                 ; i2c_master_top:i2c_core|i2c_master_byte_ctrl:u_byte|\statemachine:c_state.st_ack                                 ; clk          ; clk         ; 0.000        ; 0.037      ; 0.307      ;
; 0.186 ; i2c_master_top:i2c_core|i2c_master_byte_ctrl:u_byte|core_cmd[1]                                                  ; i2c_master_top:i2c_core|i2c_master_byte_ctrl:u_byte|core_cmd[1]                                                  ; clk          ; clk         ; 0.000        ; 0.037      ; 0.307      ;
; 0.186 ; i2c_master_top:i2c_core|i2c_master_byte_ctrl:u_byte|\statemachine:c_state.st_write                               ; i2c_master_top:i2c_core|i2c_master_byte_ctrl:u_byte|\statemachine:c_state.st_write                               ; clk          ; clk         ; 0.000        ; 0.037      ; 0.307      ;
; 0.186 ; i2c_master_top:i2c_core|i2c_master_byte_ctrl:u_byte|core_cmd[0]                                                  ; i2c_master_top:i2c_core|i2c_master_byte_ctrl:u_byte|core_cmd[0]                                                  ; clk          ; clk         ; 0.000        ; 0.037      ; 0.307      ;
; 0.186 ; i2c_master_top:i2c_core|i2c_master_byte_ctrl:u_byte|\statemachine:c_state.st_stop                                ; i2c_master_top:i2c_core|i2c_master_byte_ctrl:u_byte|\statemachine:c_state.st_stop                                ; clk          ; clk         ; 0.000        ; 0.037      ; 0.307      ;
; 0.186 ; i2c_master_top:i2c_core|i2c_master_byte_ctrl:u_byte|i2c_master_bit_ctrl:bit_ctrl|c_state.idle                    ; i2c_master_top:i2c_core|i2c_master_byte_ctrl:u_byte|i2c_master_bit_ctrl:bit_ctrl|c_state.idle                    ; clk          ; clk         ; 0.000        ; 0.037      ; 0.307      ;
; 0.186 ; i2c_din[7]                                                                                                       ; i2c_din[7]                                                                                                       ; clk          ; clk         ; 0.000        ; 0.037      ; 0.307      ;
; 0.186 ; i2c_master_top:i2c_core|i2c_master_byte_ctrl:u_byte|i2c_master_bit_ctrl:bit_ctrl|cnt[3]                          ; i2c_master_top:i2c_core|i2c_master_byte_ctrl:u_byte|i2c_master_bit_ctrl:bit_ctrl|cnt[3]                          ; clk          ; clk         ; 0.000        ; 0.037      ; 0.307      ;
; 0.186 ; i2c_master_top:i2c_core|i2c_master_byte_ctrl:u_byte|i2c_master_bit_ctrl:bit_ctrl|cnt[0]                          ; i2c_master_top:i2c_core|i2c_master_byte_ctrl:u_byte|i2c_master_bit_ctrl:bit_ctrl|cnt[0]                          ; clk          ; clk         ; 0.000        ; 0.037      ; 0.307      ;
; 0.186 ; i2c_master_top:i2c_core|i2c_master_byte_ctrl:u_byte|i2c_master_bit_ctrl:bit_ctrl|cnt[1]                          ; i2c_master_top:i2c_core|i2c_master_byte_ctrl:u_byte|i2c_master_bit_ctrl:bit_ctrl|cnt[1]                          ; clk          ; clk         ; 0.000        ; 0.037      ; 0.307      ;
; 0.186 ; i2c_master_top:i2c_core|i2c_master_byte_ctrl:u_byte|i2c_master_bit_ctrl:bit_ctrl|cnt[2]                          ; i2c_master_top:i2c_core|i2c_master_byte_ctrl:u_byte|i2c_master_bit_ctrl:bit_ctrl|cnt[2]                          ; clk          ; clk         ; 0.000        ; 0.037      ; 0.307      ;
; 0.186 ; i2c_master_top:i2c_core|i2c_master_byte_ctrl:u_byte|i2c_master_bit_ctrl:bit_ctrl|cnt[6]                          ; i2c_master_top:i2c_core|i2c_master_byte_ctrl:u_byte|i2c_master_bit_ctrl:bit_ctrl|cnt[6]                          ; clk          ; clk         ; 0.000        ; 0.037      ; 0.307      ;
; 0.186 ; i2c_master_top:i2c_core|i2c_master_byte_ctrl:u_byte|i2c_master_bit_ctrl:bit_ctrl|cnt[4]                          ; i2c_master_top:i2c_core|i2c_master_byte_ctrl:u_byte|i2c_master_bit_ctrl:bit_ctrl|cnt[4]                          ; clk          ; clk         ; 0.000        ; 0.037      ; 0.307      ;
; 0.186 ; i2c_master_top:i2c_core|i2c_master_byte_ctrl:u_byte|i2c_master_bit_ctrl:bit_ctrl|cnt[5]                          ; i2c_master_top:i2c_core|i2c_master_byte_ctrl:u_byte|i2c_master_bit_ctrl:bit_ctrl|cnt[5]                          ; clk          ; clk         ; 0.000        ; 0.037      ; 0.307      ;
; 0.186 ; i2c_master_top:i2c_core|i2c_master_byte_ctrl:u_byte|i2c_master_bit_ctrl:bit_ctrl|cnt[7]                          ; i2c_master_top:i2c_core|i2c_master_byte_ctrl:u_byte|i2c_master_bit_ctrl:bit_ctrl|cnt[7]                          ; clk          ; clk         ; 0.000        ; 0.037      ; 0.307      ;
; 0.186 ; i2c_master_top:i2c_core|i2c_master_byte_ctrl:u_byte|i2c_master_bit_ctrl:bit_ctrl|cnt[8]                          ; i2c_master_top:i2c_core|i2c_master_byte_ctrl:u_byte|i2c_master_bit_ctrl:bit_ctrl|cnt[8]                          ; clk          ; clk         ; 0.000        ; 0.037      ; 0.307      ;
; 0.186 ; i2c_master_top:i2c_core|i2c_master_byte_ctrl:u_byte|i2c_master_bit_ctrl:bit_ctrl|cnt[10]                         ; i2c_master_top:i2c_core|i2c_master_byte_ctrl:u_byte|i2c_master_bit_ctrl:bit_ctrl|cnt[10]                         ; clk          ; clk         ; 0.000        ; 0.037      ; 0.307      ;
; 0.186 ; i2c_master_top:i2c_core|i2c_master_byte_ctrl:u_byte|i2c_master_bit_ctrl:bit_ctrl|cnt[9]                          ; i2c_master_top:i2c_core|i2c_master_byte_ctrl:u_byte|i2c_master_bit_ctrl:bit_ctrl|cnt[9]                          ; clk          ; clk         ; 0.000        ; 0.037      ; 0.307      ;
; 0.186 ; i2c_master_top:i2c_core|i2c_master_byte_ctrl:u_byte|i2c_master_bit_ctrl:bit_ctrl|cnt[11]                         ; i2c_master_top:i2c_core|i2c_master_byte_ctrl:u_byte|i2c_master_bit_ctrl:bit_ctrl|cnt[11]                         ; clk          ; clk         ; 0.000        ; 0.037      ; 0.307      ;
; 0.187 ; i2c_master_top:i2c_core|i2c_master_byte_ctrl:u_byte|i2c_master_bit_ctrl:bit_ctrl|dout                            ; i2c_master_top:i2c_core|i2c_master_byte_ctrl:u_byte|i2c_master_bit_ctrl:bit_ctrl|dout                            ; clk          ; clk         ; 0.000        ; 0.036      ; 0.307      ;
; 0.187 ; i2c_master_top:i2c_core|i2c_master_byte_ctrl:u_byte|dcnt[1]                                                      ; i2c_master_top:i2c_core|i2c_master_byte_ctrl:u_byte|dcnt[1]                                                      ; clk          ; clk         ; 0.000        ; 0.036      ; 0.307      ;
; 0.187 ; i2c_master_top:i2c_core|i2c_master_byte_ctrl:u_byte|i2c_master_bit_ctrl:bit_ctrl|\bus_status_ctrl:cmd_stop       ; i2c_master_top:i2c_core|i2c_master_byte_ctrl:u_byte|i2c_master_bit_ctrl:bit_ctrl|\bus_status_ctrl:cmd_stop       ; clk          ; clk         ; 0.000        ; 0.036      ; 0.307      ;
; 0.187 ; i2c_master_top:i2c_core|i2c_master_byte_ctrl:u_byte|i2c_master_bit_ctrl:bit_ctrl|cnt[15]                         ; i2c_master_top:i2c_core|i2c_master_byte_ctrl:u_byte|i2c_master_bit_ctrl:bit_ctrl|cnt[15]                         ; clk          ; clk         ; 0.000        ; 0.036      ; 0.307      ;
; 0.187 ; i2c_master_top:i2c_core|i2c_master_byte_ctrl:u_byte|i2c_master_bit_ctrl:bit_ctrl|cnt[13]                         ; i2c_master_top:i2c_core|i2c_master_byte_ctrl:u_byte|i2c_master_bit_ctrl:bit_ctrl|cnt[13]                         ; clk          ; clk         ; 0.000        ; 0.036      ; 0.307      ;
; 0.187 ; i2c_master_top:i2c_core|i2c_master_byte_ctrl:u_byte|i2c_master_bit_ctrl:bit_ctrl|cnt[12]                         ; i2c_master_top:i2c_core|i2c_master_byte_ctrl:u_byte|i2c_master_bit_ctrl:bit_ctrl|cnt[12]                         ; clk          ; clk         ; 0.000        ; 0.036      ; 0.307      ;
; 0.187 ; i2c_master_top:i2c_core|i2c_master_byte_ctrl:u_byte|i2c_master_bit_ctrl:bit_ctrl|cnt[14]                         ; i2c_master_top:i2c_core|i2c_master_byte_ctrl:u_byte|i2c_master_bit_ctrl:bit_ctrl|cnt[14]                         ; clk          ; clk         ; 0.000        ; 0.036      ; 0.307      ;
; 0.187 ; i2c_master_top:i2c_core|i2c_master_byte_ctrl:u_byte|i2c_master_bit_ctrl:bit_ctrl|slave_wait                      ; i2c_master_top:i2c_core|i2c_master_byte_ctrl:u_byte|i2c_master_bit_ctrl:bit_ctrl|slave_wait                      ; clk          ; clk         ; 0.000        ; 0.036      ; 0.307      ;
; 0.187 ; state.WAIT_STATE                                                                                                 ; state.WAIT_STATE                                                                                                 ; clk          ; clk         ; 0.000        ; 0.036      ; 0.307      ;
; 0.187 ; i2c_master_top:i2c_core|i2c_master_byte_ctrl:u_byte|i2c_master_bit_ctrl:bit_ctrl|busy                            ; i2c_master_top:i2c_core|i2c_master_byte_ctrl:u_byte|i2c_master_bit_ctrl:bit_ctrl|busy                            ; clk          ; clk         ; 0.000        ; 0.036      ; 0.307      ;
; 0.194 ; i2c_master_top:i2c_core|i2c_master_byte_ctrl:u_byte|dcnt[0]                                                      ; i2c_master_top:i2c_core|i2c_master_byte_ctrl:u_byte|dcnt[0]                                                      ; clk          ; clk         ; 0.000        ; 0.036      ; 0.314      ;
; 0.194 ; i2c_master_top:i2c_core|i2c_master_byte_ctrl:u_byte|i2c_master_bit_ctrl:bit_ctrl|c_state.start_c                 ; i2c_master_top:i2c_core|i2c_master_byte_ctrl:u_byte|i2c_master_bit_ctrl:bit_ctrl|c_state.start_d                 ; clk          ; clk         ; 0.000        ; 0.037      ; 0.315      ;
; 0.194 ; reset_counter[0]                                                                                                 ; reset_counter[0]                                                                                                 ; clk          ; clk         ; 0.000        ; 0.036      ; 0.314      ;
; 0.194 ; i2c_master_top:i2c_core|i2c_master_byte_ctrl:u_byte|i2c_master_bit_ctrl:bit_ctrl|\bus_status_ctrl:sta_condition  ; i2c_master_top:i2c_core|i2c_master_byte_ctrl:u_byte|i2c_master_bit_ctrl:bit_ctrl|busy                            ; clk          ; clk         ; 0.000        ; 0.036      ; 0.314      ;
; 0.196 ; i2c_master_top:i2c_core|i2c_master_byte_ctrl:u_byte|i2c_master_bit_ctrl:bit_ctrl|\bus_status_ctrl:fSDA[2]        ; i2c_master_top:i2c_core|i2c_master_byte_ctrl:u_byte|i2c_master_bit_ctrl:bit_ctrl|sSDA                            ; clk          ; clk         ; 0.000        ; 0.036      ; 0.316      ;
; 0.197 ; i2c_master_top:i2c_core|i2c_master_byte_ctrl:u_byte|sr[3]                                                        ; temp_data[3]                                                                                                     ; clk          ; clk         ; 0.000        ; 0.036      ; 0.317      ;
; 0.198 ; i2c_master_top:i2c_core|i2c_master_byte_ctrl:u_byte|sr[1]                                                        ; i2c_master_top:i2c_core|i2c_master_byte_ctrl:u_byte|sr[2]                                                        ; clk          ; clk         ; 0.000        ; 0.036      ; 0.318      ;
; 0.198 ; i2c_master_top:i2c_core|i2c_master_byte_ctrl:u_byte|i2c_master_bit_ctrl:bit_ctrl|c_state.wr_c                    ; i2c_master_top:i2c_core|i2c_master_byte_ctrl:u_byte|i2c_master_bit_ctrl:bit_ctrl|c_state.wr_d                    ; clk          ; clk         ; 0.000        ; 0.037      ; 0.319      ;
; 0.198 ; i2c_master_top:i2c_core|i2c_master_byte_ctrl:u_byte|i2c_master_bit_ctrl:bit_ctrl|c_state.wr_b                    ; i2c_master_top:i2c_core|i2c_master_byte_ctrl:u_byte|i2c_master_bit_ctrl:bit_ctrl|c_state.wr_c                    ; clk          ; clk         ; 0.000        ; 0.037      ; 0.319      ;
; 0.198 ; i2c_master_top:i2c_core|i2c_master_byte_ctrl:u_byte|sr[2]                                                        ; temp_data[2]                                                                                                     ; clk          ; clk         ; 0.000        ; 0.036      ; 0.318      ;
; 0.198 ; i2c_master_top:i2c_core|i2c_master_byte_ctrl:u_byte|sr[1]                                                        ; temp_data[1]                                                                                                     ; clk          ; clk         ; 0.000        ; 0.036      ; 0.318      ;
; 0.199 ; i2c_master_top:i2c_core|i2c_master_byte_ctrl:u_byte|sr[4]                                                        ; i2c_master_top:i2c_core|i2c_master_byte_ctrl:u_byte|sr[5]                                                        ; clk          ; clk         ; 0.000        ; 0.036      ; 0.319      ;
; 0.199 ; i2c_master_top:i2c_core|i2c_master_byte_ctrl:u_byte|sr[3]                                                        ; i2c_master_top:i2c_core|i2c_master_byte_ctrl:u_byte|sr[4]                                                        ; clk          ; clk         ; 0.000        ; 0.036      ; 0.319      ;
; 0.199 ; i2c_master_top:i2c_core|i2c_master_byte_ctrl:u_byte|sr[2]                                                        ; i2c_master_top:i2c_core|i2c_master_byte_ctrl:u_byte|sr[3]                                                        ; clk          ; clk         ; 0.000        ; 0.036      ; 0.319      ;
; 0.199 ; i2c_master_top:i2c_core|i2c_master_byte_ctrl:u_byte|sr[5]                                                        ; temp_data[5]                                                                                                     ; clk          ; clk         ; 0.000        ; 0.036      ; 0.319      ;
; 0.199 ; i2c_master_top:i2c_core|i2c_master_byte_ctrl:u_byte|sr[4]                                                        ; temp_data[4]                                                                                                     ; clk          ; clk         ; 0.000        ; 0.036      ; 0.319      ;
; 0.199 ; i2c_master_top:i2c_core|i2c_master_byte_ctrl:u_byte|i2c_master_bit_ctrl:bit_ctrl|\bus_status_ctrl:fSCL[0]        ; i2c_master_top:i2c_core|i2c_master_byte_ctrl:u_byte|i2c_master_bit_ctrl:bit_ctrl|sSCL                            ; clk          ; clk         ; 0.000        ; 0.036      ; 0.319      ;
; 0.200 ; i2c_master_top:i2c_core|i2c_master_byte_ctrl:u_byte|sr[5]                                                        ; i2c_master_top:i2c_core|i2c_master_byte_ctrl:u_byte|sr[6]                                                        ; clk          ; clk         ; 0.000        ; 0.036      ; 0.320      ;
; 0.200 ; i2c_master_top:i2c_core|i2c_master_byte_ctrl:u_byte|i2c_master_bit_ctrl:bit_ctrl|c_state.start_b                 ; i2c_master_top:i2c_core|i2c_master_byte_ctrl:u_byte|i2c_master_bit_ctrl:bit_ctrl|c_state.start_c                 ; clk          ; clk         ; 0.000        ; 0.037      ; 0.321      ;
; 0.204 ; i2c_master_top:i2c_core|i2c_master_byte_ctrl:u_byte|sr[7]                                                        ; temp_data[7]                                                                                                     ; clk          ; clk         ; 0.000        ; 0.036      ; 0.324      ;
; 0.208 ; i2c_master_top:i2c_core|i2c_master_byte_ctrl:u_byte|sr[6]                                                        ; i2c_master_top:i2c_core|i2c_master_byte_ctrl:u_byte|sr[7]                                                        ; clk          ; clk         ; 0.000        ; 0.036      ; 0.328      ;
; 0.222 ; i2c_master_top:i2c_core|i2c_master_byte_ctrl:u_byte|\statemachine:c_state.st_read                                ; i2c_master_top:i2c_core|i2c_master_byte_ctrl:u_byte|shift                                                        ; clk          ; clk         ; 0.000        ; 0.037      ; 0.343      ;
; 0.237 ; state.WAIT_STATE                                                                                                 ; counter[13]                                                                                                      ; clk          ; clk         ; 0.000        ; 0.036      ; 0.357      ;
; 0.252 ; i2c_master_top:i2c_core|i2c_master_byte_ctrl:u_byte|i2c_master_bit_ctrl:bit_ctrl|c_state.start_d                 ; i2c_master_top:i2c_core|i2c_master_byte_ctrl:u_byte|i2c_master_bit_ctrl:bit_ctrl|c_state.start_e                 ; clk          ; clk         ; 0.000        ; 0.037      ; 0.373      ;
; 0.253 ; i2c_master_top:i2c_core|i2c_master_byte_ctrl:u_byte|i2c_master_bit_ctrl:bit_ctrl|c_state.stop_b                  ; i2c_master_top:i2c_core|i2c_master_byte_ctrl:u_byte|i2c_master_bit_ctrl:bit_ctrl|c_state.stop_c                  ; clk          ; clk         ; 0.000        ; 0.037      ; 0.374      ;
; 0.253 ; i2c_master_top:i2c_core|i2c_master_byte_ctrl:u_byte|i2c_master_bit_ctrl:bit_ctrl|\bus_status_ctrl:cSDA[1]        ; i2c_master_top:i2c_core|i2c_master_byte_ctrl:u_byte|i2c_master_bit_ctrl:bit_ctrl|\bus_status_ctrl:fSDA[0]        ; clk          ; clk         ; 0.000        ; 0.036      ; 0.373      ;
; 0.254 ; i2c_master_top:i2c_core|i2c_master_byte_ctrl:u_byte|i2c_master_bit_ctrl:bit_ctrl|\bus_status_ctrl:cSDA[0]        ; i2c_master_top:i2c_core|i2c_master_byte_ctrl:u_byte|i2c_master_bit_ctrl:bit_ctrl|\bus_status_ctrl:cSDA[1]        ; clk          ; clk         ; 0.000        ; 0.036      ; 0.374      ;
; 0.255 ; i2c_master_top:i2c_core|i2c_master_byte_ctrl:u_byte|i2c_master_bit_ctrl:bit_ctrl|\bus_status_ctrl:cSCL[0]        ; i2c_master_top:i2c_core|i2c_master_byte_ctrl:u_byte|i2c_master_bit_ctrl:bit_ctrl|\bus_status_ctrl:cSCL[1]        ; clk          ; clk         ; 0.000        ; 0.036      ; 0.375      ;
; 0.258 ; i2c_master_top:i2c_core|i2c_master_byte_ctrl:u_byte|sr[0]                                                        ; i2c_master_top:i2c_core|i2c_master_byte_ctrl:u_byte|sr[1]                                                        ; clk          ; clk         ; 0.000        ; 0.036      ; 0.378      ;
; 0.260 ; i2c_master_top:i2c_core|i2c_master_byte_ctrl:u_byte|sr[0]                                                        ; temp_data[0]                                                                                                     ; clk          ; clk         ; 0.000        ; 0.036      ; 0.380      ;
; 0.265 ; i2c_master_top:i2c_core|i2c_master_byte_ctrl:u_byte|i2c_master_bit_ctrl:bit_ctrl|c_state.rd_c                    ; i2c_master_top:i2c_core|i2c_master_byte_ctrl:u_byte|i2c_master_bit_ctrl:bit_ctrl|isda_oen                        ; clk          ; clk         ; 0.000        ; 0.036      ; 0.385      ;
; 0.265 ; i2c_master_top:i2c_core|i2c_master_byte_ctrl:u_byte|i2c_master_bit_ctrl:bit_ctrl|ial                             ; i2c_master_top:i2c_core|i2c_master_byte_ctrl:u_byte|i2c_master_bit_ctrl:bit_ctrl|cmd_ack                         ; clk          ; clk         ; 0.000        ; 0.036      ; 0.385      ;
; 0.286 ; i2c_master_top:i2c_core|i2c_master_byte_ctrl:u_byte|i2c_master_bit_ctrl:bit_ctrl|c_state.stop_d                  ; i2c_master_top:i2c_core|i2c_master_byte_ctrl:u_byte|i2c_master_bit_ctrl:bit_ctrl|isda_oen                        ; clk          ; clk         ; 0.000        ; 0.036      ; 0.406      ;
; 0.290 ; i2c_master_top:i2c_core|i2c_master_byte_ctrl:u_byte|\statemachine:c_state.st_idle                                ; i2c_master_top:i2c_core|i2c_master_byte_ctrl:u_byte|\statemachine:c_state.st_start                               ; clk          ; clk         ; 0.000        ; 0.037      ; 0.411      ;
; 0.294 ; reset_counter[2]                                                                                                 ; reset_counter[2]                                                                                                 ; clk          ; clk         ; 0.000        ; 0.036      ; 0.414      ;
; 0.297 ; i2c_master_top:i2c_core|i2c_master_byte_ctrl:u_byte|i2c_master_bit_ctrl:bit_ctrl|\bus_status_ctrl:cSCL[1]        ; i2c_master_top:i2c_core|i2c_master_byte_ctrl:u_byte|i2c_master_bit_ctrl:bit_ctrl|\bus_status_ctrl:fSCL[0]        ; clk          ; clk         ; 0.000        ; 0.036      ; 0.417      ;
; 0.298 ; i2c_master_top:i2c_core|i2c_master_byte_ctrl:u_byte|i2c_master_bit_ctrl:bit_ctrl|\bus_status_ctrl:filter_cnt[1]  ; i2c_master_top:i2c_core|i2c_master_byte_ctrl:u_byte|i2c_master_bit_ctrl:bit_ctrl|\bus_status_ctrl:filter_cnt[1]  ; clk          ; clk         ; 0.000        ; 0.036      ; 0.418      ;
; 0.298 ; i2c_master_top:i2c_core|i2c_master_byte_ctrl:u_byte|i2c_master_bit_ctrl:bit_ctrl|\bus_status_ctrl:filter_cnt[2]  ; i2c_master_top:i2c_core|i2c_master_byte_ctrl:u_byte|i2c_master_bit_ctrl:bit_ctrl|\bus_status_ctrl:filter_cnt[2]  ; clk          ; clk         ; 0.000        ; 0.036      ; 0.418      ;
; 0.299 ; i2c_master_top:i2c_core|i2c_master_byte_ctrl:u_byte|i2c_master_bit_ctrl:bit_ctrl|\bus_status_ctrl:fSCL[0]        ; i2c_master_top:i2c_core|i2c_master_byte_ctrl:u_byte|i2c_master_bit_ctrl:bit_ctrl|\bus_status_ctrl:fSCL[1]        ; clk          ; clk         ; 0.000        ; 0.036      ; 0.419      ;
; 0.299 ; i2c_master_top:i2c_core|i2c_master_byte_ctrl:u_byte|i2c_master_bit_ctrl:bit_ctrl|\bus_status_ctrl:filter_cnt[8]  ; i2c_master_top:i2c_core|i2c_master_byte_ctrl:u_byte|i2c_master_bit_ctrl:bit_ctrl|\bus_status_ctrl:filter_cnt[8]  ; clk          ; clk         ; 0.000        ; 0.036      ; 0.419      ;
; 0.299 ; i2c_master_top:i2c_core|i2c_master_byte_ctrl:u_byte|i2c_master_bit_ctrl:bit_ctrl|\bus_status_ctrl:filter_cnt[3]  ; i2c_master_top:i2c_core|i2c_master_byte_ctrl:u_byte|i2c_master_bit_ctrl:bit_ctrl|\bus_status_ctrl:filter_cnt[3]  ; clk          ; clk         ; 0.000        ; 0.036      ; 0.419      ;
; 0.299 ; reset_counter[1]                                                                                                 ; reset_counter[1]                                                                                                 ; clk          ; clk         ; 0.000        ; 0.036      ; 0.419      ;
; 0.300 ; i2c_master_top:i2c_core|i2c_master_byte_ctrl:u_byte|i2c_master_bit_ctrl:bit_ctrl|c_state.rd_b                    ; i2c_master_top:i2c_core|i2c_master_byte_ctrl:u_byte|i2c_master_bit_ctrl:bit_ctrl|c_state.rd_c                    ; clk          ; clk         ; 0.000        ; 0.036      ; 0.420      ;
; 0.300 ; i2c_master_top:i2c_core|i2c_master_byte_ctrl:u_byte|i2c_master_bit_ctrl:bit_ctrl|\bus_status_ctrl:filter_cnt[11] ; i2c_master_top:i2c_core|i2c_master_byte_ctrl:u_byte|i2c_master_bit_ctrl:bit_ctrl|\bus_status_ctrl:filter_cnt[11] ; clk          ; clk         ; 0.000        ; 0.036      ; 0.420      ;
; 0.301 ; i2c_master_top:i2c_core|i2c_master_byte_ctrl:u_byte|i2c_master_bit_ctrl:bit_ctrl|c_state.stop_c                  ; i2c_master_top:i2c_core|i2c_master_byte_ctrl:u_byte|i2c_master_bit_ctrl:bit_ctrl|c_state.stop_d                  ; clk          ; clk         ; 0.000        ; 0.037      ; 0.422      ;
; 0.301 ; i2c_master_top:i2c_core|i2c_master_byte_ctrl:u_byte|i2c_master_bit_ctrl:bit_ctrl|\bus_status_ctrl:fSDA[0]        ; i2c_master_top:i2c_core|i2c_master_byte_ctrl:u_byte|i2c_master_bit_ctrl:bit_ctrl|\bus_status_ctrl:fSDA[1]        ; clk          ; clk         ; 0.000        ; 0.036      ; 0.421      ;
; 0.301 ; i2c_master_top:i2c_core|i2c_master_byte_ctrl:u_byte|i2c_master_bit_ctrl:bit_ctrl|\bus_status_ctrl:filter_cnt[9]  ; i2c_master_top:i2c_core|i2c_master_byte_ctrl:u_byte|i2c_master_bit_ctrl:bit_ctrl|\bus_status_ctrl:filter_cnt[9]  ; clk          ; clk         ; 0.000        ; 0.036      ; 0.421      ;
; 0.302 ; i2c_master_top:i2c_core|i2c_master_byte_ctrl:u_byte|i2c_master_bit_ctrl:bit_ctrl|\bus_status_ctrl:fSCL[2]        ; i2c_master_top:i2c_core|i2c_master_byte_ctrl:u_byte|i2c_master_bit_ctrl:bit_ctrl|sSCL                            ; clk          ; clk         ; 0.000        ; 0.036      ; 0.422      ;
; 0.303 ; i2c_master_top:i2c_core|i2c_master_byte_ctrl:u_byte|i2c_master_bit_ctrl:bit_ctrl|\bus_status_ctrl:fSDA[1]        ; i2c_master_top:i2c_core|i2c_master_byte_ctrl:u_byte|i2c_master_bit_ctrl:bit_ctrl|\bus_status_ctrl:fSDA[2]        ; clk          ; clk         ; 0.000        ; 0.036      ; 0.423      ;
; 0.304 ; reset_counter[6]                                                                                                 ; reset_counter[6]                                                                                                 ; clk          ; clk         ; 0.000        ; 0.036      ; 0.424      ;
; 0.304 ; reset_counter[15]                                                                                                ; reset_counter[15]                                                                                                ; clk          ; clk         ; 0.000        ; 0.036      ; 0.424      ;
; 0.305 ; i2c_master_top:i2c_core|i2c_master_byte_ctrl:u_byte|i2c_master_bit_ctrl:bit_ctrl|\bus_status_ctrl:fSCL[1]        ; i2c_master_top:i2c_core|i2c_master_byte_ctrl:u_byte|i2c_master_bit_ctrl:bit_ctrl|\bus_status_ctrl:fSCL[2]        ; clk          ; clk         ; 0.000        ; 0.036      ; 0.425      ;
; 0.305 ; i2c_master_top:i2c_core|i2c_master_byte_ctrl:u_byte|i2c_master_bit_ctrl:bit_ctrl|\bus_status_ctrl:filter_cnt[6]  ; i2c_master_top:i2c_core|i2c_master_byte_ctrl:u_byte|i2c_master_bit_ctrl:bit_ctrl|\bus_status_ctrl:filter_cnt[6]  ; clk          ; clk         ; 0.000        ; 0.036      ; 0.425      ;
; 0.305 ; reset_counter[31]                                                                                                ; reset_counter[31]                                                                                                ; clk          ; clk         ; 0.000        ; 0.036      ; 0.425      ;
; 0.305 ; reset_counter[8]                                                                                                 ; reset_counter[8]                                                                                                 ; clk          ; clk         ; 0.000        ; 0.036      ; 0.425      ;
; 0.305 ; reset_counter[3]                                                                                                 ; reset_counter[3]                                                                                                 ; clk          ; clk         ; 0.000        ; 0.036      ; 0.425      ;
; 0.305 ; reset_counter[5]                                                                                                 ; reset_counter[5]                                                                                                 ; clk          ; clk         ; 0.000        ; 0.036      ; 0.425      ;
; 0.305 ; reset_counter[13]                                                                                                ; reset_counter[13]                                                                                                ; clk          ; clk         ; 0.000        ; 0.036      ; 0.425      ;
; 0.305 ; reset_counter[14]                                                                                                ; reset_counter[14]                                                                                                ; clk          ; clk         ; 0.000        ; 0.036      ; 0.425      ;
; 0.305 ; reset_counter[22]                                                                                                ; reset_counter[22]                                                                                                ; clk          ; clk         ; 0.000        ; 0.036      ; 0.425      ;
; 0.305 ; reset_counter[16]                                                                                                ; reset_counter[16]                                                                                                ; clk          ; clk         ; 0.000        ; 0.036      ; 0.425      ;
; 0.306 ; i2c_master_top:i2c_core|i2c_master_byte_ctrl:u_byte|i2c_master_bit_ctrl:bit_ctrl|\bus_status_ctrl:filter_cnt[13] ; i2c_master_top:i2c_core|i2c_master_byte_ctrl:u_byte|i2c_master_bit_ctrl:bit_ctrl|\bus_status_ctrl:filter_cnt[13] ; clk          ; clk         ; 0.000        ; 0.036      ; 0.426      ;
; 0.306 ; i2c_master_top:i2c_core|i2c_master_byte_ctrl:u_byte|i2c_master_bit_ctrl:bit_ctrl|\bus_status_ctrl:filter_cnt[4]  ; i2c_master_top:i2c_core|i2c_master_byte_ctrl:u_byte|i2c_master_bit_ctrl:bit_ctrl|\bus_status_ctrl:filter_cnt[4]  ; clk          ; clk         ; 0.000        ; 0.036      ; 0.426      ;
; 0.306 ; i2c_master_top:i2c_core|i2c_master_byte_ctrl:u_byte|i2c_master_bit_ctrl:bit_ctrl|\bus_status_ctrl:filter_cnt[5]  ; i2c_master_top:i2c_core|i2c_master_byte_ctrl:u_byte|i2c_master_bit_ctrl:bit_ctrl|\bus_status_ctrl:filter_cnt[5]  ; clk          ; clk         ; 0.000        ; 0.036      ; 0.426      ;
; 0.306 ; reset_counter[4]                                                                                                 ; reset_counter[4]                                                                                                 ; clk          ; clk         ; 0.000        ; 0.036      ; 0.426      ;
; 0.306 ; reset_counter[7]                                                                                                 ; reset_counter[7]                                                                                                 ; clk          ; clk         ; 0.000        ; 0.036      ; 0.426      ;
; 0.306 ; reset_counter[12]                                                                                                ; reset_counter[12]                                                                                                ; clk          ; clk         ; 0.000        ; 0.036      ; 0.426      ;
; 0.306 ; reset_counter[10]                                                                                                ; reset_counter[10]                                                                                                ; clk          ; clk         ; 0.000        ; 0.036      ; 0.426      ;
; 0.306 ; reset_counter[11]                                                                                                ; reset_counter[11]                                                                                                ; clk          ; clk         ; 0.000        ; 0.036      ; 0.426      ;
; 0.306 ; reset_counter[17]                                                                                                ; reset_counter[17]                                                                                                ; clk          ; clk         ; 0.000        ; 0.036      ; 0.426      ;
+-------+------------------------------------------------------------------------------------------------------------------+------------------------------------------------------------------------------------------------------------------+--------------+-------------+--------------+------------+------------+


----------------------------------------------
; Fast 1200mV 0C Model Metastability Summary ;
----------------------------------------------
No synchronizer chains to report.


+--------------------------------------------------------------------------------+
; Multicorner Timing Analysis Summary                                            ;
+------------------+----------+-------+----------+---------+---------------------+
; Clock            ; Setup    ; Hold  ; Recovery ; Removal ; Minimum Pulse Width ;
+------------------+----------+-------+----------+---------+---------------------+
; Worst-case Slack ; -3.633   ; 0.186 ; N/A      ; N/A     ; -3.000              ;
;  clk             ; -3.633   ; 0.186 ; N/A      ; N/A     ; -3.000              ;
; Design-wide TNS  ; -462.302 ; 0.0   ; 0.0      ; 0.0     ; -275.121            ;
;  clk             ; -462.302 ; 0.000 ; N/A      ; N/A     ; -275.121            ;
+------------------+----------+-------+----------+---------+---------------------+


+------------------------------------------------------------------------------------------------------------------------------------------------------------------------------------------------------------------------------------------------------------------------------------------------------------------------------------------------------------------------------------------------------------------+
; Board Trace Model Assignments                                                                                                                                                                                                                                                                                                                                                                                    ;
+---------------+--------------+-------------------+-------------------------+-------------------------+---------------+---------------------+----------------+------------------+--------+------------------+------------------------+------------------------+--------------+---------------+-----------------+-------+---------------------+--------------------+---------------+-----------------+-------------+
; Pin           ; I/O Standard ; Near Tline Length ; Near Tline L per Length ; Near Tline C per Length ; Near Series R ; Near Differential R ; Near Pull-up R ; Near Pull-down R ; Near C ; Far Tline Length ; Far Tline L per Length ; Far Tline C per Length ; Far Series R ; Far Pull-up R ; Far Pull-down R ; Far C ; Termination Voltage ; Far Differential R ; EBD File Name ; EBD Signal Name ; EBD Far-end ;
+---------------+--------------+-------------------+-------------------------+-------------------------+---------------+---------------------+----------------+------------------+--------+------------------+------------------------+------------------------+--------------+---------------+-----------------+-------+---------------------+--------------------+---------------+-----------------+-------------+
; data_out[0]   ; 3.3-V LVTTL  ; 0 in              ; 0 H/in                  ; 0 F/in                  ; short         ; -                   ; open           ; open             ; open   ; 0 in             ; 0 H/in                 ; 0 F/in                 ; short        ; open          ; open            ; open  ; 0 V                 ; -                  ; n/a           ; n/a             ; n/a         ;
; data_out[1]   ; 3.3-V LVTTL  ; 0 in              ; 0 H/in                  ; 0 F/in                  ; short         ; -                   ; open           ; open             ; open   ; 0 in             ; 0 H/in                 ; 0 F/in                 ; short        ; open          ; open            ; open  ; 0 V                 ; -                  ; n/a           ; n/a             ; n/a         ;
; data_out[2]   ; 3.3-V LVTTL  ; 0 in              ; 0 H/in                  ; 0 F/in                  ; short         ; -                   ; open           ; open             ; open   ; 0 in             ; 0 H/in                 ; 0 F/in                 ; short        ; open          ; open            ; open  ; 0 V                 ; -                  ; n/a           ; n/a             ; n/a         ;
; data_out[3]   ; 3.3-V LVTTL  ; 0 in              ; 0 H/in                  ; 0 F/in                  ; short         ; -                   ; open           ; open             ; open   ; 0 in             ; 0 H/in                 ; 0 F/in                 ; short        ; open          ; open            ; open  ; 0 V                 ; -                  ; n/a           ; n/a             ; n/a         ;
; data_out[4]   ; 3.3-V LVTTL  ; 0 in              ; 0 H/in                  ; 0 F/in                  ; short         ; -                   ; open           ; open             ; open   ; 0 in             ; 0 H/in                 ; 0 F/in                 ; short        ; open          ; open            ; open  ; 0 V                 ; -                  ; n/a           ; n/a             ; n/a         ;
; data_out[5]   ; 3.3-V LVTTL  ; 0 in              ; 0 H/in                  ; 0 F/in                  ; short         ; -                   ; open           ; open             ; open   ; 0 in             ; 0 H/in                 ; 0 F/in                 ; short        ; open          ; open            ; open  ; 0 V                 ; -                  ; n/a           ; n/a             ; n/a         ;
; data_out[6]   ; 3.3-V LVTTL  ; 0 in              ; 0 H/in                  ; 0 F/in                  ; short         ; -                   ; open           ; open             ; open   ; 0 in             ; 0 H/in                 ; 0 F/in                 ; short        ; open          ; open            ; open  ; 0 V                 ; -                  ; n/a           ; n/a             ; n/a         ;
; data_out[7]   ; 3.3-V LVTTL  ; 0 in              ; 0 H/in                  ; 0 F/in                  ; short         ; -                   ; open           ; open             ; open   ; 0 in             ; 0 H/in                 ; 0 F/in                 ; short        ; open          ; open            ; open  ; 0 V                 ; -                  ; n/a           ; n/a             ; n/a         ;
; scl_o         ; 3.3-V LVTTL  ; 0 in              ; 0 H/in                  ; 0 F/in                  ; short         ; -                   ; open           ; open             ; open   ; 0 in             ; 0 H/in                 ; 0 F/in                 ; short        ; open          ; open            ; open  ; 0 V                 ; -                  ; n/a           ; n/a             ; n/a         ;
; sda_o         ; 3.3-V LVTTL  ; 0 in              ; 0 H/in                  ; 0 F/in                  ; short         ; -                   ; open           ; open             ; open   ; 0 in             ; 0 H/in                 ; 0 F/in                 ; short        ; open          ; open            ; open  ; 0 V                 ; -                  ; n/a           ; n/a             ; n/a         ;
; reset_out     ; 3.3-V LVTTL  ; 0 in              ; 0 H/in                  ; 0 F/in                  ; short         ; -                   ; open           ; open             ; open   ; 0 in             ; 0 H/in                 ; 0 F/in                 ; short        ; open          ; open            ; open  ; 0 V                 ; -                  ; n/a           ; n/a             ; n/a         ;
; scl           ; 3.3-V LVTTL  ; 0 in              ; 0 H/in                  ; 0 F/in                  ; short         ; -                   ; open           ; open             ; open   ; 0 in             ; 0 H/in                 ; 0 F/in                 ; short        ; open          ; open            ; open  ; 0 V                 ; -                  ; n/a           ; n/a             ; n/a         ;
; sda           ; 3.3-V LVTTL  ; 0 in              ; 0 H/in                  ; 0 F/in                  ; short         ; -                   ; open           ; open             ; open   ; 0 in             ; 0 H/in                 ; 0 F/in                 ; short        ; open          ; open            ; open  ; 0 V                 ; -                  ; n/a           ; n/a             ; n/a         ;
; ~ALTERA_DCLK~ ; 3.3-V LVTTL  ; 0 in              ; 0 H/in                  ; 0 F/in                  ; short         ; -                   ; open           ; open             ; open   ; 0 in             ; 0 H/in                 ; 0 F/in                 ; short        ; open          ; open            ; open  ; 0 V                 ; -                  ; n/a           ; n/a             ; n/a         ;
; ~ALTERA_nCEO~ ; 3.3-V LVTTL  ; 0 in              ; 0 H/in                  ; 0 F/in                  ; short         ; -                   ; open           ; open             ; open   ; 0 in             ; 0 H/in                 ; 0 F/in                 ; short        ; open          ; open            ; open  ; 0 V                 ; -                  ; n/a           ; n/a             ; n/a         ;
+---------------+--------------+-------------------+-------------------------+-------------------------+---------------+---------------------+----------------+------------------+--------+------------------+------------------------+------------------------+--------------+---------------+-----------------+-------+---------------------+--------------------+---------------+-----------------+-------------+


+----------------------------------------------------------------------------+
; Input Transition Times                                                     ;
+-------------------------+--------------+-----------------+-----------------+
; Pin                     ; I/O Standard ; 10-90 Rise Time ; 90-10 Fall Time ;
+-------------------------+--------------+-----------------+-----------------+
; scl                     ; 3.3-V LVTTL  ; 2640 ps         ; 2640 ps         ;
; sda                     ; 3.3-V LVTTL  ; 2640 ps         ; 2640 ps         ;
; clk                     ; 3.3-V LVTTL  ; 2640 ps         ; 2640 ps         ;
; reset                   ; 3.3-V LVTTL  ; 2640 ps         ; 2640 ps         ;
; ~ALTERA_ASDO_DATA1~     ; 3.3-V LVTTL  ; 2640 ps         ; 2640 ps         ;
; ~ALTERA_FLASH_nCE_nCSO~ ; 3.3-V LVTTL  ; 2640 ps         ; 2640 ps         ;
; ~ALTERA_DATA0~          ; 3.3-V LVTTL  ; 2640 ps         ; 2640 ps         ;
+-------------------------+--------------+-----------------+-----------------+


+--------------------------------------------------------------------------------------------------------------------------------------------------------------------------------------------------------------------------------------------------------------------------------------------------------------------------------------------------------------------------------------------------------------------------------------------------------------------------------------------------------------------------------------------------------------------------------------------------------------------------------------------------------------------------------------------+
; Signal Integrity Metrics (Slow 1200mv 0c Model)                                                                                                                                                                                                                                                                                                                                                                                                                                                                                                                                                                                                                                            ;
+---------------+--------------+---------------------+---------------------+------------------------------+------------------------------+---------------------+---------------------+--------------------------------------+--------------------------------------+-----------------------------+-----------------------------+----------------------------+----------------------------+-----------------------------+-----------------------------+--------------------+--------------------+-------------------------------------+-------------------------------------+----------------------------+----------------------------+---------------------------+---------------------------+
; Pin           ; I/O Standard ; Board Delay on Rise ; Board Delay on Fall ; Steady State Voh at FPGA Pin ; Steady State Vol at FPGA Pin ; Voh Max at FPGA Pin ; Vol Min at FPGA Pin ; Ringback Voltage on Rise at FPGA Pin ; Ringback Voltage on Fall at FPGA Pin ; 10-90 Rise Time at FPGA Pin ; 90-10 Fall Time at FPGA Pin ; Monotonic Rise at FPGA Pin ; Monotonic Fall at FPGA Pin ; Steady State Voh at Far-end ; Steady State Vol at Far-end ; Voh Max at Far-end ; Vol Min at Far-end ; Ringback Voltage on Rise at Far-end ; Ringback Voltage on Fall at Far-end ; 10-90 Rise Time at Far-end ; 90-10 Fall Time at Far-end ; Monotonic Rise at Far-end ; Monotonic Fall at Far-end ;
+---------------+--------------+---------------------+---------------------+------------------------------+------------------------------+---------------------+---------------------+--------------------------------------+--------------------------------------+-----------------------------+-----------------------------+----------------------------+----------------------------+-----------------------------+-----------------------------+--------------------+--------------------+-------------------------------------+-------------------------------------+----------------------------+----------------------------+---------------------------+---------------------------+
; data_out[0]   ; 3.3-V LVTTL  ; 0 s                 ; 0 s                 ; 3.08 V                       ; 6.38e-09 V                   ; 3.09 V              ; -0.011 V            ; 0.226 V                              ; 0.296 V                              ; 4.86e-09 s                  ; 3.55e-09 s                  ; Yes                        ; Yes                        ; 3.08 V                      ; 6.38e-09 V                  ; 3.09 V             ; -0.011 V           ; 0.226 V                             ; 0.296 V                             ; 4.86e-09 s                 ; 3.55e-09 s                 ; Yes                       ; Yes                       ;
; data_out[1]   ; 3.3-V LVTTL  ; 0 s                 ; 0 s                 ; 3.08 V                       ; 6.38e-09 V                   ; 3.12 V              ; -0.0818 V           ; 0.205 V                              ; 0.244 V                              ; 8.86e-10 s                  ; 6.56e-10 s                  ; No                         ; No                         ; 3.08 V                      ; 6.38e-09 V                  ; 3.12 V             ; -0.0818 V          ; 0.205 V                             ; 0.244 V                             ; 8.86e-10 s                 ; 6.56e-10 s                 ; No                        ; No                        ;
; data_out[2]   ; 3.3-V LVTTL  ; 0 s                 ; 0 s                 ; 3.08 V                       ; 6.38e-09 V                   ; 3.12 V              ; -0.0818 V           ; 0.205 V                              ; 0.244 V                              ; 8.86e-10 s                  ; 6.56e-10 s                  ; No                         ; No                         ; 3.08 V                      ; 6.38e-09 V                  ; 3.12 V             ; -0.0818 V          ; 0.205 V                             ; 0.244 V                             ; 8.86e-10 s                 ; 6.56e-10 s                 ; No                        ; No                        ;
; data_out[3]   ; 3.3-V LVTTL  ; 0 s                 ; 0 s                 ; 3.08 V                       ; 6.38e-09 V                   ; 3.13 V              ; -0.117 V            ; 0.15 V                               ; 0.263 V                              ; 6.31e-10 s                  ; 4.46e-10 s                  ; No                         ; No                         ; 3.08 V                      ; 6.38e-09 V                  ; 3.13 V             ; -0.117 V           ; 0.15 V                              ; 0.263 V                             ; 6.31e-10 s                 ; 4.46e-10 s                 ; No                        ; No                        ;
; data_out[4]   ; 3.3-V LVTTL  ; 0 s                 ; 0 s                 ; 3.08 V                       ; 6.38e-09 V                   ; 3.12 V              ; -0.0818 V           ; 0.205 V                              ; 0.244 V                              ; 8.86e-10 s                  ; 6.56e-10 s                  ; No                         ; No                         ; 3.08 V                      ; 6.38e-09 V                  ; 3.12 V             ; -0.0818 V          ; 0.205 V                             ; 0.244 V                             ; 8.86e-10 s                 ; 6.56e-10 s                 ; No                        ; No                        ;
; data_out[5]   ; 3.3-V LVTTL  ; 0 s                 ; 0 s                 ; 3.08 V                       ; 6.38e-09 V                   ; 3.13 V              ; -0.117 V            ; 0.15 V                               ; 0.263 V                              ; 6.31e-10 s                  ; 4.46e-10 s                  ; No                         ; No                         ; 3.08 V                      ; 6.38e-09 V                  ; 3.13 V             ; -0.117 V           ; 0.15 V                              ; 0.263 V                             ; 6.31e-10 s                 ; 4.46e-10 s                 ; No                        ; No                        ;
; data_out[6]   ; 3.3-V LVTTL  ; 0 s                 ; 0 s                 ; 3.08 V                       ; 8.89e-09 V                   ; 3.12 V              ; -0.11 V             ; 0.153 V                              ; 0.272 V                              ; 6.41e-10 s                  ; 4.57e-10 s                  ; No                         ; Yes                        ; 3.08 V                      ; 8.89e-09 V                  ; 3.12 V             ; -0.11 V            ; 0.153 V                             ; 0.272 V                             ; 6.41e-10 s                 ; 4.57e-10 s                 ; No                        ; Yes                       ;
; data_out[7]   ; 3.3-V LVTTL  ; 0 s                 ; 0 s                 ; 3.08 V                       ; 6.38e-09 V                   ; 3.12 V              ; -0.0818 V           ; 0.205 V                              ; 0.244 V                              ; 8.86e-10 s                  ; 6.56e-10 s                  ; No                         ; No                         ; 3.08 V                      ; 6.38e-09 V                  ; 3.12 V             ; -0.0818 V          ; 0.205 V                             ; 0.244 V                             ; 8.86e-10 s                 ; 6.56e-10 s                 ; No                        ; No                        ;
; scl_o         ; 3.3-V LVTTL  ; 0 s                 ; 0 s                 ; 3.08 V                       ; 8.89e-09 V                   ; 3.12 V              ; -0.11 V             ; 0.153 V                              ; 0.272 V                              ; 6.41e-10 s                  ; 4.57e-10 s                  ; No                         ; Yes                        ; 3.08 V                      ; 8.89e-09 V                  ; 3.12 V             ; -0.11 V            ; 0.153 V                             ; 0.272 V                             ; 6.41e-10 s                 ; 4.57e-10 s                 ; No                        ; Yes                       ;
; sda_o         ; 3.3-V LVTTL  ; 0 s                 ; 0 s                 ; 3.08 V                       ; 6.38e-09 V                   ; 3.13 V              ; -0.117 V            ; 0.15 V                               ; 0.263 V                              ; 6.31e-10 s                  ; 4.46e-10 s                  ; No                         ; No                         ; 3.08 V                      ; 6.38e-09 V                  ; 3.13 V             ; -0.117 V           ; 0.15 V                              ; 0.263 V                             ; 6.31e-10 s                 ; 4.46e-10 s                 ; No                        ; No                        ;
; reset_out     ; 3.3-V LVTTL  ; 0 s                 ; 0 s                 ; 3.08 V                       ; 6.38e-09 V                   ; 3.12 V              ; -0.0818 V           ; 0.205 V                              ; 0.244 V                              ; 8.86e-10 s                  ; 6.56e-10 s                  ; No                         ; No                         ; 3.08 V                      ; 6.38e-09 V                  ; 3.12 V             ; -0.0818 V          ; 0.205 V                             ; 0.244 V                             ; 8.86e-10 s                 ; 6.56e-10 s                 ; No                        ; No                        ;
; scl           ; 3.3-V LVTTL  ; 0 s                 ; 0 s                 ; 3.08 V                       ; 8.89e-09 V                   ; 3.12 V              ; -0.11 V             ; 0.153 V                              ; 0.272 V                              ; 6.41e-10 s                  ; 4.57e-10 s                  ; No                         ; Yes                        ; 3.08 V                      ; 8.89e-09 V                  ; 3.12 V             ; -0.11 V            ; 0.153 V                             ; 0.272 V                             ; 6.41e-10 s                 ; 4.57e-10 s                 ; No                        ; Yes                       ;
; sda           ; 3.3-V LVTTL  ; 0 s                 ; 0 s                 ; 3.08 V                       ; 8.89e-09 V                   ; 3.12 V              ; -0.11 V             ; 0.153 V                              ; 0.272 V                              ; 6.41e-10 s                  ; 4.57e-10 s                  ; No                         ; Yes                        ; 3.08 V                      ; 8.89e-09 V                  ; 3.12 V             ; -0.11 V            ; 0.153 V                             ; 0.272 V                             ; 6.41e-10 s                 ; 4.57e-10 s                 ; No                        ; Yes                       ;
; ~ALTERA_DCLK~ ; 3.3-V LVTTL  ; 0 s                 ; 0 s                 ; 3.08 V                       ; 3.51e-09 V                   ; 3.18 V              ; -0.157 V            ; 0.147 V                              ; 0.259 V                              ; 2.81e-10 s                  ; 2.53e-10 s                  ; Yes                        ; Yes                        ; 3.08 V                      ; 3.51e-09 V                  ; 3.18 V             ; -0.157 V           ; 0.147 V                             ; 0.259 V                             ; 2.81e-10 s                 ; 2.53e-10 s                 ; Yes                       ; Yes                       ;
; ~ALTERA_nCEO~ ; 3.3-V LVTTL  ; 0 s                 ; 0 s                 ; 3.08 V                       ; 6.38e-09 V                   ; 3.12 V              ; -0.0818 V           ; 0.205 V                              ; 0.244 V                              ; 8.86e-10 s                  ; 6.56e-10 s                  ; No                         ; No                         ; 3.08 V                      ; 6.38e-09 V                  ; 3.12 V             ; -0.0818 V          ; 0.205 V                             ; 0.244 V                             ; 8.86e-10 s                 ; 6.56e-10 s                 ; No                        ; No                        ;
+---------------+--------------+---------------------+---------------------+------------------------------+------------------------------+---------------------+---------------------+--------------------------------------+--------------------------------------+-----------------------------+-----------------------------+----------------------------+----------------------------+-----------------------------+-----------------------------+--------------------+--------------------+-------------------------------------+-------------------------------------+----------------------------+----------------------------+---------------------------+---------------------------+


+--------------------------------------------------------------------------------------------------------------------------------------------------------------------------------------------------------------------------------------------------------------------------------------------------------------------------------------------------------------------------------------------------------------------------------------------------------------------------------------------------------------------------------------------------------------------------------------------------------------------------------------------------------------------------------------------+
; Signal Integrity Metrics (Slow 1200mv 85c Model)                                                                                                                                                                                                                                                                                                                                                                                                                                                                                                                                                                                                                                           ;
+---------------+--------------+---------------------+---------------------+------------------------------+------------------------------+---------------------+---------------------+--------------------------------------+--------------------------------------+-----------------------------+-----------------------------+----------------------------+----------------------------+-----------------------------+-----------------------------+--------------------+--------------------+-------------------------------------+-------------------------------------+----------------------------+----------------------------+---------------------------+---------------------------+
; Pin           ; I/O Standard ; Board Delay on Rise ; Board Delay on Fall ; Steady State Voh at FPGA Pin ; Steady State Vol at FPGA Pin ; Voh Max at FPGA Pin ; Vol Min at FPGA Pin ; Ringback Voltage on Rise at FPGA Pin ; Ringback Voltage on Fall at FPGA Pin ; 10-90 Rise Time at FPGA Pin ; 90-10 Fall Time at FPGA Pin ; Monotonic Rise at FPGA Pin ; Monotonic Fall at FPGA Pin ; Steady State Voh at Far-end ; Steady State Vol at Far-end ; Voh Max at Far-end ; Vol Min at Far-end ; Ringback Voltage on Rise at Far-end ; Ringback Voltage on Fall at Far-end ; 10-90 Rise Time at Far-end ; 90-10 Fall Time at Far-end ; Monotonic Rise at Far-end ; Monotonic Fall at Far-end ;
+---------------+--------------+---------------------+---------------------+------------------------------+------------------------------+---------------------+---------------------+--------------------------------------+--------------------------------------+-----------------------------+-----------------------------+----------------------------+----------------------------+-----------------------------+-----------------------------+--------------------+--------------------+-------------------------------------+-------------------------------------+----------------------------+----------------------------+---------------------------+---------------------------+
; data_out[0]   ; 3.3-V LVTTL  ; 0 s                 ; 0 s                 ; 3.08 V                       ; 5.04e-07 V                   ; 3.08 V              ; -0.0053 V           ; 0.206 V                              ; 0.247 V                              ; 5.77e-09 s                  ; 4.45e-09 s                  ; Yes                        ; Yes                        ; 3.08 V                      ; 5.04e-07 V                  ; 3.08 V             ; -0.0053 V          ; 0.206 V                             ; 0.247 V                             ; 5.77e-09 s                 ; 4.45e-09 s                 ; Yes                       ; Yes                       ;
; data_out[1]   ; 3.3-V LVTTL  ; 0 s                 ; 0 s                 ; 3.08 V                       ; 5.04e-07 V                   ; 3.11 V              ; -0.0469 V           ; 0.191 V                              ; 0.215 V                              ; 1.08e-09 s                  ; 8.62e-10 s                  ; Yes                        ; No                         ; 3.08 V                      ; 5.04e-07 V                  ; 3.11 V             ; -0.0469 V          ; 0.191 V                             ; 0.215 V                             ; 1.08e-09 s                 ; 8.62e-10 s                 ; Yes                       ; No                        ;
; data_out[2]   ; 3.3-V LVTTL  ; 0 s                 ; 0 s                 ; 3.08 V                       ; 5.04e-07 V                   ; 3.11 V              ; -0.0469 V           ; 0.191 V                              ; 0.215 V                              ; 1.08e-09 s                  ; 8.62e-10 s                  ; Yes                        ; No                         ; 3.08 V                      ; 5.04e-07 V                  ; 3.11 V             ; -0.0469 V          ; 0.191 V                             ; 0.215 V                             ; 1.08e-09 s                 ; 8.62e-10 s                 ; Yes                       ; No                        ;
; data_out[3]   ; 3.3-V LVTTL  ; 0 s                 ; 0 s                 ; 3.08 V                       ; 5.04e-07 V                   ; 3.11 V              ; -0.0624 V           ; 0.233 V                              ; 0.172 V                              ; 6.86e-10 s                  ; 6.33e-10 s                  ; Yes                        ; No                         ; 3.08 V                      ; 5.04e-07 V                  ; 3.11 V             ; -0.0624 V          ; 0.233 V                             ; 0.172 V                             ; 6.86e-10 s                 ; 6.33e-10 s                 ; Yes                       ; No                        ;
; data_out[4]   ; 3.3-V LVTTL  ; 0 s                 ; 0 s                 ; 3.08 V                       ; 5.04e-07 V                   ; 3.11 V              ; -0.0469 V           ; 0.191 V                              ; 0.215 V                              ; 1.08e-09 s                  ; 8.62e-10 s                  ; Yes                        ; No                         ; 3.08 V                      ; 5.04e-07 V                  ; 3.11 V             ; -0.0469 V          ; 0.191 V                             ; 0.215 V                             ; 1.08e-09 s                 ; 8.62e-10 s                 ; Yes                       ; No                        ;
; data_out[5]   ; 3.3-V LVTTL  ; 0 s                 ; 0 s                 ; 3.08 V                       ; 5.04e-07 V                   ; 3.11 V              ; -0.0624 V           ; 0.233 V                              ; 0.172 V                              ; 6.86e-10 s                  ; 6.33e-10 s                  ; Yes                        ; No                         ; 3.08 V                      ; 5.04e-07 V                  ; 3.11 V             ; -0.0624 V          ; 0.233 V                             ; 0.172 V                             ; 6.86e-10 s                 ; 6.33e-10 s                 ; Yes                       ; No                        ;
; data_out[6]   ; 3.3-V LVTTL  ; 0 s                 ; 0 s                 ; 3.08 V                       ; 7.5e-07 V                    ; 3.11 V              ; -0.0503 V           ; 0.122 V                              ; 0.172 V                              ; 7.08e-10 s                  ; 6.43e-10 s                  ; Yes                        ; Yes                        ; 3.08 V                      ; 7.5e-07 V                   ; 3.11 V             ; -0.0503 V          ; 0.122 V                             ; 0.172 V                             ; 7.08e-10 s                 ; 6.43e-10 s                 ; Yes                       ; Yes                       ;
; data_out[7]   ; 3.3-V LVTTL  ; 0 s                 ; 0 s                 ; 3.08 V                       ; 5.04e-07 V                   ; 3.11 V              ; -0.0469 V           ; 0.191 V                              ; 0.215 V                              ; 1.08e-09 s                  ; 8.62e-10 s                  ; Yes                        ; No                         ; 3.08 V                      ; 5.04e-07 V                  ; 3.11 V             ; -0.0469 V          ; 0.191 V                             ; 0.215 V                             ; 1.08e-09 s                 ; 8.62e-10 s                 ; Yes                       ; No                        ;
; scl_o         ; 3.3-V LVTTL  ; 0 s                 ; 0 s                 ; 3.08 V                       ; 7.5e-07 V                    ; 3.11 V              ; -0.0503 V           ; 0.122 V                              ; 0.172 V                              ; 7.08e-10 s                  ; 6.43e-10 s                  ; Yes                        ; Yes                        ; 3.08 V                      ; 7.5e-07 V                   ; 3.11 V             ; -0.0503 V          ; 0.122 V                             ; 0.172 V                             ; 7.08e-10 s                 ; 6.43e-10 s                 ; Yes                       ; Yes                       ;
; sda_o         ; 3.3-V LVTTL  ; 0 s                 ; 0 s                 ; 3.08 V                       ; 5.04e-07 V                   ; 3.11 V              ; -0.0624 V           ; 0.233 V                              ; 0.172 V                              ; 6.86e-10 s                  ; 6.33e-10 s                  ; Yes                        ; No                         ; 3.08 V                      ; 5.04e-07 V                  ; 3.11 V             ; -0.0624 V          ; 0.233 V                             ; 0.172 V                             ; 6.86e-10 s                 ; 6.33e-10 s                 ; Yes                       ; No                        ;
; reset_out     ; 3.3-V LVTTL  ; 0 s                 ; 0 s                 ; 3.08 V                       ; 5.04e-07 V                   ; 3.11 V              ; -0.0469 V           ; 0.191 V                              ; 0.215 V                              ; 1.08e-09 s                  ; 8.62e-10 s                  ; Yes                        ; No                         ; 3.08 V                      ; 5.04e-07 V                  ; 3.11 V             ; -0.0469 V          ; 0.191 V                             ; 0.215 V                             ; 1.08e-09 s                 ; 8.62e-10 s                 ; Yes                       ; No                        ;
; scl           ; 3.3-V LVTTL  ; 0 s                 ; 0 s                 ; 3.08 V                       ; 7.5e-07 V                    ; 3.11 V              ; -0.0503 V           ; 0.122 V                              ; 0.172 V                              ; 7.08e-10 s                  ; 6.43e-10 s                  ; Yes                        ; Yes                        ; 3.08 V                      ; 7.5e-07 V                   ; 3.11 V             ; -0.0503 V          ; 0.122 V                             ; 0.172 V                             ; 7.08e-10 s                 ; 6.43e-10 s                 ; Yes                       ; Yes                       ;
; sda           ; 3.3-V LVTTL  ; 0 s                 ; 0 s                 ; 3.08 V                       ; 7.5e-07 V                    ; 3.11 V              ; -0.0503 V           ; 0.122 V                              ; 0.172 V                              ; 7.08e-10 s                  ; 6.43e-10 s                  ; Yes                        ; Yes                        ; 3.08 V                      ; 7.5e-07 V                   ; 3.11 V             ; -0.0503 V          ; 0.122 V                             ; 0.172 V                             ; 7.08e-10 s                 ; 6.43e-10 s                 ; Yes                       ; Yes                       ;
; ~ALTERA_DCLK~ ; 3.3-V LVTTL  ; 0 s                 ; 0 s                 ; 3.08 V                       ; 2.6e-07 V                    ; 3.13 V              ; -0.103 V            ; 0.164 V                              ; 0.134 V                              ; 3.14e-10 s                  ; 4.05e-10 s                  ; Yes                        ; No                         ; 3.08 V                      ; 2.6e-07 V                   ; 3.13 V             ; -0.103 V           ; 0.164 V                             ; 0.134 V                             ; 3.14e-10 s                 ; 4.05e-10 s                 ; Yes                       ; No                        ;
; ~ALTERA_nCEO~ ; 3.3-V LVTTL  ; 0 s                 ; 0 s                 ; 3.08 V                       ; 5.04e-07 V                   ; 3.11 V              ; -0.0469 V           ; 0.191 V                              ; 0.215 V                              ; 1.08e-09 s                  ; 8.62e-10 s                  ; Yes                        ; No                         ; 3.08 V                      ; 5.04e-07 V                  ; 3.11 V             ; -0.0469 V          ; 0.191 V                             ; 0.215 V                             ; 1.08e-09 s                 ; 8.62e-10 s                 ; Yes                       ; No                        ;
+---------------+--------------+---------------------+---------------------+------------------------------+------------------------------+---------------------+---------------------+--------------------------------------+--------------------------------------+-----------------------------+-----------------------------+----------------------------+----------------------------+-----------------------------+-----------------------------+--------------------+--------------------+-------------------------------------+-------------------------------------+----------------------------+----------------------------+---------------------------+---------------------------+


+--------------------------------------------------------------------------------------------------------------------------------------------------------------------------------------------------------------------------------------------------------------------------------------------------------------------------------------------------------------------------------------------------------------------------------------------------------------------------------------------------------------------------------------------------------------------------------------------------------------------------------------------------------------------------------------------+
; Signal Integrity Metrics (Fast 1200mv 0c Model)                                                                                                                                                                                                                                                                                                                                                                                                                                                                                                                                                                                                                                            ;
+---------------+--------------+---------------------+---------------------+------------------------------+------------------------------+---------------------+---------------------+--------------------------------------+--------------------------------------+-----------------------------+-----------------------------+----------------------------+----------------------------+-----------------------------+-----------------------------+--------------------+--------------------+-------------------------------------+-------------------------------------+----------------------------+----------------------------+---------------------------+---------------------------+
; Pin           ; I/O Standard ; Board Delay on Rise ; Board Delay on Fall ; Steady State Voh at FPGA Pin ; Steady State Vol at FPGA Pin ; Voh Max at FPGA Pin ; Vol Min at FPGA Pin ; Ringback Voltage on Rise at FPGA Pin ; Ringback Voltage on Fall at FPGA Pin ; 10-90 Rise Time at FPGA Pin ; 90-10 Fall Time at FPGA Pin ; Monotonic Rise at FPGA Pin ; Monotonic Fall at FPGA Pin ; Steady State Voh at Far-end ; Steady State Vol at Far-end ; Voh Max at Far-end ; Vol Min at Far-end ; Ringback Voltage on Rise at Far-end ; Ringback Voltage on Fall at Far-end ; 10-90 Rise Time at Far-end ; 90-10 Fall Time at Far-end ; Monotonic Rise at Far-end ; Monotonic Fall at Far-end ;
+---------------+--------------+---------------------+---------------------+------------------------------+------------------------------+---------------------+---------------------+--------------------------------------+--------------------------------------+-----------------------------+-----------------------------+----------------------------+----------------------------+-----------------------------+-----------------------------+--------------------+--------------------+-------------------------------------+-------------------------------------+----------------------------+----------------------------+---------------------------+---------------------------+
; data_out[0]   ; 3.3-V LVTTL  ; 0 s                 ; 0 s                 ; 3.46 V                       ; 1.25e-07 V                   ; 3.48 V              ; -0.0162 V           ; 0.354 V                              ; 0.317 V                              ; 3.88e-09 s                  ; 3.06e-09 s                  ; No                         ; No                         ; 3.46 V                      ; 1.25e-07 V                  ; 3.48 V             ; -0.0162 V          ; 0.354 V                             ; 0.317 V                             ; 3.88e-09 s                 ; 3.06e-09 s                 ; No                        ; No                        ;
; data_out[1]   ; 3.3-V LVTTL  ; 0 s                 ; 0 s                 ; 3.46 V                       ; 1.25e-07 V                   ; 3.57 V              ; -0.0855 V           ; 0.315 V                              ; 0.175 V                              ; 6.79e-10 s                  ; 6.15e-10 s                  ; No                         ; No                         ; 3.46 V                      ; 1.25e-07 V                  ; 3.57 V             ; -0.0855 V          ; 0.315 V                             ; 0.175 V                             ; 6.79e-10 s                 ; 6.15e-10 s                 ; No                        ; No                        ;
; data_out[2]   ; 3.3-V LVTTL  ; 0 s                 ; 0 s                 ; 3.46 V                       ; 1.25e-07 V                   ; 3.57 V              ; -0.0855 V           ; 0.315 V                              ; 0.175 V                              ; 6.79e-10 s                  ; 6.15e-10 s                  ; No                         ; No                         ; 3.46 V                      ; 1.25e-07 V                  ; 3.57 V             ; -0.0855 V          ; 0.315 V                             ; 0.175 V                             ; 6.79e-10 s                 ; 6.15e-10 s                 ; No                        ; No                        ;
; data_out[3]   ; 3.3-V LVTTL  ; 0 s                 ; 0 s                 ; 3.46 V                       ; 1.25e-07 V                   ; 3.6 V               ; -0.127 V            ; 0.302 V                              ; 0.21 V                               ; 4.55e-10 s                  ; 4.11e-10 s                  ; No                         ; No                         ; 3.46 V                      ; 1.25e-07 V                  ; 3.6 V              ; -0.127 V           ; 0.302 V                             ; 0.21 V                              ; 4.55e-10 s                 ; 4.11e-10 s                 ; No                        ; No                        ;
; data_out[4]   ; 3.3-V LVTTL  ; 0 s                 ; 0 s                 ; 3.46 V                       ; 1.25e-07 V                   ; 3.57 V              ; -0.0855 V           ; 0.315 V                              ; 0.175 V                              ; 6.79e-10 s                  ; 6.15e-10 s                  ; No                         ; No                         ; 3.46 V                      ; 1.25e-07 V                  ; 3.57 V             ; -0.0855 V          ; 0.315 V                             ; 0.175 V                             ; 6.79e-10 s                 ; 6.15e-10 s                 ; No                        ; No                        ;
; data_out[5]   ; 3.3-V LVTTL  ; 0 s                 ; 0 s                 ; 3.46 V                       ; 1.25e-07 V                   ; 3.6 V               ; -0.127 V            ; 0.302 V                              ; 0.21 V                               ; 4.55e-10 s                  ; 4.11e-10 s                  ; No                         ; No                         ; 3.46 V                      ; 1.25e-07 V                  ; 3.6 V              ; -0.127 V           ; 0.302 V                             ; 0.21 V                              ; 4.55e-10 s                 ; 4.11e-10 s                 ; No                        ; No                        ;
; data_out[6]   ; 3.3-V LVTTL  ; 0 s                 ; 0 s                 ; 3.46 V                       ; 1.85e-07 V                   ; 3.57 V              ; -0.141 V            ; 0.301 V                              ; 0.239 V                              ; 4.61e-10 s                  ; 4.2e-10 s                   ; No                         ; No                         ; 3.46 V                      ; 1.85e-07 V                  ; 3.57 V             ; -0.141 V           ; 0.301 V                             ; 0.239 V                             ; 4.61e-10 s                 ; 4.2e-10 s                  ; No                        ; No                        ;
; data_out[7]   ; 3.3-V LVTTL  ; 0 s                 ; 0 s                 ; 3.46 V                       ; 1.25e-07 V                   ; 3.57 V              ; -0.0855 V           ; 0.315 V                              ; 0.175 V                              ; 6.79e-10 s                  ; 6.15e-10 s                  ; No                         ; No                         ; 3.46 V                      ; 1.25e-07 V                  ; 3.57 V             ; -0.0855 V          ; 0.315 V                             ; 0.175 V                             ; 6.79e-10 s                 ; 6.15e-10 s                 ; No                        ; No                        ;
; scl_o         ; 3.3-V LVTTL  ; 0 s                 ; 0 s                 ; 3.46 V                       ; 1.85e-07 V                   ; 3.57 V              ; -0.141 V            ; 0.301 V                              ; 0.239 V                              ; 4.61e-10 s                  ; 4.2e-10 s                   ; No                         ; No                         ; 3.46 V                      ; 1.85e-07 V                  ; 3.57 V             ; -0.141 V           ; 0.301 V                             ; 0.239 V                             ; 4.61e-10 s                 ; 4.2e-10 s                  ; No                        ; No                        ;
; sda_o         ; 3.3-V LVTTL  ; 0 s                 ; 0 s                 ; 3.46 V                       ; 1.25e-07 V                   ; 3.6 V               ; -0.127 V            ; 0.302 V                              ; 0.21 V                               ; 4.55e-10 s                  ; 4.11e-10 s                  ; No                         ; No                         ; 3.46 V                      ; 1.25e-07 V                  ; 3.6 V              ; -0.127 V           ; 0.302 V                             ; 0.21 V                              ; 4.55e-10 s                 ; 4.11e-10 s                 ; No                        ; No                        ;
; reset_out     ; 3.3-V LVTTL  ; 0 s                 ; 0 s                 ; 3.46 V                       ; 1.25e-07 V                   ; 3.57 V              ; -0.0855 V           ; 0.315 V                              ; 0.175 V                              ; 6.79e-10 s                  ; 6.15e-10 s                  ; No                         ; No                         ; 3.46 V                      ; 1.25e-07 V                  ; 3.57 V             ; -0.0855 V          ; 0.315 V                             ; 0.175 V                             ; 6.79e-10 s                 ; 6.15e-10 s                 ; No                        ; No                        ;
; scl           ; 3.3-V LVTTL  ; 0 s                 ; 0 s                 ; 3.46 V                       ; 1.85e-07 V                   ; 3.57 V              ; -0.141 V            ; 0.301 V                              ; 0.239 V                              ; 4.61e-10 s                  ; 4.2e-10 s                   ; No                         ; No                         ; 3.46 V                      ; 1.85e-07 V                  ; 3.57 V             ; -0.141 V           ; 0.301 V                             ; 0.239 V                             ; 4.61e-10 s                 ; 4.2e-10 s                  ; No                        ; No                        ;
; sda           ; 3.3-V LVTTL  ; 0 s                 ; 0 s                 ; 3.46 V                       ; 1.85e-07 V                   ; 3.57 V              ; -0.141 V            ; 0.301 V                              ; 0.239 V                              ; 4.61e-10 s                  ; 4.2e-10 s                   ; No                         ; No                         ; 3.46 V                      ; 1.85e-07 V                  ; 3.57 V             ; -0.141 V           ; 0.301 V                             ; 0.239 V                             ; 4.61e-10 s                 ; 4.2e-10 s                  ; No                        ; No                        ;
; ~ALTERA_DCLK~ ; 3.3-V LVTTL  ; 0 s                 ; 0 s                 ; 3.46 V                       ; 6.54e-08 V                   ; 3.66 V              ; -0.26 V             ; 0.41 V                               ; 0.32 V                               ; 1.57e-10 s                  ; 2.15e-10 s                  ; No                         ; Yes                        ; 3.46 V                      ; 6.54e-08 V                  ; 3.66 V             ; -0.26 V            ; 0.41 V                              ; 0.32 V                              ; 1.57e-10 s                 ; 2.15e-10 s                 ; No                        ; Yes                       ;
; ~ALTERA_nCEO~ ; 3.3-V LVTTL  ; 0 s                 ; 0 s                 ; 3.46 V                       ; 1.25e-07 V                   ; 3.57 V              ; -0.0855 V           ; 0.315 V                              ; 0.175 V                              ; 6.79e-10 s                  ; 6.15e-10 s                  ; No                         ; No                         ; 3.46 V                      ; 1.25e-07 V                  ; 3.57 V             ; -0.0855 V          ; 0.315 V                             ; 0.175 V                             ; 6.79e-10 s                 ; 6.15e-10 s                 ; No                        ; No                        ;
+---------------+--------------+---------------------+---------------------+------------------------------+------------------------------+---------------------+---------------------+--------------------------------------+--------------------------------------+-----------------------------+-----------------------------+----------------------------+----------------------------+-----------------------------+-----------------------------+--------------------+--------------------+-------------------------------------+-------------------------------------+----------------------------+----------------------------+---------------------------+---------------------------+


+-------------------------------------------------------------------+
; Setup Transfers                                                   ;
+------------+----------+----------+----------+----------+----------+
; From Clock ; To Clock ; RR Paths ; FR Paths ; RF Paths ; FF Paths ;
+------------+----------+----------+----------+----------+----------+
; clk        ; clk      ; 3637     ; 0        ; 0        ; 0        ;
+------------+----------+----------+----------+----------+----------+
Entries labeled "false path" only account for clock-to-clock false paths and not path-based false paths. As a result, actual path counts may be lower than reported.


+-------------------------------------------------------------------+
; Hold Transfers                                                    ;
+------------+----------+----------+----------+----------+----------+
; From Clock ; To Clock ; RR Paths ; FR Paths ; RF Paths ; FF Paths ;
+------------+----------+----------+----------+----------+----------+
; clk        ; clk      ; 3637     ; 0        ; 0        ; 0        ;
+------------+----------+----------+----------+----------+----------+
Entries labeled "false path" only account for clock-to-clock false paths and not path-based false paths. As a result, actual path counts may be lower than reported.


---------------
; Report TCCS ;
---------------
No dedicated SERDES Transmitter circuitry present in device or used in design


---------------
; Report RSKM ;
---------------
No non-DPA dedicated SERDES Receiver circuitry present in device or used in design


+------------------------------------------------+
; Unconstrained Paths Summary                    ;
+---------------------------------+-------+------+
; Property                        ; Setup ; Hold ;
+---------------------------------+-------+------+
; Illegal Clocks                  ; 0     ; 0    ;
; Unconstrained Clocks            ; 0     ; 0    ;
; Unconstrained Input Ports       ; 3     ; 3    ;
; Unconstrained Input Port Paths  ; 88    ; 88   ;
; Unconstrained Output Ports      ; 13    ; 13   ;
; Unconstrained Output Port Paths ; 13    ; 13   ;
+---------------------------------+-------+------+


+-------------------------------------+
; Clock Status Summary                ;
+--------+-------+------+-------------+
; Target ; Clock ; Type ; Status      ;
+--------+-------+------+-------------+
; clk    ; clk   ; Base ; Constrained ;
+--------+-------+------+-------------+


+---------------------------------------------------------------------------------------------------+
; Unconstrained Input Ports                                                                         ;
+------------+--------------------------------------------------------------------------------------+
; Input Port ; Comment                                                                              ;
+------------+--------------------------------------------------------------------------------------+
; reset      ; No input delay, min/max delays, false-path exceptions, or max skew assignments found ;
; scl        ; No input delay, min/max delays, false-path exceptions, or max skew assignments found ;
; sda        ; No input delay, min/max delays, false-path exceptions, or max skew assignments found ;
+------------+--------------------------------------------------------------------------------------+


+-----------------------------------------------------------------------------------------------------+
; Unconstrained Output Ports                                                                          ;
+-------------+---------------------------------------------------------------------------------------+
; Output Port ; Comment                                                                               ;
+-------------+---------------------------------------------------------------------------------------+
; data_out[0] ; No output delay, min/max delays, false-path exceptions, or max skew assignments found ;
; data_out[1] ; No output delay, min/max delays, false-path exceptions, or max skew assignments found ;
; data_out[2] ; No output delay, min/max delays, false-path exceptions, or max skew assignments found ;
; data_out[3] ; No output delay, min/max delays, false-path exceptions, or max skew assignments found ;
; data_out[4] ; No output delay, min/max delays, false-path exceptions, or max skew assignments found ;
; data_out[5] ; No output delay, min/max delays, false-path exceptions, or max skew assignments found ;
; data_out[6] ; No output delay, min/max delays, false-path exceptions, or max skew assignments found ;
; data_out[7] ; No output delay, min/max delays, false-path exceptions, or max skew assignments found ;
; reset_out   ; No output delay, min/max delays, false-path exceptions, or max skew assignments found ;
; scl         ; No output delay, min/max delays, false-path exceptions, or max skew assignments found ;
; scl_o       ; No output delay, min/max delays, false-path exceptions, or max skew assignments found ;
; sda         ; No output delay, min/max delays, false-path exceptions, or max skew assignments found ;
; sda_o       ; No output delay, min/max delays, false-path exceptions, or max skew assignments found ;
+-------------+---------------------------------------------------------------------------------------+


+---------------------------------------------------------------------------------------------------+
; Unconstrained Input Ports                                                                         ;
+------------+--------------------------------------------------------------------------------------+
; Input Port ; Comment                                                                              ;
+------------+--------------------------------------------------------------------------------------+
; reset      ; No input delay, min/max delays, false-path exceptions, or max skew assignments found ;
; scl        ; No input delay, min/max delays, false-path exceptions, or max skew assignments found ;
; sda        ; No input delay, min/max delays, false-path exceptions, or max skew assignments found ;
+------------+--------------------------------------------------------------------------------------+


+-----------------------------------------------------------------------------------------------------+
; Unconstrained Output Ports                                                                          ;
+-------------+---------------------------------------------------------------------------------------+
; Output Port ; Comment                                                                               ;
+-------------+---------------------------------------------------------------------------------------+
; data_out[0] ; No output delay, min/max delays, false-path exceptions, or max skew assignments found ;
; data_out[1] ; No output delay, min/max delays, false-path exceptions, or max skew assignments found ;
; data_out[2] ; No output delay, min/max delays, false-path exceptions, or max skew assignments found ;
; data_out[3] ; No output delay, min/max delays, false-path exceptions, or max skew assignments found ;
; data_out[4] ; No output delay, min/max delays, false-path exceptions, or max skew assignments found ;
; data_out[5] ; No output delay, min/max delays, false-path exceptions, or max skew assignments found ;
; data_out[6] ; No output delay, min/max delays, false-path exceptions, or max skew assignments found ;
; data_out[7] ; No output delay, min/max delays, false-path exceptions, or max skew assignments found ;
; reset_out   ; No output delay, min/max delays, false-path exceptions, or max skew assignments found ;
; scl         ; No output delay, min/max delays, false-path exceptions, or max skew assignments found ;
; scl_o       ; No output delay, min/max delays, false-path exceptions, or max skew assignments found ;
; sda         ; No output delay, min/max delays, false-path exceptions, or max skew assignments found ;
; sda_o       ; No output delay, min/max delays, false-path exceptions, or max skew assignments found ;
+-------------+---------------------------------------------------------------------------------------+


+--------------------------+
; Timing Analyzer Messages ;
+--------------------------+
Info: *******************************************************************
Info: Running Quartus Prime Timing Analyzer
    Info: Version 20.1.0 Build 711 06/05/2020 SJ Lite Edition
    Info: Processing started: Mon Jun 08 20:14:37 2026
Info: Command: quartus_sta digital_temp_sensor -c digital_temp_sensor
Info: qsta_default_script.tcl version: #1
Warning (18236): Number of processors has not been specified which may cause overloading on shared machines.  Set the global assignment NUM_PARALLEL_PROCESSORS in your QSF to an appropriate value for best performance.
Info (20030): Parallel compilation is enabled and will use 16 of the 16 processors detected
Info (21077): Low junction temperature is 0 degrees C
Info (21077): High junction temperature is 85 degrees C
Critical Warning (332012): Synopsys Design Constraints File file not found: 'digital_temp_sensor.sdc'. A Synopsys Design Constraints File is required by the Timing Analyzer to get proper timing constraints. Without it, the Compiler will not properly optimize the design.
Info (332142): No user constrained base clocks found in the design. Calling "derive_clocks -period 1.0"
Info (332105): Deriving Clocks
    Info (332105): create_clock -period 1.000 -name clk clk
Info (332143): No user constrained clock uncertainty found in the design. Calling "derive_clock_uncertainty"
Info (332123): Deriving Clock Uncertainty. Please refer to report_sdc in the Timing Analyzer to see clock uncertainties.
Info: Found TIMING_ANALYZER_REPORT_SCRIPT_INCLUDE_DEFAULT_ANALYSIS = ON
Info: Analyzing Slow 1200mV 85C Model
Critical Warning (332148): Timing requirements not met
    Info (11105): For recommendations on closing timing, run Report Timing Closure Recommendations in the Timing Analyzer.
Info (332146): Worst-case setup slack is -3.633
    Info (332119):     Slack       End Point TNS Clock 
    Info (332119): ========= =================== =====================
    Info (332119):    -3.633            -462.302 clk 
Info (332146): Worst-case hold slack is 0.453
    Info (332119):     Slack       End Point TNS Clock 
    Info (332119): ========= =================== =====================
    Info (332119):     0.453               0.000 clk 
Info (332140): No Recovery paths to report
Info (332140): No Removal paths to report
Info (332146): Worst-case minimum pulse width slack is -3.000
    Info (332119):     Slack       End Point TNS Clock 
    Info (332119): ========= =================== =====================
    Info (332119):    -3.000            -275.121 clk 
Info: Analyzing Slow 1200mV 0C Model
Info (334003): Started post-fitting delay annotation
Info (334004): Delay annotation completed successfully
Info (332123): Deriving Clock Uncertainty. Please refer to report_sdc in the Timing Analyzer to see clock uncertainties.
Critical Warning (332148): Timing requirements not met
    Info (11105): For recommendations on closing timing, run Report Timing Closure Recommendations in the Timing Analyzer.
Info (332146): Worst-case setup slack is -3.294
    Info (332119):     Slack       End Point TNS Clock 
    Info (332119): ========= =================== =====================
    Info (332119):    -3.294            -417.135 clk 
Info (332146): Worst-case hold slack is 0.401
    Info (332119):     Slack       End Point TNS Clock 
    Info (332119): ========= =================== =====================
    Info (332119):     0.401               0.000 clk 
Info (332140): No Recovery paths to report
Info (332140): No Removal paths to report
Info (332146): Worst-case minimum pulse width slack is -3.000
    Info (332119):     Slack       End Point TNS Clock 
    Info (332119): ========= =================== =====================
    Info (332119):    -3.000            -275.121 clk 
Info: Analyzing Fast 1200mV 0C Model
Info (332123): Deriving Clock Uncertainty. Please refer to report_sdc in the Timing Analyzer to see clock uncertainties.
Critical Warning (332148): Timing requirements not met
    Info (11105): For recommendations on closing timing, run Report Timing Closure Recommendations in the Timing Analyzer.
Info (332146): Worst-case setup slack is -0.996
    Info (332119):     Slack       End Point TNS Clock 
    Info (332119): ========= =================== =====================
    Info (332119):    -0.996             -97.911 clk 
Info (332146): Worst-case hold slack is 0.186
    Info (332119):     Slack       End Point TNS Clock 
    Info (332119): ========= =================== =====================
    Info (332119):     0.186               0.000 clk 
Info (332140): No Recovery paths to report
Info (332140): No Removal paths to report
Info (332146): Worst-case minimum pulse width slack is -3.000
    Info (332119):     Slack       End Point TNS Clock 
    Info (332119): ========= =================== =====================
    Info (332119):    -3.000            -239.952 clk 
Info (332102): Design is not fully constrained for setup requirements
Info (332102): Design is not fully constrained for hold requirements
Info: Quartus Prime Timing Analyzer was successful. 0 errors, 5 warnings
    Info: Peak virtual memory: 4918 megabytes
    Info: Processing ended: Mon Jun 08 20:14:38 2026
    Info: Elapsed time: 00:00:01
    Info: Total CPU time (on all processors): 00:00:01


