Timing Analyzer report for UART
Mon Dec 08 18:07:44 2025
Quartus Prime Version 20.1.0 Build 711 06/05/2020 SJ Lite Edition


---------------------
; Table of Contents ;
---------------------
  1. Legal Notice
  2. Timing Analyzer Summary
  3. Parallel Compilation
  4. SDC File List
  5. Clocks
  6. Slow 1200mV 85C Model Fmax Summary
  7. Timing Closure Recommendations
  8. Slow 1200mV 85C Model Setup Summary
  9. Slow 1200mV 85C Model Hold Summary
 10. Slow 1200mV 85C Model Recovery Summary
 11. Slow 1200mV 85C Model Removal Summary
 12. Slow 1200mV 85C Model Minimum Pulse Width Summary
 13. Slow 1200mV 85C Model Setup: 'clk_50MHz'
 14. Slow 1200mV 85C Model Hold: 'clk_50MHz'
 15. Slow 1200mV 85C Model Metastability Summary
 16. Slow 1200mV 0C Model Fmax Summary
 17. Slow 1200mV 0C Model Setup Summary
 18. Slow 1200mV 0C Model Hold Summary
 19. Slow 1200mV 0C Model Recovery Summary
 20. Slow 1200mV 0C Model Removal Summary
 21. Slow 1200mV 0C Model Minimum Pulse Width Summary
 22. Slow 1200mV 0C Model Setup: 'clk_50MHz'
 23. Slow 1200mV 0C Model Hold: 'clk_50MHz'
 24. Slow 1200mV 0C Model Metastability Summary
 25. Fast 1200mV 0C Model Setup Summary
 26. Fast 1200mV 0C Model Hold Summary
 27. Fast 1200mV 0C Model Recovery Summary
 28. Fast 1200mV 0C Model Removal Summary
 29. Fast 1200mV 0C Model Minimum Pulse Width Summary
 30. Fast 1200mV 0C Model Setup: 'clk_50MHz'
 31. Fast 1200mV 0C Model Hold: 'clk_50MHz'
 32. Fast 1200mV 0C Model Metastability Summary
 33. Multicorner Timing Analysis Summary
 34. Board Trace Model Assignments
 35. Input Transition Times
 36. Signal Integrity Metrics (Slow 1200mv 0c Model)
 37. Signal Integrity Metrics (Slow 1200mv 85c Model)
 38. Signal Integrity Metrics (Fast 1200mv 0c Model)
 39. Setup Transfers
 40. Hold Transfers
 41. Report TCCS
 42. Report RSKM
 43. Unconstrained Paths Summary
 44. Clock Status Summary
 45. Timing Analyzer Messages



----------------
; Legal Notice ;
----------------
Copyright (C) 2020  Intel Corporation. All rights reserved.
Your use of Intel Corporation's design tools, logic functions 
and other software and tools, and any partner logic 
functions, and any output files from any of the foregoing 
(including device programming or simulation files), and any 
associated documentation or information are expressly subject 
to the terms and conditions of the Intel Program License 
Subscription Agreement, the Intel Quartus Prime License Agreement,
the Intel FPGA IP License Agreement, or other applicable license
agreement, including, without limitation, that your use is for
the sole purpose of programming logic devices manufactured by
Intel and sold by Intel or its authorized distributors.  Please
refer to the applicable agreement for further details, at
https://fpgasoftware.intel.com/eula.



+-----------------------------------------------------------------------------+
; Timing Analyzer Summary                                                     ;
+-----------------------+-----------------------------------------------------+
; Quartus Prime Version ; Version 20.1.0 Build 711 06/05/2020 SJ Lite Edition ;
; Timing Analyzer       ; Legacy Timing Analyzer                              ;
; Revision Name         ; UART                                                ;
; Device Family         ; Cyclone IV E                                        ;
; Device Name           ; EP4CE6E22C8                                         ;
; Timing Models         ; Final                                               ;
; Delay Model           ; Combined                                            ;
; Rise/Fall Delays      ; Enabled                                             ;
+-----------------------+-----------------------------------------------------+


+------------------------------------------+
; Parallel Compilation                     ;
+----------------------------+-------------+
; Processors                 ; Number      ;
+----------------------------+-------------+
; Number detected on machine ; 12          ;
; Maximum allowed            ; 6           ;
;                            ;             ;
; Average used               ; 1.03        ;
; Maximum used               ; 6           ;
;                            ;             ;
; Usage by Processor         ; % Time Used ;
;     Processor 1            ; 100.0%      ;
;     Processors 2-6         ;   0.5%      ;
+----------------------------+-------------+


+-----------------------------------------------------------+
; SDC File List                                             ;
+-----------------------+--------+--------------------------+
; SDC File Path         ; Status ; Read at                  ;
+-----------------------+--------+--------------------------+
; TimingConstraints.sdc ; OK     ; Mon Dec 08 18:07:43 2025 ;
+-----------------------+--------+--------------------------+


+---------------------------------------------------------------------------------------------------------------------------------------------------------------------------------+
; Clocks                                                                                                                                                                          ;
+------------+------+--------+-----------+-------+--------+------------+-----------+-------------+-------+--------+-----------+------------+----------+--------+--------+---------+
; Clock Name ; Type ; Period ; Frequency ; Rise  ; Fall   ; Duty Cycle ; Divide by ; Multiply by ; Phase ; Offset ; Edge List ; Edge Shift ; Inverted ; Master ; Source ; Targets ;
+------------+------+--------+-----------+-------+--------+------------+-----------+-------------+-------+--------+-----------+------------+----------+--------+--------+---------+
; clk_50MHz  ; Base ; 20.000 ; 50.0 MHz  ; 0.000 ; 10.000 ;            ;           ;             ;       ;        ;           ;            ;          ;        ;        ; { clk } ;
+------------+------+--------+-----------+-------+--------+------------+-----------+-------------+-------+--------+-----------+------------+----------+--------+--------+---------+


+--------------------------------------------------+
; Slow 1200mV 85C Model Fmax Summary               ;
+------------+-----------------+------------+------+
; Fmax       ; Restricted Fmax ; Clock Name ; Note ;
+------------+-----------------+------------+------+
; 248.08 MHz ; 248.08 MHz      ; clk_50MHz  ;      ;
+------------+-----------------+------------+------+
This panel reports FMAX for every clock in the design, regardless of the user-specified clock periods.  FMAX is only computed for paths where the source and destination registers or ports are driven by the same clock.  Paths of different clocks, including generated clocks, are ignored.  For paths between a clock and its inversion, FMAX is computed as if the rising and falling edges are scaled along with FMAX, such that the duty cycle (in terms of a percentage) is maintained. Altera recommends that you always use clock constraints and other slack reports for sign-off analysis.


----------------------------------
; Timing Closure Recommendations ;
----------------------------------
HTML report is unavailable in plain text report export.


+-------------------------------------+
; Slow 1200mV 85C Model Setup Summary ;
+-----------+--------+----------------+
; Clock     ; Slack  ; End Point TNS  ;
+-----------+--------+----------------+
; clk_50MHz ; 15.969 ; 0.000          ;
+-----------+--------+----------------+


+------------------------------------+
; Slow 1200mV 85C Model Hold Summary ;
+-----------+-------+----------------+
; Clock     ; Slack ; End Point TNS  ;
+-----------+-------+----------------+
; clk_50MHz ; 0.453 ; 0.000          ;
+-----------+-------+----------------+


------------------------------------------
; Slow 1200mV 85C Model Recovery Summary ;
------------------------------------------
No paths to report.


-----------------------------------------
; Slow 1200mV 85C Model Removal Summary ;
-----------------------------------------
No paths to report.


+---------------------------------------------------+
; Slow 1200mV 85C Model Minimum Pulse Width Summary ;
+-----------+-------+-------------------------------+
; Clock     ; Slack ; End Point TNS                 ;
+-----------+-------+-------------------------------+
; clk_50MHz ; 9.740 ; 0.000                         ;
+-----------+-------+-------------------------------+


+--------------------------------------------------------------------------------------------------------------------------------------------------------------------------------------------------------------------------------------------------+
; Slow 1200mV 85C Model Setup: 'clk_50MHz'                                                                                                                                                                                                         ;
+--------+---------------------------------------------------------------------------------+---------------------------------------------------------------------------------+--------------+-------------+--------------+------------+------------+
; Slack  ; From Node                                                                       ; To Node                                                                         ; Launch Clock ; Latch Clock ; Relationship ; Clock Skew ; Data Delay ;
+--------+---------------------------------------------------------------------------------+---------------------------------------------------------------------------------+--------------+-------------+--------------+------------+------------+
; 15.969 ; UART_rx:UART_rx_inst|BaudClkGenerator:BaudClkGenerator_inst|ClockLeft[0]        ; UART_rx:UART_rx_inst|BaudClkGenerator:BaudClkGenerator_inst|BitPeriodCounter[0] ; clk_50MHz    ; clk_50MHz   ; 20.000       ; -0.086     ; 3.966      ;
; 15.969 ; UART_rx:UART_rx_inst|BaudClkGenerator:BaudClkGenerator_inst|ClockLeft[0]        ; UART_rx:UART_rx_inst|BaudClkGenerator:BaudClkGenerator_inst|BitPeriodCounter[3] ; clk_50MHz    ; clk_50MHz   ; 20.000       ; -0.086     ; 3.966      ;
; 15.969 ; UART_rx:UART_rx_inst|BaudClkGenerator:BaudClkGenerator_inst|ClockLeft[0]        ; UART_rx:UART_rx_inst|BaudClkGenerator:BaudClkGenerator_inst|BitPeriodCounter[4] ; clk_50MHz    ; clk_50MHz   ; 20.000       ; -0.086     ; 3.966      ;
; 15.969 ; UART_rx:UART_rx_inst|BaudClkGenerator:BaudClkGenerator_inst|ClockLeft[0]        ; UART_rx:UART_rx_inst|BaudClkGenerator:BaudClkGenerator_inst|BitPeriodCounter[6] ; clk_50MHz    ; clk_50MHz   ; 20.000       ; -0.086     ; 3.966      ;
; 15.969 ; UART_rx:UART_rx_inst|BaudClkGenerator:BaudClkGenerator_inst|ClockLeft[0]        ; UART_rx:UART_rx_inst|BaudClkGenerator:BaudClkGenerator_inst|BitPeriodCounter[7] ; clk_50MHz    ; clk_50MHz   ; 20.000       ; -0.086     ; 3.966      ;
; 15.969 ; UART_rx:UART_rx_inst|BaudClkGenerator:BaudClkGenerator_inst|ClockLeft[0]        ; UART_rx:UART_rx_inst|BaudClkGenerator:BaudClkGenerator_inst|BitPeriodCounter[5] ; clk_50MHz    ; clk_50MHz   ; 20.000       ; -0.086     ; 3.966      ;
; 15.969 ; UART_rx:UART_rx_inst|BaudClkGenerator:BaudClkGenerator_inst|ClockLeft[0]        ; UART_rx:UART_rx_inst|BaudClkGenerator:BaudClkGenerator_inst|BitPeriodCounter[8] ; clk_50MHz    ; clk_50MHz   ; 20.000       ; -0.086     ; 3.966      ;
; 15.969 ; UART_rx:UART_rx_inst|BaudClkGenerator:BaudClkGenerator_inst|ClockLeft[0]        ; UART_rx:UART_rx_inst|BaudClkGenerator:BaudClkGenerator_inst|BitPeriodCounter[1] ; clk_50MHz    ; clk_50MHz   ; 20.000       ; -0.086     ; 3.966      ;
; 15.969 ; UART_rx:UART_rx_inst|BaudClkGenerator:BaudClkGenerator_inst|ClockLeft[0]        ; UART_rx:UART_rx_inst|BaudClkGenerator:BaudClkGenerator_inst|BitPeriodCounter[2] ; clk_50MHz    ; clk_50MHz   ; 20.000       ; -0.086     ; 3.966      ;
; 16.004 ; UART_rx:UART_rx_inst|BaudClkGenerator:BaudClkGenerator_inst|ClockLeft[3]        ; UART_rx:UART_rx_inst|BaudClkGenerator:BaudClkGenerator_inst|BitPeriodCounter[0] ; clk_50MHz    ; clk_50MHz   ; 20.000       ; -0.086     ; 3.931      ;
; 16.004 ; UART_rx:UART_rx_inst|BaudClkGenerator:BaudClkGenerator_inst|ClockLeft[3]        ; UART_rx:UART_rx_inst|BaudClkGenerator:BaudClkGenerator_inst|BitPeriodCounter[3] ; clk_50MHz    ; clk_50MHz   ; 20.000       ; -0.086     ; 3.931      ;
; 16.004 ; UART_rx:UART_rx_inst|BaudClkGenerator:BaudClkGenerator_inst|ClockLeft[3]        ; UART_rx:UART_rx_inst|BaudClkGenerator:BaudClkGenerator_inst|BitPeriodCounter[4] ; clk_50MHz    ; clk_50MHz   ; 20.000       ; -0.086     ; 3.931      ;
; 16.004 ; UART_rx:UART_rx_inst|BaudClkGenerator:BaudClkGenerator_inst|ClockLeft[3]        ; UART_rx:UART_rx_inst|BaudClkGenerator:BaudClkGenerator_inst|BitPeriodCounter[6] ; clk_50MHz    ; clk_50MHz   ; 20.000       ; -0.086     ; 3.931      ;
; 16.004 ; UART_rx:UART_rx_inst|BaudClkGenerator:BaudClkGenerator_inst|ClockLeft[3]        ; UART_rx:UART_rx_inst|BaudClkGenerator:BaudClkGenerator_inst|BitPeriodCounter[7] ; clk_50MHz    ; clk_50MHz   ; 20.000       ; -0.086     ; 3.931      ;
; 16.004 ; UART_rx:UART_rx_inst|BaudClkGenerator:BaudClkGenerator_inst|ClockLeft[3]        ; UART_rx:UART_rx_inst|BaudClkGenerator:BaudClkGenerator_inst|BitPeriodCounter[5] ; clk_50MHz    ; clk_50MHz   ; 20.000       ; -0.086     ; 3.931      ;
; 16.004 ; UART_rx:UART_rx_inst|BaudClkGenerator:BaudClkGenerator_inst|ClockLeft[3]        ; UART_rx:UART_rx_inst|BaudClkGenerator:BaudClkGenerator_inst|BitPeriodCounter[8] ; clk_50MHz    ; clk_50MHz   ; 20.000       ; -0.086     ; 3.931      ;
; 16.004 ; UART_rx:UART_rx_inst|BaudClkGenerator:BaudClkGenerator_inst|ClockLeft[3]        ; UART_rx:UART_rx_inst|BaudClkGenerator:BaudClkGenerator_inst|BitPeriodCounter[1] ; clk_50MHz    ; clk_50MHz   ; 20.000       ; -0.086     ; 3.931      ;
; 16.004 ; UART_rx:UART_rx_inst|BaudClkGenerator:BaudClkGenerator_inst|ClockLeft[3]        ; UART_rx:UART_rx_inst|BaudClkGenerator:BaudClkGenerator_inst|BitPeriodCounter[2] ; clk_50MHz    ; clk_50MHz   ; 20.000       ; -0.086     ; 3.931      ;
; 16.161 ; UART_rx:UART_rx_inst|BaudClkGenerator:BaudClkGenerator_inst|ClockLeft[1]        ; UART_rx:UART_rx_inst|BaudClkGenerator:BaudClkGenerator_inst|BitPeriodCounter[0] ; clk_50MHz    ; clk_50MHz   ; 20.000       ; -0.086     ; 3.774      ;
; 16.161 ; UART_rx:UART_rx_inst|BaudClkGenerator:BaudClkGenerator_inst|ClockLeft[1]        ; UART_rx:UART_rx_inst|BaudClkGenerator:BaudClkGenerator_inst|BitPeriodCounter[3] ; clk_50MHz    ; clk_50MHz   ; 20.000       ; -0.086     ; 3.774      ;
; 16.161 ; UART_rx:UART_rx_inst|BaudClkGenerator:BaudClkGenerator_inst|ClockLeft[1]        ; UART_rx:UART_rx_inst|BaudClkGenerator:BaudClkGenerator_inst|BitPeriodCounter[4] ; clk_50MHz    ; clk_50MHz   ; 20.000       ; -0.086     ; 3.774      ;
; 16.161 ; UART_rx:UART_rx_inst|BaudClkGenerator:BaudClkGenerator_inst|ClockLeft[1]        ; UART_rx:UART_rx_inst|BaudClkGenerator:BaudClkGenerator_inst|BitPeriodCounter[6] ; clk_50MHz    ; clk_50MHz   ; 20.000       ; -0.086     ; 3.774      ;
; 16.161 ; UART_rx:UART_rx_inst|BaudClkGenerator:BaudClkGenerator_inst|ClockLeft[1]        ; UART_rx:UART_rx_inst|BaudClkGenerator:BaudClkGenerator_inst|BitPeriodCounter[7] ; clk_50MHz    ; clk_50MHz   ; 20.000       ; -0.086     ; 3.774      ;
; 16.161 ; UART_rx:UART_rx_inst|BaudClkGenerator:BaudClkGenerator_inst|ClockLeft[1]        ; UART_rx:UART_rx_inst|BaudClkGenerator:BaudClkGenerator_inst|BitPeriodCounter[5] ; clk_50MHz    ; clk_50MHz   ; 20.000       ; -0.086     ; 3.774      ;
; 16.161 ; UART_rx:UART_rx_inst|BaudClkGenerator:BaudClkGenerator_inst|ClockLeft[1]        ; UART_rx:UART_rx_inst|BaudClkGenerator:BaudClkGenerator_inst|BitPeriodCounter[8] ; clk_50MHz    ; clk_50MHz   ; 20.000       ; -0.086     ; 3.774      ;
; 16.161 ; UART_rx:UART_rx_inst|BaudClkGenerator:BaudClkGenerator_inst|ClockLeft[1]        ; UART_rx:UART_rx_inst|BaudClkGenerator:BaudClkGenerator_inst|BitPeriodCounter[1] ; clk_50MHz    ; clk_50MHz   ; 20.000       ; -0.086     ; 3.774      ;
; 16.161 ; UART_rx:UART_rx_inst|BaudClkGenerator:BaudClkGenerator_inst|ClockLeft[1]        ; UART_rx:UART_rx_inst|BaudClkGenerator:BaudClkGenerator_inst|BitPeriodCounter[2] ; clk_50MHz    ; clk_50MHz   ; 20.000       ; -0.086     ; 3.774      ;
; 16.190 ; UART_rx:UART_rx_inst|BaudClkGenerator:BaudClkGenerator_inst|ClockLeft[2]        ; UART_rx:UART_rx_inst|BaudClkGenerator:BaudClkGenerator_inst|BitPeriodCounter[0] ; clk_50MHz    ; clk_50MHz   ; 20.000       ; -0.086     ; 3.745      ;
; 16.190 ; UART_rx:UART_rx_inst|BaudClkGenerator:BaudClkGenerator_inst|ClockLeft[2]        ; UART_rx:UART_rx_inst|BaudClkGenerator:BaudClkGenerator_inst|BitPeriodCounter[3] ; clk_50MHz    ; clk_50MHz   ; 20.000       ; -0.086     ; 3.745      ;
; 16.190 ; UART_rx:UART_rx_inst|BaudClkGenerator:BaudClkGenerator_inst|ClockLeft[2]        ; UART_rx:UART_rx_inst|BaudClkGenerator:BaudClkGenerator_inst|BitPeriodCounter[4] ; clk_50MHz    ; clk_50MHz   ; 20.000       ; -0.086     ; 3.745      ;
; 16.190 ; UART_rx:UART_rx_inst|BaudClkGenerator:BaudClkGenerator_inst|ClockLeft[2]        ; UART_rx:UART_rx_inst|BaudClkGenerator:BaudClkGenerator_inst|BitPeriodCounter[6] ; clk_50MHz    ; clk_50MHz   ; 20.000       ; -0.086     ; 3.745      ;
; 16.190 ; UART_rx:UART_rx_inst|BaudClkGenerator:BaudClkGenerator_inst|ClockLeft[2]        ; UART_rx:UART_rx_inst|BaudClkGenerator:BaudClkGenerator_inst|BitPeriodCounter[7] ; clk_50MHz    ; clk_50MHz   ; 20.000       ; -0.086     ; 3.745      ;
; 16.190 ; UART_rx:UART_rx_inst|BaudClkGenerator:BaudClkGenerator_inst|ClockLeft[2]        ; UART_rx:UART_rx_inst|BaudClkGenerator:BaudClkGenerator_inst|BitPeriodCounter[5] ; clk_50MHz    ; clk_50MHz   ; 20.000       ; -0.086     ; 3.745      ;
; 16.190 ; UART_rx:UART_rx_inst|BaudClkGenerator:BaudClkGenerator_inst|ClockLeft[2]        ; UART_rx:UART_rx_inst|BaudClkGenerator:BaudClkGenerator_inst|BitPeriodCounter[8] ; clk_50MHz    ; clk_50MHz   ; 20.000       ; -0.086     ; 3.745      ;
; 16.190 ; UART_rx:UART_rx_inst|BaudClkGenerator:BaudClkGenerator_inst|ClockLeft[2]        ; UART_rx:UART_rx_inst|BaudClkGenerator:BaudClkGenerator_inst|BitPeriodCounter[1] ; clk_50MHz    ; clk_50MHz   ; 20.000       ; -0.086     ; 3.745      ;
; 16.190 ; UART_rx:UART_rx_inst|BaudClkGenerator:BaudClkGenerator_inst|ClockLeft[2]        ; UART_rx:UART_rx_inst|BaudClkGenerator:BaudClkGenerator_inst|BitPeriodCounter[2] ; clk_50MHz    ; clk_50MHz   ; 20.000       ; -0.086     ; 3.745      ;
; 16.613 ; UART_tx:UART_tx_inst|BaudClkGenerator:UART_BIT_TIMING_INST|ClockLeft[2]         ; UART_tx:UART_tx_inst|BaudClkGenerator:UART_BIT_TIMING_INST|BitPeriodCounter[0]  ; clk_50MHz    ; clk_50MHz   ; 20.000       ; -0.077     ; 3.331      ;
; 16.613 ; UART_tx:UART_tx_inst|BaudClkGenerator:UART_BIT_TIMING_INST|ClockLeft[2]         ; UART_tx:UART_tx_inst|BaudClkGenerator:UART_BIT_TIMING_INST|BitPeriodCounter[6]  ; clk_50MHz    ; clk_50MHz   ; 20.000       ; -0.077     ; 3.331      ;
; 16.613 ; UART_tx:UART_tx_inst|BaudClkGenerator:UART_BIT_TIMING_INST|ClockLeft[2]         ; UART_tx:UART_tx_inst|BaudClkGenerator:UART_BIT_TIMING_INST|BitPeriodCounter[1]  ; clk_50MHz    ; clk_50MHz   ; 20.000       ; -0.077     ; 3.331      ;
; 16.613 ; UART_tx:UART_tx_inst|BaudClkGenerator:UART_BIT_TIMING_INST|ClockLeft[2]         ; UART_tx:UART_tx_inst|BaudClkGenerator:UART_BIT_TIMING_INST|BitPeriodCounter[2]  ; clk_50MHz    ; clk_50MHz   ; 20.000       ; -0.077     ; 3.331      ;
; 16.613 ; UART_tx:UART_tx_inst|BaudClkGenerator:UART_BIT_TIMING_INST|ClockLeft[2]         ; UART_tx:UART_tx_inst|BaudClkGenerator:UART_BIT_TIMING_INST|BitPeriodCounter[3]  ; clk_50MHz    ; clk_50MHz   ; 20.000       ; -0.077     ; 3.331      ;
; 16.613 ; UART_tx:UART_tx_inst|BaudClkGenerator:UART_BIT_TIMING_INST|ClockLeft[2]         ; UART_tx:UART_tx_inst|BaudClkGenerator:UART_BIT_TIMING_INST|BitPeriodCounter[4]  ; clk_50MHz    ; clk_50MHz   ; 20.000       ; -0.077     ; 3.331      ;
; 16.613 ; UART_tx:UART_tx_inst|BaudClkGenerator:UART_BIT_TIMING_INST|ClockLeft[2]         ; UART_tx:UART_tx_inst|BaudClkGenerator:UART_BIT_TIMING_INST|BitPeriodCounter[5]  ; clk_50MHz    ; clk_50MHz   ; 20.000       ; -0.077     ; 3.331      ;
; 16.613 ; UART_tx:UART_tx_inst|BaudClkGenerator:UART_BIT_TIMING_INST|ClockLeft[2]         ; UART_tx:UART_tx_inst|BaudClkGenerator:UART_BIT_TIMING_INST|BitPeriodCounter[7]  ; clk_50MHz    ; clk_50MHz   ; 20.000       ; -0.077     ; 3.331      ;
; 16.613 ; UART_tx:UART_tx_inst|BaudClkGenerator:UART_BIT_TIMING_INST|ClockLeft[2]         ; UART_tx:UART_tx_inst|BaudClkGenerator:UART_BIT_TIMING_INST|BitPeriodCounter[8]  ; clk_50MHz    ; clk_50MHz   ; 20.000       ; -0.077     ; 3.331      ;
; 16.613 ; UART_tx:UART_tx_inst|BaudClkGenerator:UART_BIT_TIMING_INST|ClockLeft[1]         ; UART_tx:UART_tx_inst|BaudClkGenerator:UART_BIT_TIMING_INST|BitPeriodCounter[0]  ; clk_50MHz    ; clk_50MHz   ; 20.000       ; -0.077     ; 3.331      ;
; 16.613 ; UART_tx:UART_tx_inst|BaudClkGenerator:UART_BIT_TIMING_INST|ClockLeft[1]         ; UART_tx:UART_tx_inst|BaudClkGenerator:UART_BIT_TIMING_INST|BitPeriodCounter[6]  ; clk_50MHz    ; clk_50MHz   ; 20.000       ; -0.077     ; 3.331      ;
; 16.613 ; UART_tx:UART_tx_inst|BaudClkGenerator:UART_BIT_TIMING_INST|ClockLeft[1]         ; UART_tx:UART_tx_inst|BaudClkGenerator:UART_BIT_TIMING_INST|BitPeriodCounter[1]  ; clk_50MHz    ; clk_50MHz   ; 20.000       ; -0.077     ; 3.331      ;
; 16.613 ; UART_tx:UART_tx_inst|BaudClkGenerator:UART_BIT_TIMING_INST|ClockLeft[1]         ; UART_tx:UART_tx_inst|BaudClkGenerator:UART_BIT_TIMING_INST|BitPeriodCounter[2]  ; clk_50MHz    ; clk_50MHz   ; 20.000       ; -0.077     ; 3.331      ;
; 16.613 ; UART_tx:UART_tx_inst|BaudClkGenerator:UART_BIT_TIMING_INST|ClockLeft[1]         ; UART_tx:UART_tx_inst|BaudClkGenerator:UART_BIT_TIMING_INST|BitPeriodCounter[3]  ; clk_50MHz    ; clk_50MHz   ; 20.000       ; -0.077     ; 3.331      ;
; 16.613 ; UART_tx:UART_tx_inst|BaudClkGenerator:UART_BIT_TIMING_INST|ClockLeft[1]         ; UART_tx:UART_tx_inst|BaudClkGenerator:UART_BIT_TIMING_INST|BitPeriodCounter[4]  ; clk_50MHz    ; clk_50MHz   ; 20.000       ; -0.077     ; 3.331      ;
; 16.613 ; UART_tx:UART_tx_inst|BaudClkGenerator:UART_BIT_TIMING_INST|ClockLeft[1]         ; UART_tx:UART_tx_inst|BaudClkGenerator:UART_BIT_TIMING_INST|BitPeriodCounter[5]  ; clk_50MHz    ; clk_50MHz   ; 20.000       ; -0.077     ; 3.331      ;
; 16.613 ; UART_tx:UART_tx_inst|BaudClkGenerator:UART_BIT_TIMING_INST|ClockLeft[1]         ; UART_tx:UART_tx_inst|BaudClkGenerator:UART_BIT_TIMING_INST|BitPeriodCounter[7]  ; clk_50MHz    ; clk_50MHz   ; 20.000       ; -0.077     ; 3.331      ;
; 16.613 ; UART_tx:UART_tx_inst|BaudClkGenerator:UART_BIT_TIMING_INST|ClockLeft[1]         ; UART_tx:UART_tx_inst|BaudClkGenerator:UART_BIT_TIMING_INST|BitPeriodCounter[8]  ; clk_50MHz    ; clk_50MHz   ; 20.000       ; -0.077     ; 3.331      ;
; 16.788 ; UART_tx:UART_tx_inst|BaudClkGenerator:UART_BIT_TIMING_INST|ClockLeft[0]         ; UART_tx:UART_tx_inst|BaudClkGenerator:UART_BIT_TIMING_INST|BitPeriodCounter[0]  ; clk_50MHz    ; clk_50MHz   ; 20.000       ; -0.077     ; 3.156      ;
; 16.788 ; UART_tx:UART_tx_inst|BaudClkGenerator:UART_BIT_TIMING_INST|ClockLeft[0]         ; UART_tx:UART_tx_inst|BaudClkGenerator:UART_BIT_TIMING_INST|BitPeriodCounter[6]  ; clk_50MHz    ; clk_50MHz   ; 20.000       ; -0.077     ; 3.156      ;
; 16.788 ; UART_tx:UART_tx_inst|BaudClkGenerator:UART_BIT_TIMING_INST|ClockLeft[0]         ; UART_tx:UART_tx_inst|BaudClkGenerator:UART_BIT_TIMING_INST|BitPeriodCounter[1]  ; clk_50MHz    ; clk_50MHz   ; 20.000       ; -0.077     ; 3.156      ;
; 16.788 ; UART_tx:UART_tx_inst|BaudClkGenerator:UART_BIT_TIMING_INST|ClockLeft[0]         ; UART_tx:UART_tx_inst|BaudClkGenerator:UART_BIT_TIMING_INST|BitPeriodCounter[2]  ; clk_50MHz    ; clk_50MHz   ; 20.000       ; -0.077     ; 3.156      ;
; 16.788 ; UART_tx:UART_tx_inst|BaudClkGenerator:UART_BIT_TIMING_INST|ClockLeft[0]         ; UART_tx:UART_tx_inst|BaudClkGenerator:UART_BIT_TIMING_INST|BitPeriodCounter[3]  ; clk_50MHz    ; clk_50MHz   ; 20.000       ; -0.077     ; 3.156      ;
; 16.788 ; UART_tx:UART_tx_inst|BaudClkGenerator:UART_BIT_TIMING_INST|ClockLeft[0]         ; UART_tx:UART_tx_inst|BaudClkGenerator:UART_BIT_TIMING_INST|BitPeriodCounter[4]  ; clk_50MHz    ; clk_50MHz   ; 20.000       ; -0.077     ; 3.156      ;
; 16.788 ; UART_tx:UART_tx_inst|BaudClkGenerator:UART_BIT_TIMING_INST|ClockLeft[0]         ; UART_tx:UART_tx_inst|BaudClkGenerator:UART_BIT_TIMING_INST|BitPeriodCounter[5]  ; clk_50MHz    ; clk_50MHz   ; 20.000       ; -0.077     ; 3.156      ;
; 16.788 ; UART_tx:UART_tx_inst|BaudClkGenerator:UART_BIT_TIMING_INST|ClockLeft[0]         ; UART_tx:UART_tx_inst|BaudClkGenerator:UART_BIT_TIMING_INST|BitPeriodCounter[7]  ; clk_50MHz    ; clk_50MHz   ; 20.000       ; -0.077     ; 3.156      ;
; 16.788 ; UART_tx:UART_tx_inst|BaudClkGenerator:UART_BIT_TIMING_INST|ClockLeft[0]         ; UART_tx:UART_tx_inst|BaudClkGenerator:UART_BIT_TIMING_INST|BitPeriodCounter[8]  ; clk_50MHz    ; clk_50MHz   ; 20.000       ; -0.077     ; 3.156      ;
; 16.896 ; UART_tx:UART_tx_inst|BaudClkGenerator:UART_BIT_TIMING_INST|baudClk_int          ; UART_tx:UART_tx_inst|Serializer:UART_SERIALIZER_INST|shift_reg[1]               ; clk_50MHz    ; clk_50MHz   ; 20.000       ; -0.086     ; 3.039      ;
; 16.896 ; UART_tx:UART_tx_inst|BaudClkGenerator:UART_BIT_TIMING_INST|baudClk_int          ; UART_tx:UART_tx_inst|Serializer:UART_SERIALIZER_INST|shift_reg[2]               ; clk_50MHz    ; clk_50MHz   ; 20.000       ; -0.086     ; 3.039      ;
; 16.896 ; UART_tx:UART_tx_inst|BaudClkGenerator:UART_BIT_TIMING_INST|baudClk_int          ; UART_tx:UART_tx_inst|Serializer:UART_SERIALIZER_INST|shift_reg[3]               ; clk_50MHz    ; clk_50MHz   ; 20.000       ; -0.086     ; 3.039      ;
; 16.896 ; UART_tx:UART_tx_inst|BaudClkGenerator:UART_BIT_TIMING_INST|baudClk_int          ; UART_tx:UART_tx_inst|Serializer:UART_SERIALIZER_INST|shift_reg[4]               ; clk_50MHz    ; clk_50MHz   ; 20.000       ; -0.086     ; 3.039      ;
; 16.896 ; UART_tx:UART_tx_inst|BaudClkGenerator:UART_BIT_TIMING_INST|baudClk_int          ; UART_tx:UART_tx_inst|Serializer:UART_SERIALIZER_INST|shift_reg[5]               ; clk_50MHz    ; clk_50MHz   ; 20.000       ; -0.086     ; 3.039      ;
; 16.896 ; UART_tx:UART_tx_inst|BaudClkGenerator:UART_BIT_TIMING_INST|baudClk_int          ; UART_tx:UART_tx_inst|Serializer:UART_SERIALIZER_INST|shift_reg[6]               ; clk_50MHz    ; clk_50MHz   ; 20.000       ; -0.086     ; 3.039      ;
; 16.896 ; UART_tx:UART_tx_inst|BaudClkGenerator:UART_BIT_TIMING_INST|baudClk_int          ; UART_tx:UART_tx_inst|Serializer:UART_SERIALIZER_INST|shift_reg[7]               ; clk_50MHz    ; clk_50MHz   ; 20.000       ; -0.086     ; 3.039      ;
; 16.896 ; UART_tx:UART_tx_inst|BaudClkGenerator:UART_BIT_TIMING_INST|baudClk_int          ; UART_tx:UART_tx_inst|Serializer:UART_SERIALIZER_INST|shift_reg[8]               ; clk_50MHz    ; clk_50MHz   ; 20.000       ; -0.086     ; 3.039      ;
; 16.923 ; UART_rx:UART_rx_inst|BaudClkGenerator:BaudClkGenerator_inst|BitPeriodCounter[3] ; UART_rx:UART_rx_inst|BaudClkGenerator:BaudClkGenerator_inst|BitPeriodCounter[0] ; clk_50MHz    ; clk_50MHz   ; 20.000       ; -0.080     ; 3.018      ;
; 16.923 ; UART_rx:UART_rx_inst|BaudClkGenerator:BaudClkGenerator_inst|BitPeriodCounter[3] ; UART_rx:UART_rx_inst|BaudClkGenerator:BaudClkGenerator_inst|BitPeriodCounter[3] ; clk_50MHz    ; clk_50MHz   ; 20.000       ; -0.080     ; 3.018      ;
; 16.923 ; UART_rx:UART_rx_inst|BaudClkGenerator:BaudClkGenerator_inst|BitPeriodCounter[3] ; UART_rx:UART_rx_inst|BaudClkGenerator:BaudClkGenerator_inst|BitPeriodCounter[4] ; clk_50MHz    ; clk_50MHz   ; 20.000       ; -0.080     ; 3.018      ;
; 16.923 ; UART_rx:UART_rx_inst|BaudClkGenerator:BaudClkGenerator_inst|BitPeriodCounter[3] ; UART_rx:UART_rx_inst|BaudClkGenerator:BaudClkGenerator_inst|BitPeriodCounter[6] ; clk_50MHz    ; clk_50MHz   ; 20.000       ; -0.080     ; 3.018      ;
; 16.923 ; UART_rx:UART_rx_inst|BaudClkGenerator:BaudClkGenerator_inst|BitPeriodCounter[3] ; UART_rx:UART_rx_inst|BaudClkGenerator:BaudClkGenerator_inst|BitPeriodCounter[7] ; clk_50MHz    ; clk_50MHz   ; 20.000       ; -0.080     ; 3.018      ;
; 16.923 ; UART_rx:UART_rx_inst|BaudClkGenerator:BaudClkGenerator_inst|BitPeriodCounter[3] ; UART_rx:UART_rx_inst|BaudClkGenerator:BaudClkGenerator_inst|BitPeriodCounter[5] ; clk_50MHz    ; clk_50MHz   ; 20.000       ; -0.080     ; 3.018      ;
; 16.923 ; UART_rx:UART_rx_inst|BaudClkGenerator:BaudClkGenerator_inst|BitPeriodCounter[3] ; UART_rx:UART_rx_inst|BaudClkGenerator:BaudClkGenerator_inst|BitPeriodCounter[8] ; clk_50MHz    ; clk_50MHz   ; 20.000       ; -0.080     ; 3.018      ;
; 16.923 ; UART_rx:UART_rx_inst|BaudClkGenerator:BaudClkGenerator_inst|BitPeriodCounter[3] ; UART_rx:UART_rx_inst|BaudClkGenerator:BaudClkGenerator_inst|BitPeriodCounter[1] ; clk_50MHz    ; clk_50MHz   ; 20.000       ; -0.080     ; 3.018      ;
; 16.923 ; UART_rx:UART_rx_inst|BaudClkGenerator:BaudClkGenerator_inst|BitPeriodCounter[3] ; UART_rx:UART_rx_inst|BaudClkGenerator:BaudClkGenerator_inst|BitPeriodCounter[2] ; clk_50MHz    ; clk_50MHz   ; 20.000       ; -0.080     ; 3.018      ;
; 16.942 ; UART_rx:UART_rx_inst|BaudClkGenerator:BaudClkGenerator_inst|BitPeriodCounter[1] ; UART_rx:UART_rx_inst|BaudClkGenerator:BaudClkGenerator_inst|BitPeriodCounter[0] ; clk_50MHz    ; clk_50MHz   ; 20.000       ; -0.080     ; 2.999      ;
; 16.942 ; UART_rx:UART_rx_inst|BaudClkGenerator:BaudClkGenerator_inst|BitPeriodCounter[1] ; UART_rx:UART_rx_inst|BaudClkGenerator:BaudClkGenerator_inst|BitPeriodCounter[3] ; clk_50MHz    ; clk_50MHz   ; 20.000       ; -0.080     ; 2.999      ;
; 16.942 ; UART_rx:UART_rx_inst|BaudClkGenerator:BaudClkGenerator_inst|BitPeriodCounter[1] ; UART_rx:UART_rx_inst|BaudClkGenerator:BaudClkGenerator_inst|BitPeriodCounter[4] ; clk_50MHz    ; clk_50MHz   ; 20.000       ; -0.080     ; 2.999      ;
; 16.942 ; UART_rx:UART_rx_inst|BaudClkGenerator:BaudClkGenerator_inst|BitPeriodCounter[1] ; UART_rx:UART_rx_inst|BaudClkGenerator:BaudClkGenerator_inst|BitPeriodCounter[6] ; clk_50MHz    ; clk_50MHz   ; 20.000       ; -0.080     ; 2.999      ;
; 16.942 ; UART_rx:UART_rx_inst|BaudClkGenerator:BaudClkGenerator_inst|BitPeriodCounter[1] ; UART_rx:UART_rx_inst|BaudClkGenerator:BaudClkGenerator_inst|BitPeriodCounter[7] ; clk_50MHz    ; clk_50MHz   ; 20.000       ; -0.080     ; 2.999      ;
; 16.942 ; UART_rx:UART_rx_inst|BaudClkGenerator:BaudClkGenerator_inst|BitPeriodCounter[1] ; UART_rx:UART_rx_inst|BaudClkGenerator:BaudClkGenerator_inst|BitPeriodCounter[5] ; clk_50MHz    ; clk_50MHz   ; 20.000       ; -0.080     ; 2.999      ;
; 16.942 ; UART_rx:UART_rx_inst|BaudClkGenerator:BaudClkGenerator_inst|BitPeriodCounter[1] ; UART_rx:UART_rx_inst|BaudClkGenerator:BaudClkGenerator_inst|BitPeriodCounter[8] ; clk_50MHz    ; clk_50MHz   ; 20.000       ; -0.080     ; 2.999      ;
; 16.942 ; UART_rx:UART_rx_inst|BaudClkGenerator:BaudClkGenerator_inst|BitPeriodCounter[1] ; UART_rx:UART_rx_inst|BaudClkGenerator:BaudClkGenerator_inst|BitPeriodCounter[1] ; clk_50MHz    ; clk_50MHz   ; 20.000       ; -0.080     ; 2.999      ;
; 16.942 ; UART_rx:UART_rx_inst|BaudClkGenerator:BaudClkGenerator_inst|BitPeriodCounter[1] ; UART_rx:UART_rx_inst|BaudClkGenerator:BaudClkGenerator_inst|BitPeriodCounter[2] ; clk_50MHz    ; clk_50MHz   ; 20.000       ; -0.080     ; 2.999      ;
; 16.965 ; UART_tx:UART_tx_inst|BaudClkGenerator:UART_BIT_TIMING_INST|ClockLeft[3]         ; UART_tx:UART_tx_inst|BaudClkGenerator:UART_BIT_TIMING_INST|BitPeriodCounter[0]  ; clk_50MHz    ; clk_50MHz   ; 20.000       ; -0.077     ; 2.979      ;
; 16.965 ; UART_tx:UART_tx_inst|BaudClkGenerator:UART_BIT_TIMING_INST|ClockLeft[3]         ; UART_tx:UART_tx_inst|BaudClkGenerator:UART_BIT_TIMING_INST|BitPeriodCounter[6]  ; clk_50MHz    ; clk_50MHz   ; 20.000       ; -0.077     ; 2.979      ;
; 16.965 ; UART_tx:UART_tx_inst|BaudClkGenerator:UART_BIT_TIMING_INST|ClockLeft[3]         ; UART_tx:UART_tx_inst|BaudClkGenerator:UART_BIT_TIMING_INST|BitPeriodCounter[1]  ; clk_50MHz    ; clk_50MHz   ; 20.000       ; -0.077     ; 2.979      ;
; 16.965 ; UART_tx:UART_tx_inst|BaudClkGenerator:UART_BIT_TIMING_INST|ClockLeft[3]         ; UART_tx:UART_tx_inst|BaudClkGenerator:UART_BIT_TIMING_INST|BitPeriodCounter[2]  ; clk_50MHz    ; clk_50MHz   ; 20.000       ; -0.077     ; 2.979      ;
; 16.965 ; UART_tx:UART_tx_inst|BaudClkGenerator:UART_BIT_TIMING_INST|ClockLeft[3]         ; UART_tx:UART_tx_inst|BaudClkGenerator:UART_BIT_TIMING_INST|BitPeriodCounter[3]  ; clk_50MHz    ; clk_50MHz   ; 20.000       ; -0.077     ; 2.979      ;
; 16.965 ; UART_tx:UART_tx_inst|BaudClkGenerator:UART_BIT_TIMING_INST|ClockLeft[3]         ; UART_tx:UART_tx_inst|BaudClkGenerator:UART_BIT_TIMING_INST|BitPeriodCounter[4]  ; clk_50MHz    ; clk_50MHz   ; 20.000       ; -0.077     ; 2.979      ;
; 16.965 ; UART_tx:UART_tx_inst|BaudClkGenerator:UART_BIT_TIMING_INST|ClockLeft[3]         ; UART_tx:UART_tx_inst|BaudClkGenerator:UART_BIT_TIMING_INST|BitPeriodCounter[5]  ; clk_50MHz    ; clk_50MHz   ; 20.000       ; -0.077     ; 2.979      ;
; 16.965 ; UART_tx:UART_tx_inst|BaudClkGenerator:UART_BIT_TIMING_INST|ClockLeft[3]         ; UART_tx:UART_tx_inst|BaudClkGenerator:UART_BIT_TIMING_INST|BitPeriodCounter[7]  ; clk_50MHz    ; clk_50MHz   ; 20.000       ; -0.077     ; 2.979      ;
; 16.965 ; UART_tx:UART_tx_inst|BaudClkGenerator:UART_BIT_TIMING_INST|ClockLeft[3]         ; UART_tx:UART_tx_inst|BaudClkGenerator:UART_BIT_TIMING_INST|BitPeriodCounter[8]  ; clk_50MHz    ; clk_50MHz   ; 20.000       ; -0.077     ; 2.979      ;
; 16.973 ; UART_rx:UART_rx_inst|BaudClkGenerator:BaudClkGenerator_inst|ClockLeft[0]        ; UART_rx:UART_rx_inst|BaudClkGenerator:BaudClkGenerator_inst|baudClk_int         ; clk_50MHz    ; clk_50MHz   ; 20.000       ; -0.086     ; 2.962      ;
; 17.008 ; UART_rx:UART_rx_inst|BaudClkGenerator:BaudClkGenerator_inst|ClockLeft[3]        ; UART_rx:UART_rx_inst|BaudClkGenerator:BaudClkGenerator_inst|baudClk_int         ; clk_50MHz    ; clk_50MHz   ; 20.000       ; -0.086     ; 2.927      ;
+--------+---------------------------------------------------------------------------------+---------------------------------------------------------------------------------+--------------+-------------+--------------+------------+------------+


+-------------------------------------------------------------------------------------------------------------------------------------------------------------------------------------------------------------------------------------------------+
; Slow 1200mV 85C Model Hold: 'clk_50MHz'                                                                                                                                                                                                         ;
+-------+---------------------------------------------------------------------------------+---------------------------------------------------------------------------------+--------------+-------------+--------------+------------+------------+
; Slack ; From Node                                                                       ; To Node                                                                         ; Launch Clock ; Latch Clock ; Relationship ; Clock Skew ; Data Delay ;
+-------+---------------------------------------------------------------------------------+---------------------------------------------------------------------------------+--------------+-------------+--------------+------------+------------+
; 0.453 ; UART_rx:UART_rx_inst|FSMVariable.IDLE                                           ; UART_rx:UART_rx_inst|FSMVariable.IDLE                                           ; clk_50MHz    ; clk_50MHz   ; 0.000        ; 0.081      ; 0.746      ;
; 0.453 ; UART_rx:UART_rx_inst|start                                                      ; UART_rx:UART_rx_inst|start                                                      ; clk_50MHz    ; clk_50MHz   ; 0.000        ; 0.081      ; 0.746      ;
; 0.453 ; UART_rx:UART_rx_inst|FSMVariable.COLLECT_RS232_DATA                             ; UART_rx:UART_rx_inst|FSMVariable.COLLECT_RS232_DATA                             ; clk_50MHz    ; clk_50MHz   ; 0.000        ; 0.081      ; 0.746      ;
; 0.453 ; UART_rx:UART_rx_inst|BaudClkGenerator:BaudClkGenerator_inst|ready               ; UART_rx:UART_rx_inst|BaudClkGenerator:BaudClkGenerator_inst|ready               ; clk_50MHz    ; clk_50MHz   ; 0.000        ; 0.081      ; 0.746      ;
; 0.453 ; UART_rx:UART_rx_inst|BaudClkGenerator:BaudClkGenerator_inst|ClockLeft[3]        ; UART_rx:UART_rx_inst|BaudClkGenerator:BaudClkGenerator_inst|ClockLeft[3]        ; clk_50MHz    ; clk_50MHz   ; 0.000        ; 0.081      ; 0.746      ;
; 0.453 ; UART_rx:UART_rx_inst|BaudClkGenerator:BaudClkGenerator_inst|ClockLeft[0]        ; UART_rx:UART_rx_inst|BaudClkGenerator:BaudClkGenerator_inst|ClockLeft[0]        ; clk_50MHz    ; clk_50MHz   ; 0.000        ; 0.081      ; 0.746      ;
; 0.453 ; UART_rx:UART_rx_inst|BaudClkGenerator:BaudClkGenerator_inst|ClockLeft[1]        ; UART_rx:UART_rx_inst|BaudClkGenerator:BaudClkGenerator_inst|ClockLeft[1]        ; clk_50MHz    ; clk_50MHz   ; 0.000        ; 0.081      ; 0.746      ;
; 0.453 ; UART_rx:UART_rx_inst|BaudClkGenerator:BaudClkGenerator_inst|ClockLeft[2]        ; UART_rx:UART_rx_inst|BaudClkGenerator:BaudClkGenerator_inst|ClockLeft[2]        ; clk_50MHz    ; clk_50MHz   ; 0.000        ; 0.081      ; 0.746      ;
; 0.454 ; UART_tx:UART_tx_inst|Serializer:UART_SERIALIZER_INST|shift_reg[0]               ; UART_tx:UART_tx_inst|Serializer:UART_SERIALIZER_INST|shift_reg[0]               ; clk_50MHz    ; clk_50MHz   ; 0.000        ; 0.080      ; 0.746      ;
; 0.454 ; UART_tx:UART_tx_inst|BaudClkGenerator:UART_BIT_TIMING_INST|ClockLeft[3]         ; UART_tx:UART_tx_inst|BaudClkGenerator:UART_BIT_TIMING_INST|ClockLeft[3]         ; clk_50MHz    ; clk_50MHz   ; 0.000        ; 0.080      ; 0.746      ;
; 0.454 ; UART_tx:UART_tx_inst|BaudClkGenerator:UART_BIT_TIMING_INST|ready                ; UART_tx:UART_tx_inst|BaudClkGenerator:UART_BIT_TIMING_INST|ready                ; clk_50MHz    ; clk_50MHz   ; 0.000        ; 0.080      ; 0.746      ;
; 0.454 ; UART_tx:UART_tx_inst|BaudClkGenerator:UART_BIT_TIMING_INST|ClockLeft[0]         ; UART_tx:UART_tx_inst|BaudClkGenerator:UART_BIT_TIMING_INST|ClockLeft[0]         ; clk_50MHz    ; clk_50MHz   ; 0.000        ; 0.080      ; 0.746      ;
; 0.454 ; UART_tx:UART_tx_inst|BaudClkGenerator:UART_BIT_TIMING_INST|ClockLeft[1]         ; UART_tx:UART_tx_inst|BaudClkGenerator:UART_BIT_TIMING_INST|ClockLeft[1]         ; clk_50MHz    ; clk_50MHz   ; 0.000        ; 0.080      ; 0.746      ;
; 0.454 ; UART_tx:UART_tx_inst|BaudClkGenerator:UART_BIT_TIMING_INST|ClockLeft[2]         ; UART_tx:UART_tx_inst|BaudClkGenerator:UART_BIT_TIMING_INST|ClockLeft[2]         ; clk_50MHz    ; clk_50MHz   ; 0.000        ; 0.080      ; 0.746      ;
; 0.454 ; TxStart                                                                         ; TxStart                                                                         ; clk_50MHz    ; clk_50MHz   ; 0.000        ; 0.080      ; 0.746      ;
; 0.454 ; UART_rx:UART_rx_inst|IRQ_rx                                                     ; UART_rx:UART_rx_inst|IRQ_rx                                                     ; clk_50MHz    ; clk_50MHz   ; 0.000        ; 0.080      ; 0.746      ;
; 0.466 ; SMVariable                                                                      ; SMVariable                                                                      ; clk_50MHz    ; clk_50MHz   ; 0.000        ; 0.080      ; 0.758      ;
; 0.491 ; UART_rx:UART_rx_inst|ShiftRegister:ShiftRegister_inst|shift_reg[2]              ; UART_tx:UART_tx_inst|Serializer:UART_SERIALIZER_INST|shift_reg[3]               ; clk_50MHz    ; clk_50MHz   ; 0.000        ; 0.081      ; 0.784      ;
; 0.493 ; UART_rx:UART_rx_inst|ShiftRegister:ShiftRegister_inst|shift_reg[4]              ; UART_tx:UART_tx_inst|Serializer:UART_SERIALIZER_INST|shift_reg[5]               ; clk_50MHz    ; clk_50MHz   ; 0.000        ; 0.081      ; 0.786      ;
; 0.499 ; UART_tx:UART_tx_inst|BaudClkGenerator:UART_BIT_TIMING_INST|BitPeriodCounter[8]  ; UART_tx:UART_tx_inst|BaudClkGenerator:UART_BIT_TIMING_INST|BitPeriodCounter[8]  ; clk_50MHz    ; clk_50MHz   ; 0.000        ; 0.081      ; 0.792      ;
; 0.501 ; UART_tx:UART_tx_inst|Serializer:UART_SERIALIZER_INST|shift_reg[8]               ; UART_tx:UART_tx_inst|Serializer:UART_SERIALIZER_INST|shift_reg[7]               ; clk_50MHz    ; clk_50MHz   ; 0.000        ; 0.081      ; 0.794      ;
; 0.501 ; UART_rx:UART_rx_inst|FSMVariable.COLLECT_RS232_DATA                             ; UART_rx:UART_rx_inst|FSMVariable.ASSERT_IRQ                                     ; clk_50MHz    ; clk_50MHz   ; 0.000        ; 0.081      ; 0.794      ;
; 0.501 ; UART_rx:UART_rx_inst|Synchronizer:Synchronizer_inst|signal_async                ; UART_rx:UART_rx_inst|Synchronizer:Synchronizer_inst|signal_sync                 ; clk_50MHz    ; clk_50MHz   ; 0.000        ; 0.081      ; 0.794      ;
; 0.509 ; UART_rx:UART_rx_inst|ShiftRegister:ShiftRegister_inst|shift_reg[2]              ; UART_rx:UART_rx_inst|ShiftRegister:ShiftRegister_inst|shift_reg[1]              ; clk_50MHz    ; clk_50MHz   ; 0.000        ; 0.081      ; 0.802      ;
; 0.509 ; UART_rx:UART_rx_inst|ShiftRegister:ShiftRegister_inst|shift_reg[6]              ; UART_rx:UART_rx_inst|ShiftRegister:ShiftRegister_inst|shift_reg[5]              ; clk_50MHz    ; clk_50MHz   ; 0.000        ; 0.081      ; 0.802      ;
; 0.510 ; UART_rx:UART_rx_inst|ShiftRegister:ShiftRegister_inst|shift_reg[1]              ; UART_rx:UART_rx_inst|ShiftRegister:ShiftRegister_inst|shift_reg[0]              ; clk_50MHz    ; clk_50MHz   ; 0.000        ; 0.081      ; 0.803      ;
; 0.510 ; UART_rx:UART_rx_inst|ShiftRegister:ShiftRegister_inst|shift_reg[4]              ; UART_rx:UART_rx_inst|ShiftRegister:ShiftRegister_inst|shift_reg[3]              ; clk_50MHz    ; clk_50MHz   ; 0.000        ; 0.081      ; 0.803      ;
; 0.510 ; UART_rx:UART_rx_inst|IRQ_rx                                                     ; SMVariable                                                                      ; clk_50MHz    ; clk_50MHz   ; 0.000        ; 0.080      ; 0.802      ;
; 0.510 ; UART_rx:UART_rx_inst|IRQ_rx                                                     ; TxStart                                                                         ; clk_50MHz    ; clk_50MHz   ; 0.000        ; 0.080      ; 0.802      ;
; 0.516 ; UART_rx:UART_rx_inst|FSMVariable.ASSERT_IRQ                                     ; UART_rx:UART_rx_inst|FSMVariable.IDLE                                           ; clk_50MHz    ; clk_50MHz   ; 0.000        ; 0.081      ; 0.809      ;
; 0.517 ; UART_rx:UART_rx_inst|BaudClkGenerator:BaudClkGenerator_inst|ready               ; UART_rx:UART_rx_inst|FSMVariable.COLLECT_RS232_DATA                             ; clk_50MHz    ; clk_50MHz   ; 0.000        ; 0.081      ; 0.810      ;
; 0.522 ; UART_rx:UART_rx_inst|start                                                      ; UART_rx:UART_rx_inst|BaudClkGenerator:BaudClkGenerator_inst|ClockLeft[1]        ; clk_50MHz    ; clk_50MHz   ; 0.000        ; 0.081      ; 0.815      ;
; 0.527 ; UART_rx:UART_rx_inst|start                                                      ; UART_rx:UART_rx_inst|BaudClkGenerator:BaudClkGenerator_inst|ClockLeft[2]        ; clk_50MHz    ; clk_50MHz   ; 0.000        ; 0.081      ; 0.820      ;
; 0.536 ; UART_rx:UART_rx_inst|FSMVariable.ASSERT_IRQ                                     ; UART_rx:UART_rx_inst|start                                                      ; clk_50MHz    ; clk_50MHz   ; 0.000        ; 0.081      ; 0.829      ;
; 0.540 ; UART_rx:UART_rx_inst|start                                                      ; UART_rx:UART_rx_inst|BaudClkGenerator:BaudClkGenerator_inst|ClockLeft[3]        ; clk_50MHz    ; clk_50MHz   ; 0.000        ; 0.081      ; 0.833      ;
; 0.588 ; TxStart                                                                         ; UART_rx:UART_rx_inst|IRQ_rx                                                     ; clk_50MHz    ; clk_50MHz   ; 0.000        ; 0.080      ; 0.880      ;
; 0.591 ; TxStart                                                                         ; UART_tx:UART_tx_inst|BaudClkGenerator:UART_BIT_TIMING_INST|ClockLeft[2]         ; clk_50MHz    ; clk_50MHz   ; 0.000        ; 0.080      ; 0.883      ;
; 0.606 ; TxStart                                                                         ; UART_tx:UART_tx_inst|BaudClkGenerator:UART_BIT_TIMING_INST|ClockLeft[1]         ; clk_50MHz    ; clk_50MHz   ; 0.000        ; 0.080      ; 0.898      ;
; 0.607 ; TxStart                                                                         ; UART_tx:UART_tx_inst|BaudClkGenerator:UART_BIT_TIMING_INST|ClockLeft[3]         ; clk_50MHz    ; clk_50MHz   ; 0.000        ; 0.080      ; 0.899      ;
; 0.607 ; TxStart                                                                         ; UART_tx:UART_tx_inst|BaudClkGenerator:UART_BIT_TIMING_INST|ready                ; clk_50MHz    ; clk_50MHz   ; 0.000        ; 0.080      ; 0.899      ;
; 0.632 ; UART_rx:UART_rx_inst|ShiftRegister:ShiftRegister_inst|shift_reg[5]              ; UART_tx:UART_tx_inst|Serializer:UART_SERIALIZER_INST|shift_reg[6]               ; clk_50MHz    ; clk_50MHz   ; 0.000        ; 0.081      ; 0.925      ;
; 0.633 ; UART_rx:UART_rx_inst|ShiftRegister:ShiftRegister_inst|shift_reg[3]              ; UART_tx:UART_tx_inst|Serializer:UART_SERIALIZER_INST|shift_reg[4]               ; clk_50MHz    ; clk_50MHz   ; 0.000        ; 0.081      ; 0.926      ;
; 0.634 ; UART_rx:UART_rx_inst|ShiftRegister:ShiftRegister_inst|shift_reg[7]              ; UART_tx:UART_tx_inst|Serializer:UART_SERIALIZER_INST|shift_reg[8]               ; clk_50MHz    ; clk_50MHz   ; 0.000        ; 0.081      ; 0.927      ;
; 0.664 ; UART_rx:UART_rx_inst|BaudClkGenerator:BaudClkGenerator_inst|BitPeriodCounter[8] ; UART_rx:UART_rx_inst|BaudClkGenerator:BaudClkGenerator_inst|baudClk_int         ; clk_50MHz    ; clk_50MHz   ; 0.000        ; 0.080      ; 0.956      ;
; 0.706 ; UART_rx:UART_rx_inst|ShiftRegister:ShiftRegister_inst|shift_reg[3]              ; UART_rx:UART_rx_inst|ShiftRegister:ShiftRegister_inst|shift_reg[2]              ; clk_50MHz    ; clk_50MHz   ; 0.000        ; 0.081      ; 0.999      ;
; 0.707 ; UART_rx:UART_rx_inst|ShiftRegister:ShiftRegister_inst|shift_reg[5]              ; UART_rx:UART_rx_inst|ShiftRegister:ShiftRegister_inst|shift_reg[4]              ; clk_50MHz    ; clk_50MHz   ; 0.000        ; 0.081      ; 1.000      ;
; 0.708 ; UART_rx:UART_rx_inst|ShiftRegister:ShiftRegister_inst|shift_reg[7]              ; UART_rx:UART_rx_inst|ShiftRegister:ShiftRegister_inst|shift_reg[6]              ; clk_50MHz    ; clk_50MHz   ; 0.000        ; 0.081      ; 1.001      ;
; 0.740 ; UART_tx:UART_tx_inst|Serializer:UART_SERIALIZER_INST|shift_reg[3]               ; UART_tx:UART_tx_inst|Serializer:UART_SERIALIZER_INST|shift_reg[2]               ; clk_50MHz    ; clk_50MHz   ; 0.000        ; 0.081      ; 1.033      ;
; 0.741 ; UART_tx:UART_tx_inst|Serializer:UART_SERIALIZER_INST|shift_reg[6]               ; UART_tx:UART_tx_inst|Serializer:UART_SERIALIZER_INST|shift_reg[5]               ; clk_50MHz    ; clk_50MHz   ; 0.000        ; 0.081      ; 1.034      ;
; 0.743 ; UART_tx:UART_tx_inst|Serializer:UART_SERIALIZER_INST|shift_reg[2]               ; UART_tx:UART_tx_inst|Serializer:UART_SERIALIZER_INST|shift_reg[1]               ; clk_50MHz    ; clk_50MHz   ; 0.000        ; 0.081      ; 1.036      ;
; 0.743 ; UART_tx:UART_tx_inst|Serializer:UART_SERIALIZER_INST|shift_reg[4]               ; UART_tx:UART_tx_inst|Serializer:UART_SERIALIZER_INST|shift_reg[3]               ; clk_50MHz    ; clk_50MHz   ; 0.000        ; 0.081      ; 1.036      ;
; 0.744 ; UART_tx:UART_tx_inst|BaudClkGenerator:UART_BIT_TIMING_INST|BitPeriodCounter[1]  ; UART_tx:UART_tx_inst|BaudClkGenerator:UART_BIT_TIMING_INST|BitPeriodCounter[1]  ; clk_50MHz    ; clk_50MHz   ; 0.000        ; 0.081      ; 1.037      ;
; 0.745 ; UART_tx:UART_tx_inst|BaudClkGenerator:UART_BIT_TIMING_INST|BitPeriodCounter[3]  ; UART_tx:UART_tx_inst|BaudClkGenerator:UART_BIT_TIMING_INST|BitPeriodCounter[3]  ; clk_50MHz    ; clk_50MHz   ; 0.000        ; 0.081      ; 1.038      ;
; 0.746 ; UART_rx:UART_rx_inst|BaudClkGenerator:BaudClkGenerator_inst|BitPeriodCounter[1] ; UART_rx:UART_rx_inst|BaudClkGenerator:BaudClkGenerator_inst|BitPeriodCounter[1] ; clk_50MHz    ; clk_50MHz   ; 0.000        ; 0.080      ; 1.038      ;
; 0.747 ; UART_tx:UART_tx_inst|BaudClkGenerator:UART_BIT_TIMING_INST|BitPeriodCounter[2]  ; UART_tx:UART_tx_inst|BaudClkGenerator:UART_BIT_TIMING_INST|BitPeriodCounter[2]  ; clk_50MHz    ; clk_50MHz   ; 0.000        ; 0.081      ; 1.040      ;
; 0.747 ; UART_tx:UART_tx_inst|BaudClkGenerator:UART_BIT_TIMING_INST|BitPeriodCounter[4]  ; UART_tx:UART_tx_inst|BaudClkGenerator:UART_BIT_TIMING_INST|BitPeriodCounter[4]  ; clk_50MHz    ; clk_50MHz   ; 0.000        ; 0.081      ; 1.040      ;
; 0.747 ; UART_tx:UART_tx_inst|BaudClkGenerator:UART_BIT_TIMING_INST|BitPeriodCounter[5]  ; UART_tx:UART_tx_inst|BaudClkGenerator:UART_BIT_TIMING_INST|BitPeriodCounter[5]  ; clk_50MHz    ; clk_50MHz   ; 0.000        ; 0.081      ; 1.040      ;
; 0.747 ; UART_tx:UART_tx_inst|BaudClkGenerator:UART_BIT_TIMING_INST|BitPeriodCounter[7]  ; UART_tx:UART_tx_inst|BaudClkGenerator:UART_BIT_TIMING_INST|BitPeriodCounter[7]  ; clk_50MHz    ; clk_50MHz   ; 0.000        ; 0.081      ; 1.040      ;
; 0.748 ; UART_rx:UART_rx_inst|BaudClkGenerator:BaudClkGenerator_inst|BitPeriodCounter[3] ; UART_rx:UART_rx_inst|BaudClkGenerator:BaudClkGenerator_inst|BitPeriodCounter[3] ; clk_50MHz    ; clk_50MHz   ; 0.000        ; 0.080      ; 1.040      ;
; 0.748 ; UART_rx:UART_rx_inst|BaudClkGenerator:BaudClkGenerator_inst|BitPeriodCounter[7] ; UART_rx:UART_rx_inst|BaudClkGenerator:BaudClkGenerator_inst|BitPeriodCounter[7] ; clk_50MHz    ; clk_50MHz   ; 0.000        ; 0.080      ; 1.040      ;
; 0.749 ; UART_tx:UART_tx_inst|BaudClkGenerator:UART_BIT_TIMING_INST|BitPeriodCounter[6]  ; UART_tx:UART_tx_inst|BaudClkGenerator:UART_BIT_TIMING_INST|BitPeriodCounter[6]  ; clk_50MHz    ; clk_50MHz   ; 0.000        ; 0.081      ; 1.042      ;
; 0.749 ; UART_rx:UART_rx_inst|BaudClkGenerator:BaudClkGenerator_inst|BitPeriodCounter[6] ; UART_rx:UART_rx_inst|BaudClkGenerator:BaudClkGenerator_inst|BitPeriodCounter[6] ; clk_50MHz    ; clk_50MHz   ; 0.000        ; 0.080      ; 1.041      ;
; 0.749 ; UART_rx:UART_rx_inst|BaudClkGenerator:BaudClkGenerator_inst|BitPeriodCounter[5] ; UART_rx:UART_rx_inst|BaudClkGenerator:BaudClkGenerator_inst|BitPeriodCounter[5] ; clk_50MHz    ; clk_50MHz   ; 0.000        ; 0.080      ; 1.041      ;
; 0.750 ; UART_rx:UART_rx_inst|BaudClkGenerator:BaudClkGenerator_inst|BitPeriodCounter[2] ; UART_rx:UART_rx_inst|BaudClkGenerator:BaudClkGenerator_inst|BitPeriodCounter[2] ; clk_50MHz    ; clk_50MHz   ; 0.000        ; 0.080      ; 1.042      ;
; 0.757 ; UART_rx:UART_rx_inst|BaudClkGenerator:BaudClkGenerator_inst|BitPeriodCounter[8] ; UART_rx:UART_rx_inst|BaudClkGenerator:BaudClkGenerator_inst|BitPeriodCounter[8] ; clk_50MHz    ; clk_50MHz   ; 0.000        ; 0.080      ; 1.049      ;
; 0.758 ; UART_rx:UART_rx_inst|ShiftRegister:ShiftRegister_inst|shift_reg[0]              ; UART_tx:UART_tx_inst|Serializer:UART_SERIALIZER_INST|shift_reg[1]               ; clk_50MHz    ; clk_50MHz   ; 0.000        ; 0.081      ; 1.051      ;
; 0.761 ; UART_tx:UART_tx_inst|Serializer:UART_SERIALIZER_INST|shift_reg[5]               ; UART_tx:UART_tx_inst|Serializer:UART_SERIALIZER_INST|shift_reg[4]               ; clk_50MHz    ; clk_50MHz   ; 0.000        ; 0.081      ; 1.054      ;
; 0.763 ; UART_tx:UART_tx_inst|Serializer:UART_SERIALIZER_INST|shift_reg[7]               ; UART_tx:UART_tx_inst|Serializer:UART_SERIALIZER_INST|shift_reg[6]               ; clk_50MHz    ; clk_50MHz   ; 0.000        ; 0.081      ; 1.056      ;
; 0.765 ; UART_rx:UART_rx_inst|ShiftRegister:ShiftRegister_inst|shift_reg[1]              ; UART_tx:UART_tx_inst|Serializer:UART_SERIALIZER_INST|shift_reg[2]               ; clk_50MHz    ; clk_50MHz   ; 0.000        ; 0.081      ; 1.058      ;
; 0.765 ; UART_rx:UART_rx_inst|BaudClkGenerator:BaudClkGenerator_inst|BitPeriodCounter[0] ; UART_rx:UART_rx_inst|BaudClkGenerator:BaudClkGenerator_inst|BitPeriodCounter[0] ; clk_50MHz    ; clk_50MHz   ; 0.000        ; 0.080      ; 1.057      ;
; 0.766 ; UART_rx:UART_rx_inst|rs232_rx_sync_delay                                        ; UART_rx:UART_rx_inst|rs232_falling_edge                                         ; clk_50MHz    ; clk_50MHz   ; 0.000        ; 0.081      ; 1.059      ;
; 0.766 ; UART_rx:UART_rx_inst|ShiftRegister:ShiftRegister_inst|shift_reg[6]              ; UART_tx:UART_tx_inst|Serializer:UART_SERIALIZER_INST|shift_reg[7]               ; clk_50MHz    ; clk_50MHz   ; 0.000        ; 0.081      ; 1.059      ;
; 0.767 ; UART_rx:UART_rx_inst|BaudClkGenerator:BaudClkGenerator_inst|BitPeriodCounter[4] ; UART_rx:UART_rx_inst|BaudClkGenerator:BaudClkGenerator_inst|BitPeriodCounter[4] ; clk_50MHz    ; clk_50MHz   ; 0.000        ; 0.080      ; 1.059      ;
; 0.767 ; SMVariable                                                                      ; TxStart                                                                         ; clk_50MHz    ; clk_50MHz   ; 0.000        ; 0.080      ; 1.059      ;
; 0.769 ; UART_tx:UART_tx_inst|BaudClkGenerator:UART_BIT_TIMING_INST|BitPeriodCounter[0]  ; UART_tx:UART_tx_inst|BaudClkGenerator:UART_BIT_TIMING_INST|BitPeriodCounter[0]  ; clk_50MHz    ; clk_50MHz   ; 0.000        ; 0.081      ; 1.062      ;
; 0.774 ; UART_rx:UART_rx_inst|BaudClkGenerator:BaudClkGenerator_inst|ready               ; UART_rx:UART_rx_inst|FSMVariable.ASSERT_IRQ                                     ; clk_50MHz    ; clk_50MHz   ; 0.000        ; 0.081      ; 1.067      ;
; 0.777 ; UART_tx:UART_tx_inst|BaudClkGenerator:UART_BIT_TIMING_INST|BitPeriodCounter[8]  ; UART_tx:UART_tx_inst|BaudClkGenerator:UART_BIT_TIMING_INST|baudClk_int          ; clk_50MHz    ; clk_50MHz   ; 0.000        ; 0.081      ; 1.070      ;
; 0.777 ; UART_rx:UART_rx_inst|FSMVariable.IDLE                                           ; UART_rx:UART_rx_inst|FSMVariable.COLLECT_RS232_DATA                             ; clk_50MHz    ; clk_50MHz   ; 0.000        ; 0.081      ; 1.070      ;
; 0.778 ; UART_tx:UART_tx_inst|BaudClkGenerator:UART_BIT_TIMING_INST|ready                ; TxStart                                                                         ; clk_50MHz    ; clk_50MHz   ; 0.000        ; 0.080      ; 1.070      ;
; 0.778 ; UART_tx:UART_tx_inst|BaudClkGenerator:UART_BIT_TIMING_INST|ready                ; SMVariable                                                                      ; clk_50MHz    ; clk_50MHz   ; 0.000        ; 0.080      ; 1.070      ;
; 0.782 ; UART_rx:UART_rx_inst|start                                                      ; UART_rx:UART_rx_inst|BaudClkGenerator:BaudClkGenerator_inst|ClockLeft[0]        ; clk_50MHz    ; clk_50MHz   ; 0.000        ; 0.081      ; 1.075      ;
; 0.784 ; UART_rx:UART_rx_inst|start                                                      ; UART_rx:UART_rx_inst|BaudClkGenerator:BaudClkGenerator_inst|ready               ; clk_50MHz    ; clk_50MHz   ; 0.000        ; 0.081      ; 1.077      ;
; 0.790 ; UART_rx:UART_rx_inst|FSMVariable.IDLE                                           ; UART_rx:UART_rx_inst|start                                                      ; clk_50MHz    ; clk_50MHz   ; 0.000        ; 0.081      ; 1.083      ;
; 0.819 ; UART_rx:UART_rx_inst|BaudClkGenerator:BaudClkGenerator_inst|ready               ; UART_rx:UART_rx_inst|FSMVariable.IDLE                                           ; clk_50MHz    ; clk_50MHz   ; 0.000        ; 0.081      ; 1.112      ;
; 0.830 ; UART_rx:UART_rx_inst|BaudClkGenerator:BaudClkGenerator_inst|ClockLeft[0]        ; UART_rx:UART_rx_inst|BaudClkGenerator:BaudClkGenerator_inst|ClockLeft[1]        ; clk_50MHz    ; clk_50MHz   ; 0.000        ; 0.081      ; 1.123      ;
; 0.832 ; UART_tx:UART_tx_inst|BaudClkGenerator:UART_BIT_TIMING_INST|ClockLeft[0]         ; UART_tx:UART_tx_inst|BaudClkGenerator:UART_BIT_TIMING_INST|ClockLeft[1]         ; clk_50MHz    ; clk_50MHz   ; 0.000        ; 0.080      ; 1.124      ;
; 0.870 ; TxStart                                                                         ; UART_tx:UART_tx_inst|Serializer:UART_SERIALIZER_INST|shift_reg[0]               ; clk_50MHz    ; clk_50MHz   ; 0.000        ; 0.080      ; 1.162      ;
; 0.911 ; UART_rx:UART_rx_inst|BaudClkGenerator:BaudClkGenerator_inst|BitPeriodCounter[5] ; UART_rx:UART_rx_inst|BaudClkGenerator:BaudClkGenerator_inst|baudClk_int         ; clk_50MHz    ; clk_50MHz   ; 0.000        ; 0.080      ; 1.203      ;
; 0.962 ; UART_rx:UART_rx_inst|rs232_falling_edge                                         ; UART_rx:UART_rx_inst|start                                                      ; clk_50MHz    ; clk_50MHz   ; 0.000        ; 0.081      ; 1.255      ;
; 1.010 ; TxStart                                                                         ; UART_tx:UART_tx_inst|BaudClkGenerator:UART_BIT_TIMING_INST|ClockLeft[0]         ; clk_50MHz    ; clk_50MHz   ; 0.000        ; 0.080      ; 1.302      ;
; 1.040 ; UART_tx:UART_tx_inst|BaudClkGenerator:UART_BIT_TIMING_INST|BitPeriodCounter[6]  ; UART_tx:UART_tx_inst|BaudClkGenerator:UART_BIT_TIMING_INST|baudClk_int          ; clk_50MHz    ; clk_50MHz   ; 0.000        ; 0.081      ; 1.333      ;
; 1.042 ; UART_rx:UART_rx_inst|BaudClkGenerator:BaudClkGenerator_inst|BitPeriodCounter[6] ; UART_rx:UART_rx_inst|BaudClkGenerator:BaudClkGenerator_inst|baudClk_int         ; clk_50MHz    ; clk_50MHz   ; 0.000        ; 0.080      ; 1.334      ;
; 1.065 ; UART_rx:UART_rx_inst|BaudClkGenerator:BaudClkGenerator_inst|ClockLeft[2]        ; UART_rx:UART_rx_inst|BaudClkGenerator:BaudClkGenerator_inst|ClockLeft[0]        ; clk_50MHz    ; clk_50MHz   ; 0.000        ; 0.081      ; 1.358      ;
; 1.067 ; UART_tx:UART_tx_inst|BaudClkGenerator:UART_BIT_TIMING_INST|baudClk_int          ; UART_tx:UART_tx_inst|BaudClkGenerator:UART_BIT_TIMING_INST|ClockLeft[0]         ; clk_50MHz    ; clk_50MHz   ; 0.000        ; 0.077      ; 1.356      ;
; 1.071 ; UART_tx:UART_tx_inst|BaudClkGenerator:UART_BIT_TIMING_INST|baudClk_int          ; UART_tx:UART_tx_inst|Serializer:UART_SERIALIZER_INST|shift_reg[0]               ; clk_50MHz    ; clk_50MHz   ; 0.000        ; 0.077      ; 1.360      ;
; 1.089 ; UART_rx:UART_rx_inst|BaudClkGenerator:BaudClkGenerator_inst|ClockLeft[2]        ; UART_rx:UART_rx_inst|BaudClkGenerator:BaudClkGenerator_inst|ready               ; clk_50MHz    ; clk_50MHz   ; 0.000        ; 0.081      ; 1.382      ;
; 1.099 ; UART_tx:UART_tx_inst|BaudClkGenerator:UART_BIT_TIMING_INST|BitPeriodCounter[1]  ; UART_tx:UART_tx_inst|BaudClkGenerator:UART_BIT_TIMING_INST|BitPeriodCounter[2]  ; clk_50MHz    ; clk_50MHz   ; 0.000        ; 0.081      ; 1.392      ;
; 1.100 ; UART_tx:UART_tx_inst|BaudClkGenerator:UART_BIT_TIMING_INST|BitPeriodCounter[3]  ; UART_tx:UART_tx_inst|BaudClkGenerator:UART_BIT_TIMING_INST|BitPeriodCounter[4]  ; clk_50MHz    ; clk_50MHz   ; 0.000        ; 0.081      ; 1.393      ;
; 1.101 ; UART_tx:UART_tx_inst|BaudClkGenerator:UART_BIT_TIMING_INST|BitPeriodCounter[7]  ; UART_tx:UART_tx_inst|BaudClkGenerator:UART_BIT_TIMING_INST|BitPeriodCounter[8]  ; clk_50MHz    ; clk_50MHz   ; 0.000        ; 0.081      ; 1.394      ;
; 1.101 ; UART_tx:UART_tx_inst|BaudClkGenerator:UART_BIT_TIMING_INST|BitPeriodCounter[5]  ; UART_tx:UART_tx_inst|BaudClkGenerator:UART_BIT_TIMING_INST|BitPeriodCounter[6]  ; clk_50MHz    ; clk_50MHz   ; 0.000        ; 0.081      ; 1.394      ;
+-------+---------------------------------------------------------------------------------+---------------------------------------------------------------------------------+--------------+-------------+--------------+------------+------------+


-----------------------------------------------
; Slow 1200mV 85C Model Metastability Summary ;
-----------------------------------------------
The design MTBF is not calculated because there are no specified synchronizers in the design.
Number of Synchronizer Chains Found: 1
Shortest Synchronizer Chain: 2 Registers
Fraction of Chains for which MTBFs Could Not be Calculated: 1.000
Worst Case Available Settling Time: 36.917 ns




+----------------------------------------------------------------------------------------------------------+
; Slow 1200mV 0C Model Fmax Summary                                                                        ;
+-----------+-----------------+------------+---------------------------------------------------------------+
; Fmax      ; Restricted Fmax ; Clock Name ; Note                                                          ;
+-----------+-----------------+------------+---------------------------------------------------------------+
; 265.6 MHz ; 250.0 MHz       ; clk_50MHz  ; limit due to minimum period restriction (max I/O toggle rate) ;
+-----------+-----------------+------------+---------------------------------------------------------------+
This panel reports FMAX for every clock in the design, regardless of the user-specified clock periods.  FMAX is only computed for paths where the source and destination registers or ports are driven by the same clock.  Paths of different clocks, including generated clocks, are ignored.  For paths between a clock and its inversion, FMAX is computed as if the rising and falling edges are scaled along with FMAX, such that the duty cycle (in terms of a percentage) is maintained. Altera recommends that you always use clock constraints and other slack reports for sign-off analysis.


+------------------------------------+
; Slow 1200mV 0C Model Setup Summary ;
+-----------+--------+---------------+
; Clock     ; Slack  ; End Point TNS ;
+-----------+--------+---------------+
; clk_50MHz ; 16.235 ; 0.000         ;
+-----------+--------+---------------+


+-----------------------------------+
; Slow 1200mV 0C Model Hold Summary ;
+-----------+-------+---------------+
; Clock     ; Slack ; End Point TNS ;
+-----------+-------+---------------+
; clk_50MHz ; 0.401 ; 0.000         ;
+-----------+-------+---------------+


-----------------------------------------
; Slow 1200mV 0C Model Recovery Summary ;
-----------------------------------------
No paths to report.


----------------------------------------
; Slow 1200mV 0C Model Removal Summary ;
----------------------------------------
No paths to report.


+--------------------------------------------------+
; Slow 1200mV 0C Model Minimum Pulse Width Summary ;
+-----------+-------+------------------------------+
; Clock     ; Slack ; End Point TNS                ;
+-----------+-------+------------------------------+
; clk_50MHz ; 9.750 ; 0.000                        ;
+-----------+-------+------------------------------+


+--------------------------------------------------------------------------------------------------------------------------------------------------------------------------------------------------------------------------------------------------+
; Slow 1200mV 0C Model Setup: 'clk_50MHz'                                                                                                                                                                                                          ;
+--------+---------------------------------------------------------------------------------+---------------------------------------------------------------------------------+--------------+-------------+--------------+------------+------------+
; Slack  ; From Node                                                                       ; To Node                                                                         ; Launch Clock ; Latch Clock ; Relationship ; Clock Skew ; Data Delay ;
+--------+---------------------------------------------------------------------------------+---------------------------------------------------------------------------------+--------------+-------------+--------------+------------+------------+
; 16.235 ; UART_rx:UART_rx_inst|BaudClkGenerator:BaudClkGenerator_inst|ClockLeft[0]        ; UART_rx:UART_rx_inst|BaudClkGenerator:BaudClkGenerator_inst|BitPeriodCounter[0] ; clk_50MHz    ; clk_50MHz   ; 20.000       ; -0.080     ; 3.707      ;
; 16.235 ; UART_rx:UART_rx_inst|BaudClkGenerator:BaudClkGenerator_inst|ClockLeft[0]        ; UART_rx:UART_rx_inst|BaudClkGenerator:BaudClkGenerator_inst|BitPeriodCounter[3] ; clk_50MHz    ; clk_50MHz   ; 20.000       ; -0.080     ; 3.707      ;
; 16.235 ; UART_rx:UART_rx_inst|BaudClkGenerator:BaudClkGenerator_inst|ClockLeft[0]        ; UART_rx:UART_rx_inst|BaudClkGenerator:BaudClkGenerator_inst|BitPeriodCounter[4] ; clk_50MHz    ; clk_50MHz   ; 20.000       ; -0.080     ; 3.707      ;
; 16.235 ; UART_rx:UART_rx_inst|BaudClkGenerator:BaudClkGenerator_inst|ClockLeft[0]        ; UART_rx:UART_rx_inst|BaudClkGenerator:BaudClkGenerator_inst|BitPeriodCounter[6] ; clk_50MHz    ; clk_50MHz   ; 20.000       ; -0.080     ; 3.707      ;
; 16.235 ; UART_rx:UART_rx_inst|BaudClkGenerator:BaudClkGenerator_inst|ClockLeft[0]        ; UART_rx:UART_rx_inst|BaudClkGenerator:BaudClkGenerator_inst|BitPeriodCounter[7] ; clk_50MHz    ; clk_50MHz   ; 20.000       ; -0.080     ; 3.707      ;
; 16.235 ; UART_rx:UART_rx_inst|BaudClkGenerator:BaudClkGenerator_inst|ClockLeft[0]        ; UART_rx:UART_rx_inst|BaudClkGenerator:BaudClkGenerator_inst|BitPeriodCounter[5] ; clk_50MHz    ; clk_50MHz   ; 20.000       ; -0.080     ; 3.707      ;
; 16.235 ; UART_rx:UART_rx_inst|BaudClkGenerator:BaudClkGenerator_inst|ClockLeft[0]        ; UART_rx:UART_rx_inst|BaudClkGenerator:BaudClkGenerator_inst|BitPeriodCounter[8] ; clk_50MHz    ; clk_50MHz   ; 20.000       ; -0.080     ; 3.707      ;
; 16.235 ; UART_rx:UART_rx_inst|BaudClkGenerator:BaudClkGenerator_inst|ClockLeft[0]        ; UART_rx:UART_rx_inst|BaudClkGenerator:BaudClkGenerator_inst|BitPeriodCounter[1] ; clk_50MHz    ; clk_50MHz   ; 20.000       ; -0.080     ; 3.707      ;
; 16.235 ; UART_rx:UART_rx_inst|BaudClkGenerator:BaudClkGenerator_inst|ClockLeft[0]        ; UART_rx:UART_rx_inst|BaudClkGenerator:BaudClkGenerator_inst|BitPeriodCounter[2] ; clk_50MHz    ; clk_50MHz   ; 20.000       ; -0.080     ; 3.707      ;
; 16.264 ; UART_rx:UART_rx_inst|BaudClkGenerator:BaudClkGenerator_inst|ClockLeft[3]        ; UART_rx:UART_rx_inst|BaudClkGenerator:BaudClkGenerator_inst|BitPeriodCounter[0] ; clk_50MHz    ; clk_50MHz   ; 20.000       ; -0.080     ; 3.678      ;
; 16.264 ; UART_rx:UART_rx_inst|BaudClkGenerator:BaudClkGenerator_inst|ClockLeft[3]        ; UART_rx:UART_rx_inst|BaudClkGenerator:BaudClkGenerator_inst|BitPeriodCounter[3] ; clk_50MHz    ; clk_50MHz   ; 20.000       ; -0.080     ; 3.678      ;
; 16.264 ; UART_rx:UART_rx_inst|BaudClkGenerator:BaudClkGenerator_inst|ClockLeft[3]        ; UART_rx:UART_rx_inst|BaudClkGenerator:BaudClkGenerator_inst|BitPeriodCounter[4] ; clk_50MHz    ; clk_50MHz   ; 20.000       ; -0.080     ; 3.678      ;
; 16.264 ; UART_rx:UART_rx_inst|BaudClkGenerator:BaudClkGenerator_inst|ClockLeft[3]        ; UART_rx:UART_rx_inst|BaudClkGenerator:BaudClkGenerator_inst|BitPeriodCounter[6] ; clk_50MHz    ; clk_50MHz   ; 20.000       ; -0.080     ; 3.678      ;
; 16.264 ; UART_rx:UART_rx_inst|BaudClkGenerator:BaudClkGenerator_inst|ClockLeft[3]        ; UART_rx:UART_rx_inst|BaudClkGenerator:BaudClkGenerator_inst|BitPeriodCounter[7] ; clk_50MHz    ; clk_50MHz   ; 20.000       ; -0.080     ; 3.678      ;
; 16.264 ; UART_rx:UART_rx_inst|BaudClkGenerator:BaudClkGenerator_inst|ClockLeft[3]        ; UART_rx:UART_rx_inst|BaudClkGenerator:BaudClkGenerator_inst|BitPeriodCounter[5] ; clk_50MHz    ; clk_50MHz   ; 20.000       ; -0.080     ; 3.678      ;
; 16.264 ; UART_rx:UART_rx_inst|BaudClkGenerator:BaudClkGenerator_inst|ClockLeft[3]        ; UART_rx:UART_rx_inst|BaudClkGenerator:BaudClkGenerator_inst|BitPeriodCounter[8] ; clk_50MHz    ; clk_50MHz   ; 20.000       ; -0.080     ; 3.678      ;
; 16.264 ; UART_rx:UART_rx_inst|BaudClkGenerator:BaudClkGenerator_inst|ClockLeft[3]        ; UART_rx:UART_rx_inst|BaudClkGenerator:BaudClkGenerator_inst|BitPeriodCounter[1] ; clk_50MHz    ; clk_50MHz   ; 20.000       ; -0.080     ; 3.678      ;
; 16.264 ; UART_rx:UART_rx_inst|BaudClkGenerator:BaudClkGenerator_inst|ClockLeft[3]        ; UART_rx:UART_rx_inst|BaudClkGenerator:BaudClkGenerator_inst|BitPeriodCounter[2] ; clk_50MHz    ; clk_50MHz   ; 20.000       ; -0.080     ; 3.678      ;
; 16.403 ; UART_rx:UART_rx_inst|BaudClkGenerator:BaudClkGenerator_inst|ClockLeft[1]        ; UART_rx:UART_rx_inst|BaudClkGenerator:BaudClkGenerator_inst|BitPeriodCounter[0] ; clk_50MHz    ; clk_50MHz   ; 20.000       ; -0.080     ; 3.539      ;
; 16.403 ; UART_rx:UART_rx_inst|BaudClkGenerator:BaudClkGenerator_inst|ClockLeft[1]        ; UART_rx:UART_rx_inst|BaudClkGenerator:BaudClkGenerator_inst|BitPeriodCounter[3] ; clk_50MHz    ; clk_50MHz   ; 20.000       ; -0.080     ; 3.539      ;
; 16.403 ; UART_rx:UART_rx_inst|BaudClkGenerator:BaudClkGenerator_inst|ClockLeft[1]        ; UART_rx:UART_rx_inst|BaudClkGenerator:BaudClkGenerator_inst|BitPeriodCounter[4] ; clk_50MHz    ; clk_50MHz   ; 20.000       ; -0.080     ; 3.539      ;
; 16.403 ; UART_rx:UART_rx_inst|BaudClkGenerator:BaudClkGenerator_inst|ClockLeft[1]        ; UART_rx:UART_rx_inst|BaudClkGenerator:BaudClkGenerator_inst|BitPeriodCounter[6] ; clk_50MHz    ; clk_50MHz   ; 20.000       ; -0.080     ; 3.539      ;
; 16.403 ; UART_rx:UART_rx_inst|BaudClkGenerator:BaudClkGenerator_inst|ClockLeft[1]        ; UART_rx:UART_rx_inst|BaudClkGenerator:BaudClkGenerator_inst|BitPeriodCounter[7] ; clk_50MHz    ; clk_50MHz   ; 20.000       ; -0.080     ; 3.539      ;
; 16.403 ; UART_rx:UART_rx_inst|BaudClkGenerator:BaudClkGenerator_inst|ClockLeft[1]        ; UART_rx:UART_rx_inst|BaudClkGenerator:BaudClkGenerator_inst|BitPeriodCounter[5] ; clk_50MHz    ; clk_50MHz   ; 20.000       ; -0.080     ; 3.539      ;
; 16.403 ; UART_rx:UART_rx_inst|BaudClkGenerator:BaudClkGenerator_inst|ClockLeft[1]        ; UART_rx:UART_rx_inst|BaudClkGenerator:BaudClkGenerator_inst|BitPeriodCounter[8] ; clk_50MHz    ; clk_50MHz   ; 20.000       ; -0.080     ; 3.539      ;
; 16.403 ; UART_rx:UART_rx_inst|BaudClkGenerator:BaudClkGenerator_inst|ClockLeft[1]        ; UART_rx:UART_rx_inst|BaudClkGenerator:BaudClkGenerator_inst|BitPeriodCounter[1] ; clk_50MHz    ; clk_50MHz   ; 20.000       ; -0.080     ; 3.539      ;
; 16.403 ; UART_rx:UART_rx_inst|BaudClkGenerator:BaudClkGenerator_inst|ClockLeft[1]        ; UART_rx:UART_rx_inst|BaudClkGenerator:BaudClkGenerator_inst|BitPeriodCounter[2] ; clk_50MHz    ; clk_50MHz   ; 20.000       ; -0.080     ; 3.539      ;
; 16.420 ; UART_rx:UART_rx_inst|BaudClkGenerator:BaudClkGenerator_inst|ClockLeft[2]        ; UART_rx:UART_rx_inst|BaudClkGenerator:BaudClkGenerator_inst|BitPeriodCounter[0] ; clk_50MHz    ; clk_50MHz   ; 20.000       ; -0.080     ; 3.522      ;
; 16.420 ; UART_rx:UART_rx_inst|BaudClkGenerator:BaudClkGenerator_inst|ClockLeft[2]        ; UART_rx:UART_rx_inst|BaudClkGenerator:BaudClkGenerator_inst|BitPeriodCounter[3] ; clk_50MHz    ; clk_50MHz   ; 20.000       ; -0.080     ; 3.522      ;
; 16.420 ; UART_rx:UART_rx_inst|BaudClkGenerator:BaudClkGenerator_inst|ClockLeft[2]        ; UART_rx:UART_rx_inst|BaudClkGenerator:BaudClkGenerator_inst|BitPeriodCounter[4] ; clk_50MHz    ; clk_50MHz   ; 20.000       ; -0.080     ; 3.522      ;
; 16.420 ; UART_rx:UART_rx_inst|BaudClkGenerator:BaudClkGenerator_inst|ClockLeft[2]        ; UART_rx:UART_rx_inst|BaudClkGenerator:BaudClkGenerator_inst|BitPeriodCounter[6] ; clk_50MHz    ; clk_50MHz   ; 20.000       ; -0.080     ; 3.522      ;
; 16.420 ; UART_rx:UART_rx_inst|BaudClkGenerator:BaudClkGenerator_inst|ClockLeft[2]        ; UART_rx:UART_rx_inst|BaudClkGenerator:BaudClkGenerator_inst|BitPeriodCounter[7] ; clk_50MHz    ; clk_50MHz   ; 20.000       ; -0.080     ; 3.522      ;
; 16.420 ; UART_rx:UART_rx_inst|BaudClkGenerator:BaudClkGenerator_inst|ClockLeft[2]        ; UART_rx:UART_rx_inst|BaudClkGenerator:BaudClkGenerator_inst|BitPeriodCounter[5] ; clk_50MHz    ; clk_50MHz   ; 20.000       ; -0.080     ; 3.522      ;
; 16.420 ; UART_rx:UART_rx_inst|BaudClkGenerator:BaudClkGenerator_inst|ClockLeft[2]        ; UART_rx:UART_rx_inst|BaudClkGenerator:BaudClkGenerator_inst|BitPeriodCounter[8] ; clk_50MHz    ; clk_50MHz   ; 20.000       ; -0.080     ; 3.522      ;
; 16.420 ; UART_rx:UART_rx_inst|BaudClkGenerator:BaudClkGenerator_inst|ClockLeft[2]        ; UART_rx:UART_rx_inst|BaudClkGenerator:BaudClkGenerator_inst|BitPeriodCounter[1] ; clk_50MHz    ; clk_50MHz   ; 20.000       ; -0.080     ; 3.522      ;
; 16.420 ; UART_rx:UART_rx_inst|BaudClkGenerator:BaudClkGenerator_inst|ClockLeft[2]        ; UART_rx:UART_rx_inst|BaudClkGenerator:BaudClkGenerator_inst|BitPeriodCounter[2] ; clk_50MHz    ; clk_50MHz   ; 20.000       ; -0.080     ; 3.522      ;
; 16.797 ; UART_tx:UART_tx_inst|BaudClkGenerator:UART_BIT_TIMING_INST|ClockLeft[1]         ; UART_tx:UART_tx_inst|BaudClkGenerator:UART_BIT_TIMING_INST|BitPeriodCounter[0]  ; clk_50MHz    ; clk_50MHz   ; 20.000       ; -0.068     ; 3.157      ;
; 16.797 ; UART_tx:UART_tx_inst|BaudClkGenerator:UART_BIT_TIMING_INST|ClockLeft[1]         ; UART_tx:UART_tx_inst|BaudClkGenerator:UART_BIT_TIMING_INST|BitPeriodCounter[6]  ; clk_50MHz    ; clk_50MHz   ; 20.000       ; -0.068     ; 3.157      ;
; 16.797 ; UART_tx:UART_tx_inst|BaudClkGenerator:UART_BIT_TIMING_INST|ClockLeft[1]         ; UART_tx:UART_tx_inst|BaudClkGenerator:UART_BIT_TIMING_INST|BitPeriodCounter[1]  ; clk_50MHz    ; clk_50MHz   ; 20.000       ; -0.068     ; 3.157      ;
; 16.797 ; UART_tx:UART_tx_inst|BaudClkGenerator:UART_BIT_TIMING_INST|ClockLeft[1]         ; UART_tx:UART_tx_inst|BaudClkGenerator:UART_BIT_TIMING_INST|BitPeriodCounter[2]  ; clk_50MHz    ; clk_50MHz   ; 20.000       ; -0.068     ; 3.157      ;
; 16.797 ; UART_tx:UART_tx_inst|BaudClkGenerator:UART_BIT_TIMING_INST|ClockLeft[1]         ; UART_tx:UART_tx_inst|BaudClkGenerator:UART_BIT_TIMING_INST|BitPeriodCounter[3]  ; clk_50MHz    ; clk_50MHz   ; 20.000       ; -0.068     ; 3.157      ;
; 16.797 ; UART_tx:UART_tx_inst|BaudClkGenerator:UART_BIT_TIMING_INST|ClockLeft[1]         ; UART_tx:UART_tx_inst|BaudClkGenerator:UART_BIT_TIMING_INST|BitPeriodCounter[4]  ; clk_50MHz    ; clk_50MHz   ; 20.000       ; -0.068     ; 3.157      ;
; 16.797 ; UART_tx:UART_tx_inst|BaudClkGenerator:UART_BIT_TIMING_INST|ClockLeft[1]         ; UART_tx:UART_tx_inst|BaudClkGenerator:UART_BIT_TIMING_INST|BitPeriodCounter[5]  ; clk_50MHz    ; clk_50MHz   ; 20.000       ; -0.068     ; 3.157      ;
; 16.797 ; UART_tx:UART_tx_inst|BaudClkGenerator:UART_BIT_TIMING_INST|ClockLeft[1]         ; UART_tx:UART_tx_inst|BaudClkGenerator:UART_BIT_TIMING_INST|BitPeriodCounter[7]  ; clk_50MHz    ; clk_50MHz   ; 20.000       ; -0.068     ; 3.157      ;
; 16.797 ; UART_tx:UART_tx_inst|BaudClkGenerator:UART_BIT_TIMING_INST|ClockLeft[1]         ; UART_tx:UART_tx_inst|BaudClkGenerator:UART_BIT_TIMING_INST|BitPeriodCounter[8]  ; clk_50MHz    ; clk_50MHz   ; 20.000       ; -0.068     ; 3.157      ;
; 16.800 ; UART_tx:UART_tx_inst|BaudClkGenerator:UART_BIT_TIMING_INST|ClockLeft[2]         ; UART_tx:UART_tx_inst|BaudClkGenerator:UART_BIT_TIMING_INST|BitPeriodCounter[0]  ; clk_50MHz    ; clk_50MHz   ; 20.000       ; -0.068     ; 3.154      ;
; 16.800 ; UART_tx:UART_tx_inst|BaudClkGenerator:UART_BIT_TIMING_INST|ClockLeft[2]         ; UART_tx:UART_tx_inst|BaudClkGenerator:UART_BIT_TIMING_INST|BitPeriodCounter[6]  ; clk_50MHz    ; clk_50MHz   ; 20.000       ; -0.068     ; 3.154      ;
; 16.800 ; UART_tx:UART_tx_inst|BaudClkGenerator:UART_BIT_TIMING_INST|ClockLeft[2]         ; UART_tx:UART_tx_inst|BaudClkGenerator:UART_BIT_TIMING_INST|BitPeriodCounter[1]  ; clk_50MHz    ; clk_50MHz   ; 20.000       ; -0.068     ; 3.154      ;
; 16.800 ; UART_tx:UART_tx_inst|BaudClkGenerator:UART_BIT_TIMING_INST|ClockLeft[2]         ; UART_tx:UART_tx_inst|BaudClkGenerator:UART_BIT_TIMING_INST|BitPeriodCounter[2]  ; clk_50MHz    ; clk_50MHz   ; 20.000       ; -0.068     ; 3.154      ;
; 16.800 ; UART_tx:UART_tx_inst|BaudClkGenerator:UART_BIT_TIMING_INST|ClockLeft[2]         ; UART_tx:UART_tx_inst|BaudClkGenerator:UART_BIT_TIMING_INST|BitPeriodCounter[3]  ; clk_50MHz    ; clk_50MHz   ; 20.000       ; -0.068     ; 3.154      ;
; 16.800 ; UART_tx:UART_tx_inst|BaudClkGenerator:UART_BIT_TIMING_INST|ClockLeft[2]         ; UART_tx:UART_tx_inst|BaudClkGenerator:UART_BIT_TIMING_INST|BitPeriodCounter[4]  ; clk_50MHz    ; clk_50MHz   ; 20.000       ; -0.068     ; 3.154      ;
; 16.800 ; UART_tx:UART_tx_inst|BaudClkGenerator:UART_BIT_TIMING_INST|ClockLeft[2]         ; UART_tx:UART_tx_inst|BaudClkGenerator:UART_BIT_TIMING_INST|BitPeriodCounter[5]  ; clk_50MHz    ; clk_50MHz   ; 20.000       ; -0.068     ; 3.154      ;
; 16.800 ; UART_tx:UART_tx_inst|BaudClkGenerator:UART_BIT_TIMING_INST|ClockLeft[2]         ; UART_tx:UART_tx_inst|BaudClkGenerator:UART_BIT_TIMING_INST|BitPeriodCounter[7]  ; clk_50MHz    ; clk_50MHz   ; 20.000       ; -0.068     ; 3.154      ;
; 16.800 ; UART_tx:UART_tx_inst|BaudClkGenerator:UART_BIT_TIMING_INST|ClockLeft[2]         ; UART_tx:UART_tx_inst|BaudClkGenerator:UART_BIT_TIMING_INST|BitPeriodCounter[8]  ; clk_50MHz    ; clk_50MHz   ; 20.000       ; -0.068     ; 3.154      ;
; 16.961 ; UART_tx:UART_tx_inst|BaudClkGenerator:UART_BIT_TIMING_INST|ClockLeft[0]         ; UART_tx:UART_tx_inst|BaudClkGenerator:UART_BIT_TIMING_INST|BitPeriodCounter[0]  ; clk_50MHz    ; clk_50MHz   ; 20.000       ; -0.068     ; 2.993      ;
; 16.961 ; UART_tx:UART_tx_inst|BaudClkGenerator:UART_BIT_TIMING_INST|ClockLeft[0]         ; UART_tx:UART_tx_inst|BaudClkGenerator:UART_BIT_TIMING_INST|BitPeriodCounter[6]  ; clk_50MHz    ; clk_50MHz   ; 20.000       ; -0.068     ; 2.993      ;
; 16.961 ; UART_tx:UART_tx_inst|BaudClkGenerator:UART_BIT_TIMING_INST|ClockLeft[0]         ; UART_tx:UART_tx_inst|BaudClkGenerator:UART_BIT_TIMING_INST|BitPeriodCounter[1]  ; clk_50MHz    ; clk_50MHz   ; 20.000       ; -0.068     ; 2.993      ;
; 16.961 ; UART_tx:UART_tx_inst|BaudClkGenerator:UART_BIT_TIMING_INST|ClockLeft[0]         ; UART_tx:UART_tx_inst|BaudClkGenerator:UART_BIT_TIMING_INST|BitPeriodCounter[2]  ; clk_50MHz    ; clk_50MHz   ; 20.000       ; -0.068     ; 2.993      ;
; 16.961 ; UART_tx:UART_tx_inst|BaudClkGenerator:UART_BIT_TIMING_INST|ClockLeft[0]         ; UART_tx:UART_tx_inst|BaudClkGenerator:UART_BIT_TIMING_INST|BitPeriodCounter[3]  ; clk_50MHz    ; clk_50MHz   ; 20.000       ; -0.068     ; 2.993      ;
; 16.961 ; UART_tx:UART_tx_inst|BaudClkGenerator:UART_BIT_TIMING_INST|ClockLeft[0]         ; UART_tx:UART_tx_inst|BaudClkGenerator:UART_BIT_TIMING_INST|BitPeriodCounter[4]  ; clk_50MHz    ; clk_50MHz   ; 20.000       ; -0.068     ; 2.993      ;
; 16.961 ; UART_tx:UART_tx_inst|BaudClkGenerator:UART_BIT_TIMING_INST|ClockLeft[0]         ; UART_tx:UART_tx_inst|BaudClkGenerator:UART_BIT_TIMING_INST|BitPeriodCounter[5]  ; clk_50MHz    ; clk_50MHz   ; 20.000       ; -0.068     ; 2.993      ;
; 16.961 ; UART_tx:UART_tx_inst|BaudClkGenerator:UART_BIT_TIMING_INST|ClockLeft[0]         ; UART_tx:UART_tx_inst|BaudClkGenerator:UART_BIT_TIMING_INST|BitPeriodCounter[7]  ; clk_50MHz    ; clk_50MHz   ; 20.000       ; -0.068     ; 2.993      ;
; 16.961 ; UART_tx:UART_tx_inst|BaudClkGenerator:UART_BIT_TIMING_INST|ClockLeft[0]         ; UART_tx:UART_tx_inst|BaudClkGenerator:UART_BIT_TIMING_INST|BitPeriodCounter[8]  ; clk_50MHz    ; clk_50MHz   ; 20.000       ; -0.068     ; 2.993      ;
; 17.036 ; UART_tx:UART_tx_inst|BaudClkGenerator:UART_BIT_TIMING_INST|baudClk_int          ; UART_tx:UART_tx_inst|Serializer:UART_SERIALIZER_INST|shift_reg[1]               ; clk_50MHz    ; clk_50MHz   ; 20.000       ; -0.083     ; 2.903      ;
; 17.036 ; UART_tx:UART_tx_inst|BaudClkGenerator:UART_BIT_TIMING_INST|baudClk_int          ; UART_tx:UART_tx_inst|Serializer:UART_SERIALIZER_INST|shift_reg[2]               ; clk_50MHz    ; clk_50MHz   ; 20.000       ; -0.083     ; 2.903      ;
; 17.036 ; UART_tx:UART_tx_inst|BaudClkGenerator:UART_BIT_TIMING_INST|baudClk_int          ; UART_tx:UART_tx_inst|Serializer:UART_SERIALIZER_INST|shift_reg[3]               ; clk_50MHz    ; clk_50MHz   ; 20.000       ; -0.083     ; 2.903      ;
; 17.036 ; UART_tx:UART_tx_inst|BaudClkGenerator:UART_BIT_TIMING_INST|baudClk_int          ; UART_tx:UART_tx_inst|Serializer:UART_SERIALIZER_INST|shift_reg[4]               ; clk_50MHz    ; clk_50MHz   ; 20.000       ; -0.083     ; 2.903      ;
; 17.036 ; UART_tx:UART_tx_inst|BaudClkGenerator:UART_BIT_TIMING_INST|baudClk_int          ; UART_tx:UART_tx_inst|Serializer:UART_SERIALIZER_INST|shift_reg[5]               ; clk_50MHz    ; clk_50MHz   ; 20.000       ; -0.083     ; 2.903      ;
; 17.036 ; UART_tx:UART_tx_inst|BaudClkGenerator:UART_BIT_TIMING_INST|baudClk_int          ; UART_tx:UART_tx_inst|Serializer:UART_SERIALIZER_INST|shift_reg[6]               ; clk_50MHz    ; clk_50MHz   ; 20.000       ; -0.083     ; 2.903      ;
; 17.036 ; UART_tx:UART_tx_inst|BaudClkGenerator:UART_BIT_TIMING_INST|baudClk_int          ; UART_tx:UART_tx_inst|Serializer:UART_SERIALIZER_INST|shift_reg[7]               ; clk_50MHz    ; clk_50MHz   ; 20.000       ; -0.083     ; 2.903      ;
; 17.036 ; UART_tx:UART_tx_inst|BaudClkGenerator:UART_BIT_TIMING_INST|baudClk_int          ; UART_tx:UART_tx_inst|Serializer:UART_SERIALIZER_INST|shift_reg[8]               ; clk_50MHz    ; clk_50MHz   ; 20.000       ; -0.083     ; 2.903      ;
; 17.127 ; UART_tx:UART_tx_inst|BaudClkGenerator:UART_BIT_TIMING_INST|ClockLeft[3]         ; UART_tx:UART_tx_inst|BaudClkGenerator:UART_BIT_TIMING_INST|BitPeriodCounter[0]  ; clk_50MHz    ; clk_50MHz   ; 20.000       ; -0.068     ; 2.827      ;
; 17.127 ; UART_tx:UART_tx_inst|BaudClkGenerator:UART_BIT_TIMING_INST|ClockLeft[3]         ; UART_tx:UART_tx_inst|BaudClkGenerator:UART_BIT_TIMING_INST|BitPeriodCounter[6]  ; clk_50MHz    ; clk_50MHz   ; 20.000       ; -0.068     ; 2.827      ;
; 17.127 ; UART_tx:UART_tx_inst|BaudClkGenerator:UART_BIT_TIMING_INST|ClockLeft[3]         ; UART_tx:UART_tx_inst|BaudClkGenerator:UART_BIT_TIMING_INST|BitPeriodCounter[1]  ; clk_50MHz    ; clk_50MHz   ; 20.000       ; -0.068     ; 2.827      ;
; 17.127 ; UART_tx:UART_tx_inst|BaudClkGenerator:UART_BIT_TIMING_INST|ClockLeft[3]         ; UART_tx:UART_tx_inst|BaudClkGenerator:UART_BIT_TIMING_INST|BitPeriodCounter[2]  ; clk_50MHz    ; clk_50MHz   ; 20.000       ; -0.068     ; 2.827      ;
; 17.127 ; UART_tx:UART_tx_inst|BaudClkGenerator:UART_BIT_TIMING_INST|ClockLeft[3]         ; UART_tx:UART_tx_inst|BaudClkGenerator:UART_BIT_TIMING_INST|BitPeriodCounter[3]  ; clk_50MHz    ; clk_50MHz   ; 20.000       ; -0.068     ; 2.827      ;
; 17.127 ; UART_tx:UART_tx_inst|BaudClkGenerator:UART_BIT_TIMING_INST|ClockLeft[3]         ; UART_tx:UART_tx_inst|BaudClkGenerator:UART_BIT_TIMING_INST|BitPeriodCounter[4]  ; clk_50MHz    ; clk_50MHz   ; 20.000       ; -0.068     ; 2.827      ;
; 17.127 ; UART_tx:UART_tx_inst|BaudClkGenerator:UART_BIT_TIMING_INST|ClockLeft[3]         ; UART_tx:UART_tx_inst|BaudClkGenerator:UART_BIT_TIMING_INST|BitPeriodCounter[5]  ; clk_50MHz    ; clk_50MHz   ; 20.000       ; -0.068     ; 2.827      ;
; 17.127 ; UART_tx:UART_tx_inst|BaudClkGenerator:UART_BIT_TIMING_INST|ClockLeft[3]         ; UART_tx:UART_tx_inst|BaudClkGenerator:UART_BIT_TIMING_INST|BitPeriodCounter[7]  ; clk_50MHz    ; clk_50MHz   ; 20.000       ; -0.068     ; 2.827      ;
; 17.127 ; UART_tx:UART_tx_inst|BaudClkGenerator:UART_BIT_TIMING_INST|ClockLeft[3]         ; UART_tx:UART_tx_inst|BaudClkGenerator:UART_BIT_TIMING_INST|BitPeriodCounter[8]  ; clk_50MHz    ; clk_50MHz   ; 20.000       ; -0.068     ; 2.827      ;
; 17.166 ; UART_rx:UART_rx_inst|BaudClkGenerator:BaudClkGenerator_inst|ClockLeft[0]        ; UART_rx:UART_rx_inst|BaudClkGenerator:BaudClkGenerator_inst|baudClk_int         ; clk_50MHz    ; clk_50MHz   ; 20.000       ; -0.080     ; 2.776      ;
; 17.190 ; UART_rx:UART_rx_inst|BaudClkGenerator:BaudClkGenerator_inst|BitPeriodCounter[1] ; UART_rx:UART_rx_inst|BaudClkGenerator:BaudClkGenerator_inst|BitPeriodCounter[0] ; clk_50MHz    ; clk_50MHz   ; 20.000       ; -0.072     ; 2.760      ;
; 17.190 ; UART_rx:UART_rx_inst|BaudClkGenerator:BaudClkGenerator_inst|BitPeriodCounter[1] ; UART_rx:UART_rx_inst|BaudClkGenerator:BaudClkGenerator_inst|BitPeriodCounter[3] ; clk_50MHz    ; clk_50MHz   ; 20.000       ; -0.072     ; 2.760      ;
; 17.190 ; UART_rx:UART_rx_inst|BaudClkGenerator:BaudClkGenerator_inst|BitPeriodCounter[1] ; UART_rx:UART_rx_inst|BaudClkGenerator:BaudClkGenerator_inst|BitPeriodCounter[4] ; clk_50MHz    ; clk_50MHz   ; 20.000       ; -0.072     ; 2.760      ;
; 17.190 ; UART_rx:UART_rx_inst|BaudClkGenerator:BaudClkGenerator_inst|BitPeriodCounter[1] ; UART_rx:UART_rx_inst|BaudClkGenerator:BaudClkGenerator_inst|BitPeriodCounter[6] ; clk_50MHz    ; clk_50MHz   ; 20.000       ; -0.072     ; 2.760      ;
; 17.190 ; UART_rx:UART_rx_inst|BaudClkGenerator:BaudClkGenerator_inst|BitPeriodCounter[1] ; UART_rx:UART_rx_inst|BaudClkGenerator:BaudClkGenerator_inst|BitPeriodCounter[7] ; clk_50MHz    ; clk_50MHz   ; 20.000       ; -0.072     ; 2.760      ;
; 17.190 ; UART_rx:UART_rx_inst|BaudClkGenerator:BaudClkGenerator_inst|BitPeriodCounter[1] ; UART_rx:UART_rx_inst|BaudClkGenerator:BaudClkGenerator_inst|BitPeriodCounter[5] ; clk_50MHz    ; clk_50MHz   ; 20.000       ; -0.072     ; 2.760      ;
; 17.190 ; UART_rx:UART_rx_inst|BaudClkGenerator:BaudClkGenerator_inst|BitPeriodCounter[1] ; UART_rx:UART_rx_inst|BaudClkGenerator:BaudClkGenerator_inst|BitPeriodCounter[8] ; clk_50MHz    ; clk_50MHz   ; 20.000       ; -0.072     ; 2.760      ;
; 17.190 ; UART_rx:UART_rx_inst|BaudClkGenerator:BaudClkGenerator_inst|BitPeriodCounter[1] ; UART_rx:UART_rx_inst|BaudClkGenerator:BaudClkGenerator_inst|BitPeriodCounter[1] ; clk_50MHz    ; clk_50MHz   ; 20.000       ; -0.072     ; 2.760      ;
; 17.190 ; UART_rx:UART_rx_inst|BaudClkGenerator:BaudClkGenerator_inst|BitPeriodCounter[1] ; UART_rx:UART_rx_inst|BaudClkGenerator:BaudClkGenerator_inst|BitPeriodCounter[2] ; clk_50MHz    ; clk_50MHz   ; 20.000       ; -0.072     ; 2.760      ;
; 17.195 ; UART_rx:UART_rx_inst|BaudClkGenerator:BaudClkGenerator_inst|ClockLeft[3]        ; UART_rx:UART_rx_inst|BaudClkGenerator:BaudClkGenerator_inst|baudClk_int         ; clk_50MHz    ; clk_50MHz   ; 20.000       ; -0.080     ; 2.747      ;
; 17.199 ; UART_rx:UART_rx_inst|BaudClkGenerator:BaudClkGenerator_inst|BitPeriodCounter[3] ; UART_rx:UART_rx_inst|BaudClkGenerator:BaudClkGenerator_inst|BitPeriodCounter[0] ; clk_50MHz    ; clk_50MHz   ; 20.000       ; -0.072     ; 2.751      ;
; 17.199 ; UART_rx:UART_rx_inst|BaudClkGenerator:BaudClkGenerator_inst|BitPeriodCounter[3] ; UART_rx:UART_rx_inst|BaudClkGenerator:BaudClkGenerator_inst|BitPeriodCounter[3] ; clk_50MHz    ; clk_50MHz   ; 20.000       ; -0.072     ; 2.751      ;
; 17.199 ; UART_rx:UART_rx_inst|BaudClkGenerator:BaudClkGenerator_inst|BitPeriodCounter[3] ; UART_rx:UART_rx_inst|BaudClkGenerator:BaudClkGenerator_inst|BitPeriodCounter[4] ; clk_50MHz    ; clk_50MHz   ; 20.000       ; -0.072     ; 2.751      ;
; 17.199 ; UART_rx:UART_rx_inst|BaudClkGenerator:BaudClkGenerator_inst|BitPeriodCounter[3] ; UART_rx:UART_rx_inst|BaudClkGenerator:BaudClkGenerator_inst|BitPeriodCounter[6] ; clk_50MHz    ; clk_50MHz   ; 20.000       ; -0.072     ; 2.751      ;
; 17.199 ; UART_rx:UART_rx_inst|BaudClkGenerator:BaudClkGenerator_inst|BitPeriodCounter[3] ; UART_rx:UART_rx_inst|BaudClkGenerator:BaudClkGenerator_inst|BitPeriodCounter[7] ; clk_50MHz    ; clk_50MHz   ; 20.000       ; -0.072     ; 2.751      ;
; 17.199 ; UART_rx:UART_rx_inst|BaudClkGenerator:BaudClkGenerator_inst|BitPeriodCounter[3] ; UART_rx:UART_rx_inst|BaudClkGenerator:BaudClkGenerator_inst|BitPeriodCounter[5] ; clk_50MHz    ; clk_50MHz   ; 20.000       ; -0.072     ; 2.751      ;
; 17.199 ; UART_rx:UART_rx_inst|BaudClkGenerator:BaudClkGenerator_inst|BitPeriodCounter[3] ; UART_rx:UART_rx_inst|BaudClkGenerator:BaudClkGenerator_inst|BitPeriodCounter[8] ; clk_50MHz    ; clk_50MHz   ; 20.000       ; -0.072     ; 2.751      ;
; 17.199 ; UART_rx:UART_rx_inst|BaudClkGenerator:BaudClkGenerator_inst|BitPeriodCounter[3] ; UART_rx:UART_rx_inst|BaudClkGenerator:BaudClkGenerator_inst|BitPeriodCounter[1] ; clk_50MHz    ; clk_50MHz   ; 20.000       ; -0.072     ; 2.751      ;
; 17.199 ; UART_rx:UART_rx_inst|BaudClkGenerator:BaudClkGenerator_inst|BitPeriodCounter[3] ; UART_rx:UART_rx_inst|BaudClkGenerator:BaudClkGenerator_inst|BitPeriodCounter[2] ; clk_50MHz    ; clk_50MHz   ; 20.000       ; -0.072     ; 2.751      ;
+--------+---------------------------------------------------------------------------------+---------------------------------------------------------------------------------+--------------+-------------+--------------+------------+------------+


+-------------------------------------------------------------------------------------------------------------------------------------------------------------------------------------------------------------------------------------------------+
; Slow 1200mV 0C Model Hold: 'clk_50MHz'                                                                                                                                                                                                          ;
+-------+---------------------------------------------------------------------------------+---------------------------------------------------------------------------------+--------------+-------------+--------------+------------+------------+
; Slack ; From Node                                                                       ; To Node                                                                         ; Launch Clock ; Latch Clock ; Relationship ; Clock Skew ; Data Delay ;
+-------+---------------------------------------------------------------------------------+---------------------------------------------------------------------------------+--------------+-------------+--------------+------------+------------+
; 0.401 ; UART_rx:UART_rx_inst|FSMVariable.IDLE                                           ; UART_rx:UART_rx_inst|FSMVariable.IDLE                                           ; clk_50MHz    ; clk_50MHz   ; 0.000        ; 0.073      ; 0.669      ;
; 0.401 ; UART_rx:UART_rx_inst|start                                                      ; UART_rx:UART_rx_inst|start                                                      ; clk_50MHz    ; clk_50MHz   ; 0.000        ; 0.073      ; 0.669      ;
; 0.401 ; UART_rx:UART_rx_inst|FSMVariable.COLLECT_RS232_DATA                             ; UART_rx:UART_rx_inst|FSMVariable.COLLECT_RS232_DATA                             ; clk_50MHz    ; clk_50MHz   ; 0.000        ; 0.073      ; 0.669      ;
; 0.401 ; UART_rx:UART_rx_inst|BaudClkGenerator:BaudClkGenerator_inst|ready               ; UART_rx:UART_rx_inst|BaudClkGenerator:BaudClkGenerator_inst|ready               ; clk_50MHz    ; clk_50MHz   ; 0.000        ; 0.073      ; 0.669      ;
; 0.401 ; UART_rx:UART_rx_inst|BaudClkGenerator:BaudClkGenerator_inst|ClockLeft[3]        ; UART_rx:UART_rx_inst|BaudClkGenerator:BaudClkGenerator_inst|ClockLeft[3]        ; clk_50MHz    ; clk_50MHz   ; 0.000        ; 0.073      ; 0.669      ;
; 0.401 ; UART_rx:UART_rx_inst|BaudClkGenerator:BaudClkGenerator_inst|ClockLeft[0]        ; UART_rx:UART_rx_inst|BaudClkGenerator:BaudClkGenerator_inst|ClockLeft[0]        ; clk_50MHz    ; clk_50MHz   ; 0.000        ; 0.073      ; 0.669      ;
; 0.401 ; UART_rx:UART_rx_inst|BaudClkGenerator:BaudClkGenerator_inst|ClockLeft[1]        ; UART_rx:UART_rx_inst|BaudClkGenerator:BaudClkGenerator_inst|ClockLeft[1]        ; clk_50MHz    ; clk_50MHz   ; 0.000        ; 0.073      ; 0.669      ;
; 0.401 ; UART_rx:UART_rx_inst|BaudClkGenerator:BaudClkGenerator_inst|ClockLeft[2]        ; UART_rx:UART_rx_inst|BaudClkGenerator:BaudClkGenerator_inst|ClockLeft[2]        ; clk_50MHz    ; clk_50MHz   ; 0.000        ; 0.073      ; 0.669      ;
; 0.402 ; UART_tx:UART_tx_inst|Serializer:UART_SERIALIZER_INST|shift_reg[0]               ; UART_tx:UART_tx_inst|Serializer:UART_SERIALIZER_INST|shift_reg[0]               ; clk_50MHz    ; clk_50MHz   ; 0.000        ; 0.072      ; 0.669      ;
; 0.402 ; UART_tx:UART_tx_inst|BaudClkGenerator:UART_BIT_TIMING_INST|ClockLeft[3]         ; UART_tx:UART_tx_inst|BaudClkGenerator:UART_BIT_TIMING_INST|ClockLeft[3]         ; clk_50MHz    ; clk_50MHz   ; 0.000        ; 0.072      ; 0.669      ;
; 0.402 ; UART_tx:UART_tx_inst|BaudClkGenerator:UART_BIT_TIMING_INST|ready                ; UART_tx:UART_tx_inst|BaudClkGenerator:UART_BIT_TIMING_INST|ready                ; clk_50MHz    ; clk_50MHz   ; 0.000        ; 0.072      ; 0.669      ;
; 0.402 ; UART_tx:UART_tx_inst|BaudClkGenerator:UART_BIT_TIMING_INST|ClockLeft[0]         ; UART_tx:UART_tx_inst|BaudClkGenerator:UART_BIT_TIMING_INST|ClockLeft[0]         ; clk_50MHz    ; clk_50MHz   ; 0.000        ; 0.072      ; 0.669      ;
; 0.402 ; UART_tx:UART_tx_inst|BaudClkGenerator:UART_BIT_TIMING_INST|ClockLeft[1]         ; UART_tx:UART_tx_inst|BaudClkGenerator:UART_BIT_TIMING_INST|ClockLeft[1]         ; clk_50MHz    ; clk_50MHz   ; 0.000        ; 0.072      ; 0.669      ;
; 0.402 ; UART_tx:UART_tx_inst|BaudClkGenerator:UART_BIT_TIMING_INST|ClockLeft[2]         ; UART_tx:UART_tx_inst|BaudClkGenerator:UART_BIT_TIMING_INST|ClockLeft[2]         ; clk_50MHz    ; clk_50MHz   ; 0.000        ; 0.072      ; 0.669      ;
; 0.402 ; TxStart                                                                         ; TxStart                                                                         ; clk_50MHz    ; clk_50MHz   ; 0.000        ; 0.072      ; 0.669      ;
; 0.402 ; UART_rx:UART_rx_inst|IRQ_rx                                                     ; UART_rx:UART_rx_inst|IRQ_rx                                                     ; clk_50MHz    ; clk_50MHz   ; 0.000        ; 0.072      ; 0.669      ;
; 0.417 ; SMVariable                                                                      ; SMVariable                                                                      ; clk_50MHz    ; clk_50MHz   ; 0.000        ; 0.072      ; 0.684      ;
; 0.455 ; UART_rx:UART_rx_inst|ShiftRegister:ShiftRegister_inst|shift_reg[2]              ; UART_tx:UART_tx_inst|Serializer:UART_SERIALIZER_INST|shift_reg[3]               ; clk_50MHz    ; clk_50MHz   ; 0.000        ; 0.072      ; 0.722      ;
; 0.456 ; UART_rx:UART_rx_inst|ShiftRegister:ShiftRegister_inst|shift_reg[4]              ; UART_tx:UART_tx_inst|Serializer:UART_SERIALIZER_INST|shift_reg[5]               ; clk_50MHz    ; clk_50MHz   ; 0.000        ; 0.072      ; 0.723      ;
; 0.464 ; UART_tx:UART_tx_inst|BaudClkGenerator:UART_BIT_TIMING_INST|BitPeriodCounter[8]  ; UART_tx:UART_tx_inst|BaudClkGenerator:UART_BIT_TIMING_INST|BitPeriodCounter[8]  ; clk_50MHz    ; clk_50MHz   ; 0.000        ; 0.073      ; 0.732      ;
; 0.470 ; UART_rx:UART_rx_inst|FSMVariable.COLLECT_RS232_DATA                             ; UART_rx:UART_rx_inst|FSMVariable.ASSERT_IRQ                                     ; clk_50MHz    ; clk_50MHz   ; 0.000        ; 0.073      ; 0.738      ;
; 0.470 ; UART_rx:UART_rx_inst|Synchronizer:Synchronizer_inst|signal_async                ; UART_rx:UART_rx_inst|Synchronizer:Synchronizer_inst|signal_sync                 ; clk_50MHz    ; clk_50MHz   ; 0.000        ; 0.073      ; 0.738      ;
; 0.471 ; UART_tx:UART_tx_inst|Serializer:UART_SERIALIZER_INST|shift_reg[8]               ; UART_tx:UART_tx_inst|Serializer:UART_SERIALIZER_INST|shift_reg[7]               ; clk_50MHz    ; clk_50MHz   ; 0.000        ; 0.072      ; 0.738      ;
; 0.475 ; UART_rx:UART_rx_inst|FSMVariable.ASSERT_IRQ                                     ; UART_rx:UART_rx_inst|FSMVariable.IDLE                                           ; clk_50MHz    ; clk_50MHz   ; 0.000        ; 0.073      ; 0.743      ;
; 0.477 ; UART_rx:UART_rx_inst|ShiftRegister:ShiftRegister_inst|shift_reg[2]              ; UART_rx:UART_rx_inst|ShiftRegister:ShiftRegister_inst|shift_reg[1]              ; clk_50MHz    ; clk_50MHz   ; 0.000        ; 0.072      ; 0.744      ;
; 0.477 ; UART_rx:UART_rx_inst|IRQ_rx                                                     ; SMVariable                                                                      ; clk_50MHz    ; clk_50MHz   ; 0.000        ; 0.072      ; 0.744      ;
; 0.478 ; UART_rx:UART_rx_inst|ShiftRegister:ShiftRegister_inst|shift_reg[4]              ; UART_rx:UART_rx_inst|ShiftRegister:ShiftRegister_inst|shift_reg[3]              ; clk_50MHz    ; clk_50MHz   ; 0.000        ; 0.072      ; 0.745      ;
; 0.478 ; UART_rx:UART_rx_inst|IRQ_rx                                                     ; TxStart                                                                         ; clk_50MHz    ; clk_50MHz   ; 0.000        ; 0.072      ; 0.745      ;
; 0.480 ; UART_rx:UART_rx_inst|ShiftRegister:ShiftRegister_inst|shift_reg[6]              ; UART_rx:UART_rx_inst|ShiftRegister:ShiftRegister_inst|shift_reg[5]              ; clk_50MHz    ; clk_50MHz   ; 0.000        ; 0.072      ; 0.747      ;
; 0.481 ; UART_rx:UART_rx_inst|ShiftRegister:ShiftRegister_inst|shift_reg[1]              ; UART_rx:UART_rx_inst|ShiftRegister:ShiftRegister_inst|shift_reg[0]              ; clk_50MHz    ; clk_50MHz   ; 0.000        ; 0.072      ; 0.748      ;
; 0.484 ; UART_rx:UART_rx_inst|start                                                      ; UART_rx:UART_rx_inst|BaudClkGenerator:BaudClkGenerator_inst|ClockLeft[1]        ; clk_50MHz    ; clk_50MHz   ; 0.000        ; 0.073      ; 0.752      ;
; 0.488 ; UART_rx:UART_rx_inst|BaudClkGenerator:BaudClkGenerator_inst|ready               ; UART_rx:UART_rx_inst|FSMVariable.COLLECT_RS232_DATA                             ; clk_50MHz    ; clk_50MHz   ; 0.000        ; 0.073      ; 0.756      ;
; 0.489 ; UART_rx:UART_rx_inst|start                                                      ; UART_rx:UART_rx_inst|BaudClkGenerator:BaudClkGenerator_inst|ClockLeft[2]        ; clk_50MHz    ; clk_50MHz   ; 0.000        ; 0.073      ; 0.757      ;
; 0.500 ; UART_rx:UART_rx_inst|FSMVariable.ASSERT_IRQ                                     ; UART_rx:UART_rx_inst|start                                                      ; clk_50MHz    ; clk_50MHz   ; 0.000        ; 0.073      ; 0.768      ;
; 0.506 ; UART_rx:UART_rx_inst|start                                                      ; UART_rx:UART_rx_inst|BaudClkGenerator:BaudClkGenerator_inst|ClockLeft[3]        ; clk_50MHz    ; clk_50MHz   ; 0.000        ; 0.073      ; 0.774      ;
; 0.543 ; TxStart                                                                         ; UART_rx:UART_rx_inst|IRQ_rx                                                     ; clk_50MHz    ; clk_50MHz   ; 0.000        ; 0.072      ; 0.810      ;
; 0.547 ; TxStart                                                                         ; UART_tx:UART_tx_inst|BaudClkGenerator:UART_BIT_TIMING_INST|ClockLeft[2]         ; clk_50MHz    ; clk_50MHz   ; 0.000        ; 0.072      ; 0.814      ;
; 0.567 ; TxStart                                                                         ; UART_tx:UART_tx_inst|BaudClkGenerator:UART_BIT_TIMING_INST|ClockLeft[1]         ; clk_50MHz    ; clk_50MHz   ; 0.000        ; 0.072      ; 0.834      ;
; 0.568 ; TxStart                                                                         ; UART_tx:UART_tx_inst|BaudClkGenerator:UART_BIT_TIMING_INST|ClockLeft[3]         ; clk_50MHz    ; clk_50MHz   ; 0.000        ; 0.072      ; 0.835      ;
; 0.568 ; TxStart                                                                         ; UART_tx:UART_tx_inst|BaudClkGenerator:UART_BIT_TIMING_INST|ready                ; clk_50MHz    ; clk_50MHz   ; 0.000        ; 0.072      ; 0.835      ;
; 0.586 ; UART_rx:UART_rx_inst|ShiftRegister:ShiftRegister_inst|shift_reg[5]              ; UART_tx:UART_tx_inst|Serializer:UART_SERIALIZER_INST|shift_reg[6]               ; clk_50MHz    ; clk_50MHz   ; 0.000        ; 0.072      ; 0.853      ;
; 0.587 ; UART_rx:UART_rx_inst|ShiftRegister:ShiftRegister_inst|shift_reg[3]              ; UART_tx:UART_tx_inst|Serializer:UART_SERIALIZER_INST|shift_reg[4]               ; clk_50MHz    ; clk_50MHz   ; 0.000        ; 0.072      ; 0.854      ;
; 0.588 ; UART_rx:UART_rx_inst|ShiftRegister:ShiftRegister_inst|shift_reg[7]              ; UART_tx:UART_tx_inst|Serializer:UART_SERIALIZER_INST|shift_reg[8]               ; clk_50MHz    ; clk_50MHz   ; 0.000        ; 0.072      ; 0.855      ;
; 0.621 ; UART_rx:UART_rx_inst|BaudClkGenerator:BaudClkGenerator_inst|BitPeriodCounter[8] ; UART_rx:UART_rx_inst|BaudClkGenerator:BaudClkGenerator_inst|baudClk_int         ; clk_50MHz    ; clk_50MHz   ; 0.000        ; 0.072      ; 0.888      ;
; 0.654 ; UART_rx:UART_rx_inst|ShiftRegister:ShiftRegister_inst|shift_reg[3]              ; UART_rx:UART_rx_inst|ShiftRegister:ShiftRegister_inst|shift_reg[2]              ; clk_50MHz    ; clk_50MHz   ; 0.000        ; 0.072      ; 0.921      ;
; 0.654 ; UART_rx:UART_rx_inst|ShiftRegister:ShiftRegister_inst|shift_reg[5]              ; UART_rx:UART_rx_inst|ShiftRegister:ShiftRegister_inst|shift_reg[4]              ; clk_50MHz    ; clk_50MHz   ; 0.000        ; 0.072      ; 0.921      ;
; 0.655 ; UART_rx:UART_rx_inst|ShiftRegister:ShiftRegister_inst|shift_reg[7]              ; UART_rx:UART_rx_inst|ShiftRegister:ShiftRegister_inst|shift_reg[6]              ; clk_50MHz    ; clk_50MHz   ; 0.000        ; 0.072      ; 0.922      ;
; 0.689 ; UART_tx:UART_tx_inst|Serializer:UART_SERIALIZER_INST|shift_reg[3]               ; UART_tx:UART_tx_inst|Serializer:UART_SERIALIZER_INST|shift_reg[2]               ; clk_50MHz    ; clk_50MHz   ; 0.000        ; 0.072      ; 0.956      ;
; 0.690 ; UART_tx:UART_tx_inst|BaudClkGenerator:UART_BIT_TIMING_INST|BitPeriodCounter[1]  ; UART_tx:UART_tx_inst|BaudClkGenerator:UART_BIT_TIMING_INST|BitPeriodCounter[1]  ; clk_50MHz    ; clk_50MHz   ; 0.000        ; 0.073      ; 0.958      ;
; 0.690 ; UART_tx:UART_tx_inst|Serializer:UART_SERIALIZER_INST|shift_reg[6]               ; UART_tx:UART_tx_inst|Serializer:UART_SERIALIZER_INST|shift_reg[5]               ; clk_50MHz    ; clk_50MHz   ; 0.000        ; 0.072      ; 0.957      ;
; 0.692 ; UART_tx:UART_tx_inst|Serializer:UART_SERIALIZER_INST|shift_reg[2]               ; UART_tx:UART_tx_inst|Serializer:UART_SERIALIZER_INST|shift_reg[1]               ; clk_50MHz    ; clk_50MHz   ; 0.000        ; 0.072      ; 0.959      ;
; 0.692 ; UART_tx:UART_tx_inst|Serializer:UART_SERIALIZER_INST|shift_reg[4]               ; UART_tx:UART_tx_inst|Serializer:UART_SERIALIZER_INST|shift_reg[3]               ; clk_50MHz    ; clk_50MHz   ; 0.000        ; 0.072      ; 0.959      ;
; 0.693 ; UART_tx:UART_tx_inst|BaudClkGenerator:UART_BIT_TIMING_INST|BitPeriodCounter[3]  ; UART_tx:UART_tx_inst|BaudClkGenerator:UART_BIT_TIMING_INST|BitPeriodCounter[3]  ; clk_50MHz    ; clk_50MHz   ; 0.000        ; 0.073      ; 0.961      ;
; 0.694 ; UART_rx:UART_rx_inst|BaudClkGenerator:BaudClkGenerator_inst|BitPeriodCounter[1] ; UART_rx:UART_rx_inst|BaudClkGenerator:BaudClkGenerator_inst|BitPeriodCounter[1] ; clk_50MHz    ; clk_50MHz   ; 0.000        ; 0.072      ; 0.961      ;
; 0.695 ; UART_tx:UART_tx_inst|BaudClkGenerator:UART_BIT_TIMING_INST|BitPeriodCounter[4]  ; UART_tx:UART_tx_inst|BaudClkGenerator:UART_BIT_TIMING_INST|BitPeriodCounter[4]  ; clk_50MHz    ; clk_50MHz   ; 0.000        ; 0.073      ; 0.963      ;
; 0.696 ; UART_tx:UART_tx_inst|BaudClkGenerator:UART_BIT_TIMING_INST|BitPeriodCounter[5]  ; UART_tx:UART_tx_inst|BaudClkGenerator:UART_BIT_TIMING_INST|BitPeriodCounter[5]  ; clk_50MHz    ; clk_50MHz   ; 0.000        ; 0.073      ; 0.964      ;
; 0.696 ; UART_tx:UART_tx_inst|BaudClkGenerator:UART_BIT_TIMING_INST|BitPeriodCounter[7]  ; UART_tx:UART_tx_inst|BaudClkGenerator:UART_BIT_TIMING_INST|BitPeriodCounter[7]  ; clk_50MHz    ; clk_50MHz   ; 0.000        ; 0.073      ; 0.964      ;
; 0.696 ; UART_rx:UART_rx_inst|BaudClkGenerator:BaudClkGenerator_inst|BitPeriodCounter[6] ; UART_rx:UART_rx_inst|BaudClkGenerator:BaudClkGenerator_inst|BitPeriodCounter[6] ; clk_50MHz    ; clk_50MHz   ; 0.000        ; 0.072      ; 0.963      ;
; 0.696 ; UART_rx:UART_rx_inst|BaudClkGenerator:BaudClkGenerator_inst|BitPeriodCounter[5] ; UART_rx:UART_rx_inst|BaudClkGenerator:BaudClkGenerator_inst|BitPeriodCounter[5] ; clk_50MHz    ; clk_50MHz   ; 0.000        ; 0.072      ; 0.963      ;
; 0.697 ; UART_tx:UART_tx_inst|BaudClkGenerator:UART_BIT_TIMING_INST|BitPeriodCounter[2]  ; UART_tx:UART_tx_inst|BaudClkGenerator:UART_BIT_TIMING_INST|BitPeriodCounter[2]  ; clk_50MHz    ; clk_50MHz   ; 0.000        ; 0.073      ; 0.965      ;
; 0.697 ; UART_rx:UART_rx_inst|BaudClkGenerator:BaudClkGenerator_inst|BitPeriodCounter[3] ; UART_rx:UART_rx_inst|BaudClkGenerator:BaudClkGenerator_inst|BitPeriodCounter[3] ; clk_50MHz    ; clk_50MHz   ; 0.000        ; 0.072      ; 0.964      ;
; 0.697 ; UART_rx:UART_rx_inst|BaudClkGenerator:BaudClkGenerator_inst|BitPeriodCounter[7] ; UART_rx:UART_rx_inst|BaudClkGenerator:BaudClkGenerator_inst|BitPeriodCounter[7] ; clk_50MHz    ; clk_50MHz   ; 0.000        ; 0.072      ; 0.964      ;
; 0.698 ; UART_tx:UART_tx_inst|BaudClkGenerator:UART_BIT_TIMING_INST|BitPeriodCounter[6]  ; UART_tx:UART_tx_inst|BaudClkGenerator:UART_BIT_TIMING_INST|BitPeriodCounter[6]  ; clk_50MHz    ; clk_50MHz   ; 0.000        ; 0.073      ; 0.966      ;
; 0.699 ; UART_rx:UART_rx_inst|BaudClkGenerator:BaudClkGenerator_inst|BitPeriodCounter[2] ; UART_rx:UART_rx_inst|BaudClkGenerator:BaudClkGenerator_inst|BitPeriodCounter[2] ; clk_50MHz    ; clk_50MHz   ; 0.000        ; 0.072      ; 0.966      ;
; 0.704 ; UART_rx:UART_rx_inst|BaudClkGenerator:BaudClkGenerator_inst|BitPeriodCounter[8] ; UART_rx:UART_rx_inst|BaudClkGenerator:BaudClkGenerator_inst|BitPeriodCounter[8] ; clk_50MHz    ; clk_50MHz   ; 0.000        ; 0.072      ; 0.971      ;
; 0.710 ; UART_rx:UART_rx_inst|ShiftRegister:ShiftRegister_inst|shift_reg[0]              ; UART_tx:UART_tx_inst|Serializer:UART_SERIALIZER_INST|shift_reg[1]               ; clk_50MHz    ; clk_50MHz   ; 0.000        ; 0.072      ; 0.977      ;
; 0.713 ; UART_rx:UART_rx_inst|BaudClkGenerator:BaudClkGenerator_inst|BitPeriodCounter[4] ; UART_rx:UART_rx_inst|BaudClkGenerator:BaudClkGenerator_inst|BitPeriodCounter[4] ; clk_50MHz    ; clk_50MHz   ; 0.000        ; 0.072      ; 0.980      ;
; 0.713 ; UART_tx:UART_tx_inst|Serializer:UART_SERIALIZER_INST|shift_reg[5]               ; UART_tx:UART_tx_inst|Serializer:UART_SERIALIZER_INST|shift_reg[4]               ; clk_50MHz    ; clk_50MHz   ; 0.000        ; 0.072      ; 0.980      ;
; 0.715 ; UART_tx:UART_tx_inst|Serializer:UART_SERIALIZER_INST|shift_reg[7]               ; UART_tx:UART_tx_inst|Serializer:UART_SERIALIZER_INST|shift_reg[6]               ; clk_50MHz    ; clk_50MHz   ; 0.000        ; 0.072      ; 0.982      ;
; 0.716 ; UART_rx:UART_rx_inst|ShiftRegister:ShiftRegister_inst|shift_reg[1]              ; UART_tx:UART_tx_inst|Serializer:UART_SERIALIZER_INST|shift_reg[2]               ; clk_50MHz    ; clk_50MHz   ; 0.000        ; 0.072      ; 0.983      ;
; 0.716 ; UART_rx:UART_rx_inst|BaudClkGenerator:BaudClkGenerator_inst|BitPeriodCounter[0] ; UART_rx:UART_rx_inst|BaudClkGenerator:BaudClkGenerator_inst|BitPeriodCounter[0] ; clk_50MHz    ; clk_50MHz   ; 0.000        ; 0.072      ; 0.983      ;
; 0.716 ; UART_rx:UART_rx_inst|rs232_rx_sync_delay                                        ; UART_rx:UART_rx_inst|rs232_falling_edge                                         ; clk_50MHz    ; clk_50MHz   ; 0.000        ; 0.073      ; 0.984      ;
; 0.717 ; SMVariable                                                                      ; TxStart                                                                         ; clk_50MHz    ; clk_50MHz   ; 0.000        ; 0.072      ; 0.984      ;
; 0.717 ; UART_rx:UART_rx_inst|ShiftRegister:ShiftRegister_inst|shift_reg[6]              ; UART_tx:UART_tx_inst|Serializer:UART_SERIALIZER_INST|shift_reg[7]               ; clk_50MHz    ; clk_50MHz   ; 0.000        ; 0.072      ; 0.984      ;
; 0.720 ; UART_tx:UART_tx_inst|BaudClkGenerator:UART_BIT_TIMING_INST|BitPeriodCounter[0]  ; UART_tx:UART_tx_inst|BaudClkGenerator:UART_BIT_TIMING_INST|BitPeriodCounter[0]  ; clk_50MHz    ; clk_50MHz   ; 0.000        ; 0.073      ; 0.988      ;
; 0.725 ; UART_rx:UART_rx_inst|FSMVariable.IDLE                                           ; UART_rx:UART_rx_inst|FSMVariable.COLLECT_RS232_DATA                             ; clk_50MHz    ; clk_50MHz   ; 0.000        ; 0.073      ; 0.993      ;
; 0.725 ; UART_rx:UART_rx_inst|BaudClkGenerator:BaudClkGenerator_inst|ready               ; UART_rx:UART_rx_inst|FSMVariable.ASSERT_IRQ                                     ; clk_50MHz    ; clk_50MHz   ; 0.000        ; 0.073      ; 0.993      ;
; 0.727 ; UART_tx:UART_tx_inst|BaudClkGenerator:UART_BIT_TIMING_INST|BitPeriodCounter[8]  ; UART_tx:UART_tx_inst|BaudClkGenerator:UART_BIT_TIMING_INST|baudClk_int          ; clk_50MHz    ; clk_50MHz   ; 0.000        ; 0.073      ; 0.995      ;
; 0.727 ; UART_tx:UART_tx_inst|BaudClkGenerator:UART_BIT_TIMING_INST|ready                ; TxStart                                                                         ; clk_50MHz    ; clk_50MHz   ; 0.000        ; 0.072      ; 0.994      ;
; 0.727 ; UART_tx:UART_tx_inst|BaudClkGenerator:UART_BIT_TIMING_INST|ready                ; SMVariable                                                                      ; clk_50MHz    ; clk_50MHz   ; 0.000        ; 0.072      ; 0.994      ;
; 0.728 ; UART_rx:UART_rx_inst|start                                                      ; UART_rx:UART_rx_inst|BaudClkGenerator:BaudClkGenerator_inst|ClockLeft[0]        ; clk_50MHz    ; clk_50MHz   ; 0.000        ; 0.073      ; 0.996      ;
; 0.730 ; UART_rx:UART_rx_inst|start                                                      ; UART_rx:UART_rx_inst|BaudClkGenerator:BaudClkGenerator_inst|ready               ; clk_50MHz    ; clk_50MHz   ; 0.000        ; 0.073      ; 0.998      ;
; 0.732 ; UART_rx:UART_rx_inst|FSMVariable.IDLE                                           ; UART_rx:UART_rx_inst|start                                                      ; clk_50MHz    ; clk_50MHz   ; 0.000        ; 0.073      ; 1.000      ;
; 0.758 ; UART_rx:UART_rx_inst|BaudClkGenerator:BaudClkGenerator_inst|ready               ; UART_rx:UART_rx_inst|FSMVariable.IDLE                                           ; clk_50MHz    ; clk_50MHz   ; 0.000        ; 0.073      ; 1.026      ;
; 0.779 ; UART_tx:UART_tx_inst|BaudClkGenerator:UART_BIT_TIMING_INST|ClockLeft[0]         ; UART_tx:UART_tx_inst|BaudClkGenerator:UART_BIT_TIMING_INST|ClockLeft[1]         ; clk_50MHz    ; clk_50MHz   ; 0.000        ; 0.072      ; 1.046      ;
; 0.780 ; UART_rx:UART_rx_inst|BaudClkGenerator:BaudClkGenerator_inst|ClockLeft[0]        ; UART_rx:UART_rx_inst|BaudClkGenerator:BaudClkGenerator_inst|ClockLeft[1]        ; clk_50MHz    ; clk_50MHz   ; 0.000        ; 0.073      ; 1.048      ;
; 0.810 ; TxStart                                                                         ; UART_tx:UART_tx_inst|Serializer:UART_SERIALIZER_INST|shift_reg[0]               ; clk_50MHz    ; clk_50MHz   ; 0.000        ; 0.072      ; 1.077      ;
; 0.838 ; UART_rx:UART_rx_inst|BaudClkGenerator:BaudClkGenerator_inst|BitPeriodCounter[5] ; UART_rx:UART_rx_inst|BaudClkGenerator:BaudClkGenerator_inst|baudClk_int         ; clk_50MHz    ; clk_50MHz   ; 0.000        ; 0.072      ; 1.105      ;
; 0.860 ; UART_rx:UART_rx_inst|rs232_falling_edge                                         ; UART_rx:UART_rx_inst|start                                                      ; clk_50MHz    ; clk_50MHz   ; 0.000        ; 0.073      ; 1.128      ;
; 0.921 ; TxStart                                                                         ; UART_tx:UART_tx_inst|BaudClkGenerator:UART_BIT_TIMING_INST|ClockLeft[0]         ; clk_50MHz    ; clk_50MHz   ; 0.000        ; 0.072      ; 1.188      ;
; 0.948 ; UART_tx:UART_tx_inst|BaudClkGenerator:UART_BIT_TIMING_INST|baudClk_int          ; UART_tx:UART_tx_inst|BaudClkGenerator:UART_BIT_TIMING_INST|ClockLeft[0]         ; clk_50MHz    ; clk_50MHz   ; 0.000        ; 0.068      ; 1.211      ;
; 0.953 ; UART_tx:UART_tx_inst|BaudClkGenerator:UART_BIT_TIMING_INST|baudClk_int          ; UART_tx:UART_tx_inst|Serializer:UART_SERIALIZER_INST|shift_reg[0]               ; clk_50MHz    ; clk_50MHz   ; 0.000        ; 0.068      ; 1.216      ;
; 0.974 ; UART_rx:UART_rx_inst|BaudClkGenerator:BaudClkGenerator_inst|BitPeriodCounter[6] ; UART_rx:UART_rx_inst|BaudClkGenerator:BaudClkGenerator_inst|baudClk_int         ; clk_50MHz    ; clk_50MHz   ; 0.000        ; 0.072      ; 1.241      ;
; 0.975 ; UART_rx:UART_rx_inst|BaudClkGenerator:BaudClkGenerator_inst|ClockLeft[2]        ; UART_rx:UART_rx_inst|BaudClkGenerator:BaudClkGenerator_inst|ClockLeft[0]        ; clk_50MHz    ; clk_50MHz   ; 0.000        ; 0.073      ; 1.243      ;
; 0.975 ; UART_tx:UART_tx_inst|BaudClkGenerator:UART_BIT_TIMING_INST|BitPeriodCounter[6]  ; UART_tx:UART_tx_inst|BaudClkGenerator:UART_BIT_TIMING_INST|baudClk_int          ; clk_50MHz    ; clk_50MHz   ; 0.000        ; 0.073      ; 1.243      ;
; 1.000 ; UART_rx:UART_rx_inst|BaudClkGenerator:BaudClkGenerator_inst|ClockLeft[2]        ; UART_rx:UART_rx_inst|BaudClkGenerator:BaudClkGenerator_inst|ready               ; clk_50MHz    ; clk_50MHz   ; 0.000        ; 0.073      ; 1.268      ;
; 1.012 ; UART_tx:UART_tx_inst|BaudClkGenerator:UART_BIT_TIMING_INST|BitPeriodCounter[1]  ; UART_tx:UART_tx_inst|BaudClkGenerator:UART_BIT_TIMING_INST|BitPeriodCounter[2]  ; clk_50MHz    ; clk_50MHz   ; 0.000        ; 0.073      ; 1.280      ;
; 1.014 ; UART_rx:UART_rx_inst|BaudClkGenerator:BaudClkGenerator_inst|BitPeriodCounter[0] ; UART_rx:UART_rx_inst|BaudClkGenerator:BaudClkGenerator_inst|BitPeriodCounter[1] ; clk_50MHz    ; clk_50MHz   ; 0.000        ; 0.072      ; 1.281      ;
; 1.014 ; UART_tx:UART_tx_inst|BaudClkGenerator:UART_BIT_TIMING_INST|BitPeriodCounter[4]  ; UART_tx:UART_tx_inst|BaudClkGenerator:UART_BIT_TIMING_INST|BitPeriodCounter[5]  ; clk_50MHz    ; clk_50MHz   ; 0.000        ; 0.073      ; 1.282      ;
; 1.015 ; UART_tx:UART_tx_inst|BaudClkGenerator:UART_BIT_TIMING_INST|BitPeriodCounter[3]  ; UART_tx:UART_tx_inst|BaudClkGenerator:UART_BIT_TIMING_INST|BitPeriodCounter[4]  ; clk_50MHz    ; clk_50MHz   ; 0.000        ; 0.073      ; 1.283      ;
+-------+---------------------------------------------------------------------------------+---------------------------------------------------------------------------------+--------------+-------------+--------------+------------+------------+


----------------------------------------------
; Slow 1200mV 0C Model Metastability Summary ;
----------------------------------------------
The design MTBF is not calculated because there are no specified synchronizers in the design.
Number of Synchronizer Chains Found: 1
Shortest Synchronizer Chain: 2 Registers
Fraction of Chains for which MTBFs Could Not be Calculated: 1.000
Worst Case Available Settling Time: 37.093 ns




+------------------------------------+
; Fast 1200mV 0C Model Setup Summary ;
+-----------+--------+---------------+
; Clock     ; Slack  ; End Point TNS ;
+-----------+--------+---------------+
; clk_50MHz ; 18.295 ; 0.000         ;
+-----------+--------+---------------+


+-----------------------------------+
; Fast 1200mV 0C Model Hold Summary ;
+-----------+-------+---------------+
; Clock     ; Slack ; End Point TNS ;
+-----------+-------+---------------+
; clk_50MHz ; 0.186 ; 0.000         ;
+-----------+-------+---------------+


-----------------------------------------
; Fast 1200mV 0C Model Recovery Summary ;
-----------------------------------------
No paths to report.


----------------------------------------
; Fast 1200mV 0C Model Removal Summary ;
----------------------------------------
No paths to report.


+--------------------------------------------------+
; Fast 1200mV 0C Model Minimum Pulse Width Summary ;
+-----------+-------+------------------------------+
; Clock     ; Slack ; End Point TNS                ;
+-----------+-------+------------------------------+
; clk_50MHz ; 9.264 ; 0.000                        ;
+-----------+-------+------------------------------+


+--------------------------------------------------------------------------------------------------------------------------------------------------------------------------------------------------------------------------------------------------+
; Fast 1200mV 0C Model Setup: 'clk_50MHz'                                                                                                                                                                                                          ;
+--------+---------------------------------------------------------------------------------+---------------------------------------------------------------------------------+--------------+-------------+--------------+------------+------------+
; Slack  ; From Node                                                                       ; To Node                                                                         ; Launch Clock ; Latch Clock ; Relationship ; Clock Skew ; Data Delay ;
+--------+---------------------------------------------------------------------------------+---------------------------------------------------------------------------------+--------------+-------------+--------------+------------+------------+
; 18.295 ; UART_rx:UART_rx_inst|BaudClkGenerator:BaudClkGenerator_inst|ClockLeft[0]        ; UART_rx:UART_rx_inst|BaudClkGenerator:BaudClkGenerator_inst|BitPeriodCounter[0] ; clk_50MHz    ; clk_50MHz   ; 20.000       ; -0.044     ; 1.668      ;
; 18.295 ; UART_rx:UART_rx_inst|BaudClkGenerator:BaudClkGenerator_inst|ClockLeft[0]        ; UART_rx:UART_rx_inst|BaudClkGenerator:BaudClkGenerator_inst|BitPeriodCounter[3] ; clk_50MHz    ; clk_50MHz   ; 20.000       ; -0.044     ; 1.668      ;
; 18.295 ; UART_rx:UART_rx_inst|BaudClkGenerator:BaudClkGenerator_inst|ClockLeft[0]        ; UART_rx:UART_rx_inst|BaudClkGenerator:BaudClkGenerator_inst|BitPeriodCounter[4] ; clk_50MHz    ; clk_50MHz   ; 20.000       ; -0.044     ; 1.668      ;
; 18.295 ; UART_rx:UART_rx_inst|BaudClkGenerator:BaudClkGenerator_inst|ClockLeft[0]        ; UART_rx:UART_rx_inst|BaudClkGenerator:BaudClkGenerator_inst|BitPeriodCounter[6] ; clk_50MHz    ; clk_50MHz   ; 20.000       ; -0.044     ; 1.668      ;
; 18.295 ; UART_rx:UART_rx_inst|BaudClkGenerator:BaudClkGenerator_inst|ClockLeft[0]        ; UART_rx:UART_rx_inst|BaudClkGenerator:BaudClkGenerator_inst|BitPeriodCounter[7] ; clk_50MHz    ; clk_50MHz   ; 20.000       ; -0.044     ; 1.668      ;
; 18.295 ; UART_rx:UART_rx_inst|BaudClkGenerator:BaudClkGenerator_inst|ClockLeft[0]        ; UART_rx:UART_rx_inst|BaudClkGenerator:BaudClkGenerator_inst|BitPeriodCounter[5] ; clk_50MHz    ; clk_50MHz   ; 20.000       ; -0.044     ; 1.668      ;
; 18.295 ; UART_rx:UART_rx_inst|BaudClkGenerator:BaudClkGenerator_inst|ClockLeft[0]        ; UART_rx:UART_rx_inst|BaudClkGenerator:BaudClkGenerator_inst|BitPeriodCounter[8] ; clk_50MHz    ; clk_50MHz   ; 20.000       ; -0.044     ; 1.668      ;
; 18.295 ; UART_rx:UART_rx_inst|BaudClkGenerator:BaudClkGenerator_inst|ClockLeft[0]        ; UART_rx:UART_rx_inst|BaudClkGenerator:BaudClkGenerator_inst|BitPeriodCounter[1] ; clk_50MHz    ; clk_50MHz   ; 20.000       ; -0.044     ; 1.668      ;
; 18.295 ; UART_rx:UART_rx_inst|BaudClkGenerator:BaudClkGenerator_inst|ClockLeft[0]        ; UART_rx:UART_rx_inst|BaudClkGenerator:BaudClkGenerator_inst|BitPeriodCounter[2] ; clk_50MHz    ; clk_50MHz   ; 20.000       ; -0.044     ; 1.668      ;
; 18.309 ; UART_rx:UART_rx_inst|BaudClkGenerator:BaudClkGenerator_inst|ClockLeft[3]        ; UART_rx:UART_rx_inst|BaudClkGenerator:BaudClkGenerator_inst|BitPeriodCounter[0] ; clk_50MHz    ; clk_50MHz   ; 20.000       ; -0.044     ; 1.654      ;
; 18.309 ; UART_rx:UART_rx_inst|BaudClkGenerator:BaudClkGenerator_inst|ClockLeft[3]        ; UART_rx:UART_rx_inst|BaudClkGenerator:BaudClkGenerator_inst|BitPeriodCounter[3] ; clk_50MHz    ; clk_50MHz   ; 20.000       ; -0.044     ; 1.654      ;
; 18.309 ; UART_rx:UART_rx_inst|BaudClkGenerator:BaudClkGenerator_inst|ClockLeft[3]        ; UART_rx:UART_rx_inst|BaudClkGenerator:BaudClkGenerator_inst|BitPeriodCounter[4] ; clk_50MHz    ; clk_50MHz   ; 20.000       ; -0.044     ; 1.654      ;
; 18.309 ; UART_rx:UART_rx_inst|BaudClkGenerator:BaudClkGenerator_inst|ClockLeft[3]        ; UART_rx:UART_rx_inst|BaudClkGenerator:BaudClkGenerator_inst|BitPeriodCounter[6] ; clk_50MHz    ; clk_50MHz   ; 20.000       ; -0.044     ; 1.654      ;
; 18.309 ; UART_rx:UART_rx_inst|BaudClkGenerator:BaudClkGenerator_inst|ClockLeft[3]        ; UART_rx:UART_rx_inst|BaudClkGenerator:BaudClkGenerator_inst|BitPeriodCounter[7] ; clk_50MHz    ; clk_50MHz   ; 20.000       ; -0.044     ; 1.654      ;
; 18.309 ; UART_rx:UART_rx_inst|BaudClkGenerator:BaudClkGenerator_inst|ClockLeft[3]        ; UART_rx:UART_rx_inst|BaudClkGenerator:BaudClkGenerator_inst|BitPeriodCounter[5] ; clk_50MHz    ; clk_50MHz   ; 20.000       ; -0.044     ; 1.654      ;
; 18.309 ; UART_rx:UART_rx_inst|BaudClkGenerator:BaudClkGenerator_inst|ClockLeft[3]        ; UART_rx:UART_rx_inst|BaudClkGenerator:BaudClkGenerator_inst|BitPeriodCounter[8] ; clk_50MHz    ; clk_50MHz   ; 20.000       ; -0.044     ; 1.654      ;
; 18.309 ; UART_rx:UART_rx_inst|BaudClkGenerator:BaudClkGenerator_inst|ClockLeft[3]        ; UART_rx:UART_rx_inst|BaudClkGenerator:BaudClkGenerator_inst|BitPeriodCounter[1] ; clk_50MHz    ; clk_50MHz   ; 20.000       ; -0.044     ; 1.654      ;
; 18.309 ; UART_rx:UART_rx_inst|BaudClkGenerator:BaudClkGenerator_inst|ClockLeft[3]        ; UART_rx:UART_rx_inst|BaudClkGenerator:BaudClkGenerator_inst|BitPeriodCounter[2] ; clk_50MHz    ; clk_50MHz   ; 20.000       ; -0.044     ; 1.654      ;
; 18.370 ; UART_rx:UART_rx_inst|BaudClkGenerator:BaudClkGenerator_inst|ClockLeft[1]        ; UART_rx:UART_rx_inst|BaudClkGenerator:BaudClkGenerator_inst|BitPeriodCounter[0] ; clk_50MHz    ; clk_50MHz   ; 20.000       ; -0.044     ; 1.593      ;
; 18.370 ; UART_rx:UART_rx_inst|BaudClkGenerator:BaudClkGenerator_inst|ClockLeft[1]        ; UART_rx:UART_rx_inst|BaudClkGenerator:BaudClkGenerator_inst|BitPeriodCounter[3] ; clk_50MHz    ; clk_50MHz   ; 20.000       ; -0.044     ; 1.593      ;
; 18.370 ; UART_rx:UART_rx_inst|BaudClkGenerator:BaudClkGenerator_inst|ClockLeft[1]        ; UART_rx:UART_rx_inst|BaudClkGenerator:BaudClkGenerator_inst|BitPeriodCounter[4] ; clk_50MHz    ; clk_50MHz   ; 20.000       ; -0.044     ; 1.593      ;
; 18.370 ; UART_rx:UART_rx_inst|BaudClkGenerator:BaudClkGenerator_inst|ClockLeft[1]        ; UART_rx:UART_rx_inst|BaudClkGenerator:BaudClkGenerator_inst|BitPeriodCounter[6] ; clk_50MHz    ; clk_50MHz   ; 20.000       ; -0.044     ; 1.593      ;
; 18.370 ; UART_rx:UART_rx_inst|BaudClkGenerator:BaudClkGenerator_inst|ClockLeft[1]        ; UART_rx:UART_rx_inst|BaudClkGenerator:BaudClkGenerator_inst|BitPeriodCounter[7] ; clk_50MHz    ; clk_50MHz   ; 20.000       ; -0.044     ; 1.593      ;
; 18.370 ; UART_rx:UART_rx_inst|BaudClkGenerator:BaudClkGenerator_inst|ClockLeft[1]        ; UART_rx:UART_rx_inst|BaudClkGenerator:BaudClkGenerator_inst|BitPeriodCounter[5] ; clk_50MHz    ; clk_50MHz   ; 20.000       ; -0.044     ; 1.593      ;
; 18.370 ; UART_rx:UART_rx_inst|BaudClkGenerator:BaudClkGenerator_inst|ClockLeft[1]        ; UART_rx:UART_rx_inst|BaudClkGenerator:BaudClkGenerator_inst|BitPeriodCounter[8] ; clk_50MHz    ; clk_50MHz   ; 20.000       ; -0.044     ; 1.593      ;
; 18.370 ; UART_rx:UART_rx_inst|BaudClkGenerator:BaudClkGenerator_inst|ClockLeft[1]        ; UART_rx:UART_rx_inst|BaudClkGenerator:BaudClkGenerator_inst|BitPeriodCounter[1] ; clk_50MHz    ; clk_50MHz   ; 20.000       ; -0.044     ; 1.593      ;
; 18.370 ; UART_rx:UART_rx_inst|BaudClkGenerator:BaudClkGenerator_inst|ClockLeft[1]        ; UART_rx:UART_rx_inst|BaudClkGenerator:BaudClkGenerator_inst|BitPeriodCounter[2] ; clk_50MHz    ; clk_50MHz   ; 20.000       ; -0.044     ; 1.593      ;
; 18.388 ; UART_rx:UART_rx_inst|BaudClkGenerator:BaudClkGenerator_inst|ClockLeft[2]        ; UART_rx:UART_rx_inst|BaudClkGenerator:BaudClkGenerator_inst|BitPeriodCounter[0] ; clk_50MHz    ; clk_50MHz   ; 20.000       ; -0.044     ; 1.575      ;
; 18.388 ; UART_rx:UART_rx_inst|BaudClkGenerator:BaudClkGenerator_inst|ClockLeft[2]        ; UART_rx:UART_rx_inst|BaudClkGenerator:BaudClkGenerator_inst|BitPeriodCounter[3] ; clk_50MHz    ; clk_50MHz   ; 20.000       ; -0.044     ; 1.575      ;
; 18.388 ; UART_rx:UART_rx_inst|BaudClkGenerator:BaudClkGenerator_inst|ClockLeft[2]        ; UART_rx:UART_rx_inst|BaudClkGenerator:BaudClkGenerator_inst|BitPeriodCounter[4] ; clk_50MHz    ; clk_50MHz   ; 20.000       ; -0.044     ; 1.575      ;
; 18.388 ; UART_rx:UART_rx_inst|BaudClkGenerator:BaudClkGenerator_inst|ClockLeft[2]        ; UART_rx:UART_rx_inst|BaudClkGenerator:BaudClkGenerator_inst|BitPeriodCounter[6] ; clk_50MHz    ; clk_50MHz   ; 20.000       ; -0.044     ; 1.575      ;
; 18.388 ; UART_rx:UART_rx_inst|BaudClkGenerator:BaudClkGenerator_inst|ClockLeft[2]        ; UART_rx:UART_rx_inst|BaudClkGenerator:BaudClkGenerator_inst|BitPeriodCounter[7] ; clk_50MHz    ; clk_50MHz   ; 20.000       ; -0.044     ; 1.575      ;
; 18.388 ; UART_rx:UART_rx_inst|BaudClkGenerator:BaudClkGenerator_inst|ClockLeft[2]        ; UART_rx:UART_rx_inst|BaudClkGenerator:BaudClkGenerator_inst|BitPeriodCounter[5] ; clk_50MHz    ; clk_50MHz   ; 20.000       ; -0.044     ; 1.575      ;
; 18.388 ; UART_rx:UART_rx_inst|BaudClkGenerator:BaudClkGenerator_inst|ClockLeft[2]        ; UART_rx:UART_rx_inst|BaudClkGenerator:BaudClkGenerator_inst|BitPeriodCounter[8] ; clk_50MHz    ; clk_50MHz   ; 20.000       ; -0.044     ; 1.575      ;
; 18.388 ; UART_rx:UART_rx_inst|BaudClkGenerator:BaudClkGenerator_inst|ClockLeft[2]        ; UART_rx:UART_rx_inst|BaudClkGenerator:BaudClkGenerator_inst|BitPeriodCounter[1] ; clk_50MHz    ; clk_50MHz   ; 20.000       ; -0.044     ; 1.575      ;
; 18.388 ; UART_rx:UART_rx_inst|BaudClkGenerator:BaudClkGenerator_inst|ClockLeft[2]        ; UART_rx:UART_rx_inst|BaudClkGenerator:BaudClkGenerator_inst|BitPeriodCounter[2] ; clk_50MHz    ; clk_50MHz   ; 20.000       ; -0.044     ; 1.575      ;
; 18.549 ; UART_tx:UART_tx_inst|BaudClkGenerator:UART_BIT_TIMING_INST|ClockLeft[2]         ; UART_tx:UART_tx_inst|BaudClkGenerator:UART_BIT_TIMING_INST|BitPeriodCounter[0]  ; clk_50MHz    ; clk_50MHz   ; 20.000       ; -0.032     ; 1.426      ;
; 18.549 ; UART_tx:UART_tx_inst|BaudClkGenerator:UART_BIT_TIMING_INST|ClockLeft[2]         ; UART_tx:UART_tx_inst|BaudClkGenerator:UART_BIT_TIMING_INST|BitPeriodCounter[6]  ; clk_50MHz    ; clk_50MHz   ; 20.000       ; -0.032     ; 1.426      ;
; 18.549 ; UART_tx:UART_tx_inst|BaudClkGenerator:UART_BIT_TIMING_INST|ClockLeft[2]         ; UART_tx:UART_tx_inst|BaudClkGenerator:UART_BIT_TIMING_INST|BitPeriodCounter[1]  ; clk_50MHz    ; clk_50MHz   ; 20.000       ; -0.032     ; 1.426      ;
; 18.549 ; UART_tx:UART_tx_inst|BaudClkGenerator:UART_BIT_TIMING_INST|ClockLeft[2]         ; UART_tx:UART_tx_inst|BaudClkGenerator:UART_BIT_TIMING_INST|BitPeriodCounter[2]  ; clk_50MHz    ; clk_50MHz   ; 20.000       ; -0.032     ; 1.426      ;
; 18.549 ; UART_tx:UART_tx_inst|BaudClkGenerator:UART_BIT_TIMING_INST|ClockLeft[2]         ; UART_tx:UART_tx_inst|BaudClkGenerator:UART_BIT_TIMING_INST|BitPeriodCounter[3]  ; clk_50MHz    ; clk_50MHz   ; 20.000       ; -0.032     ; 1.426      ;
; 18.549 ; UART_tx:UART_tx_inst|BaudClkGenerator:UART_BIT_TIMING_INST|ClockLeft[2]         ; UART_tx:UART_tx_inst|BaudClkGenerator:UART_BIT_TIMING_INST|BitPeriodCounter[4]  ; clk_50MHz    ; clk_50MHz   ; 20.000       ; -0.032     ; 1.426      ;
; 18.549 ; UART_tx:UART_tx_inst|BaudClkGenerator:UART_BIT_TIMING_INST|ClockLeft[2]         ; UART_tx:UART_tx_inst|BaudClkGenerator:UART_BIT_TIMING_INST|BitPeriodCounter[5]  ; clk_50MHz    ; clk_50MHz   ; 20.000       ; -0.032     ; 1.426      ;
; 18.549 ; UART_tx:UART_tx_inst|BaudClkGenerator:UART_BIT_TIMING_INST|ClockLeft[2]         ; UART_tx:UART_tx_inst|BaudClkGenerator:UART_BIT_TIMING_INST|BitPeriodCounter[7]  ; clk_50MHz    ; clk_50MHz   ; 20.000       ; -0.032     ; 1.426      ;
; 18.549 ; UART_tx:UART_tx_inst|BaudClkGenerator:UART_BIT_TIMING_INST|ClockLeft[2]         ; UART_tx:UART_tx_inst|BaudClkGenerator:UART_BIT_TIMING_INST|BitPeriodCounter[8]  ; clk_50MHz    ; clk_50MHz   ; 20.000       ; -0.032     ; 1.426      ;
; 18.551 ; UART_tx:UART_tx_inst|BaudClkGenerator:UART_BIT_TIMING_INST|ClockLeft[1]         ; UART_tx:UART_tx_inst|BaudClkGenerator:UART_BIT_TIMING_INST|BitPeriodCounter[0]  ; clk_50MHz    ; clk_50MHz   ; 20.000       ; -0.032     ; 1.424      ;
; 18.551 ; UART_tx:UART_tx_inst|BaudClkGenerator:UART_BIT_TIMING_INST|ClockLeft[1]         ; UART_tx:UART_tx_inst|BaudClkGenerator:UART_BIT_TIMING_INST|BitPeriodCounter[6]  ; clk_50MHz    ; clk_50MHz   ; 20.000       ; -0.032     ; 1.424      ;
; 18.551 ; UART_tx:UART_tx_inst|BaudClkGenerator:UART_BIT_TIMING_INST|ClockLeft[1]         ; UART_tx:UART_tx_inst|BaudClkGenerator:UART_BIT_TIMING_INST|BitPeriodCounter[1]  ; clk_50MHz    ; clk_50MHz   ; 20.000       ; -0.032     ; 1.424      ;
; 18.551 ; UART_tx:UART_tx_inst|BaudClkGenerator:UART_BIT_TIMING_INST|ClockLeft[1]         ; UART_tx:UART_tx_inst|BaudClkGenerator:UART_BIT_TIMING_INST|BitPeriodCounter[2]  ; clk_50MHz    ; clk_50MHz   ; 20.000       ; -0.032     ; 1.424      ;
; 18.551 ; UART_tx:UART_tx_inst|BaudClkGenerator:UART_BIT_TIMING_INST|ClockLeft[1]         ; UART_tx:UART_tx_inst|BaudClkGenerator:UART_BIT_TIMING_INST|BitPeriodCounter[3]  ; clk_50MHz    ; clk_50MHz   ; 20.000       ; -0.032     ; 1.424      ;
; 18.551 ; UART_tx:UART_tx_inst|BaudClkGenerator:UART_BIT_TIMING_INST|ClockLeft[1]         ; UART_tx:UART_tx_inst|BaudClkGenerator:UART_BIT_TIMING_INST|BitPeriodCounter[4]  ; clk_50MHz    ; clk_50MHz   ; 20.000       ; -0.032     ; 1.424      ;
; 18.551 ; UART_tx:UART_tx_inst|BaudClkGenerator:UART_BIT_TIMING_INST|ClockLeft[1]         ; UART_tx:UART_tx_inst|BaudClkGenerator:UART_BIT_TIMING_INST|BitPeriodCounter[5]  ; clk_50MHz    ; clk_50MHz   ; 20.000       ; -0.032     ; 1.424      ;
; 18.551 ; UART_tx:UART_tx_inst|BaudClkGenerator:UART_BIT_TIMING_INST|ClockLeft[1]         ; UART_tx:UART_tx_inst|BaudClkGenerator:UART_BIT_TIMING_INST|BitPeriodCounter[7]  ; clk_50MHz    ; clk_50MHz   ; 20.000       ; -0.032     ; 1.424      ;
; 18.551 ; UART_tx:UART_tx_inst|BaudClkGenerator:UART_BIT_TIMING_INST|ClockLeft[1]         ; UART_tx:UART_tx_inst|BaudClkGenerator:UART_BIT_TIMING_INST|BitPeriodCounter[8]  ; clk_50MHz    ; clk_50MHz   ; 20.000       ; -0.032     ; 1.424      ;
; 18.621 ; UART_tx:UART_tx_inst|BaudClkGenerator:UART_BIT_TIMING_INST|ClockLeft[0]         ; UART_tx:UART_tx_inst|BaudClkGenerator:UART_BIT_TIMING_INST|BitPeriodCounter[0]  ; clk_50MHz    ; clk_50MHz   ; 20.000       ; -0.032     ; 1.354      ;
; 18.621 ; UART_tx:UART_tx_inst|BaudClkGenerator:UART_BIT_TIMING_INST|ClockLeft[0]         ; UART_tx:UART_tx_inst|BaudClkGenerator:UART_BIT_TIMING_INST|BitPeriodCounter[6]  ; clk_50MHz    ; clk_50MHz   ; 20.000       ; -0.032     ; 1.354      ;
; 18.621 ; UART_tx:UART_tx_inst|BaudClkGenerator:UART_BIT_TIMING_INST|ClockLeft[0]         ; UART_tx:UART_tx_inst|BaudClkGenerator:UART_BIT_TIMING_INST|BitPeriodCounter[1]  ; clk_50MHz    ; clk_50MHz   ; 20.000       ; -0.032     ; 1.354      ;
; 18.621 ; UART_tx:UART_tx_inst|BaudClkGenerator:UART_BIT_TIMING_INST|ClockLeft[0]         ; UART_tx:UART_tx_inst|BaudClkGenerator:UART_BIT_TIMING_INST|BitPeriodCounter[2]  ; clk_50MHz    ; clk_50MHz   ; 20.000       ; -0.032     ; 1.354      ;
; 18.621 ; UART_tx:UART_tx_inst|BaudClkGenerator:UART_BIT_TIMING_INST|ClockLeft[0]         ; UART_tx:UART_tx_inst|BaudClkGenerator:UART_BIT_TIMING_INST|BitPeriodCounter[3]  ; clk_50MHz    ; clk_50MHz   ; 20.000       ; -0.032     ; 1.354      ;
; 18.621 ; UART_tx:UART_tx_inst|BaudClkGenerator:UART_BIT_TIMING_INST|ClockLeft[0]         ; UART_tx:UART_tx_inst|BaudClkGenerator:UART_BIT_TIMING_INST|BitPeriodCounter[4]  ; clk_50MHz    ; clk_50MHz   ; 20.000       ; -0.032     ; 1.354      ;
; 18.621 ; UART_tx:UART_tx_inst|BaudClkGenerator:UART_BIT_TIMING_INST|ClockLeft[0]         ; UART_tx:UART_tx_inst|BaudClkGenerator:UART_BIT_TIMING_INST|BitPeriodCounter[5]  ; clk_50MHz    ; clk_50MHz   ; 20.000       ; -0.032     ; 1.354      ;
; 18.621 ; UART_tx:UART_tx_inst|BaudClkGenerator:UART_BIT_TIMING_INST|ClockLeft[0]         ; UART_tx:UART_tx_inst|BaudClkGenerator:UART_BIT_TIMING_INST|BitPeriodCounter[7]  ; clk_50MHz    ; clk_50MHz   ; 20.000       ; -0.032     ; 1.354      ;
; 18.621 ; UART_tx:UART_tx_inst|BaudClkGenerator:UART_BIT_TIMING_INST|ClockLeft[0]         ; UART_tx:UART_tx_inst|BaudClkGenerator:UART_BIT_TIMING_INST|BitPeriodCounter[8]  ; clk_50MHz    ; clk_50MHz   ; 20.000       ; -0.032     ; 1.354      ;
; 18.623 ; UART_tx:UART_tx_inst|BaudClkGenerator:UART_BIT_TIMING_INST|baudClk_int          ; UART_tx:UART_tx_inst|Serializer:UART_SERIALIZER_INST|shift_reg[1]               ; clk_50MHz    ; clk_50MHz   ; 20.000       ; -0.045     ; 1.339      ;
; 18.623 ; UART_tx:UART_tx_inst|BaudClkGenerator:UART_BIT_TIMING_INST|baudClk_int          ; UART_tx:UART_tx_inst|Serializer:UART_SERIALIZER_INST|shift_reg[2]               ; clk_50MHz    ; clk_50MHz   ; 20.000       ; -0.045     ; 1.339      ;
; 18.623 ; UART_tx:UART_tx_inst|BaudClkGenerator:UART_BIT_TIMING_INST|baudClk_int          ; UART_tx:UART_tx_inst|Serializer:UART_SERIALIZER_INST|shift_reg[3]               ; clk_50MHz    ; clk_50MHz   ; 20.000       ; -0.045     ; 1.339      ;
; 18.623 ; UART_tx:UART_tx_inst|BaudClkGenerator:UART_BIT_TIMING_INST|baudClk_int          ; UART_tx:UART_tx_inst|Serializer:UART_SERIALIZER_INST|shift_reg[4]               ; clk_50MHz    ; clk_50MHz   ; 20.000       ; -0.045     ; 1.339      ;
; 18.623 ; UART_tx:UART_tx_inst|BaudClkGenerator:UART_BIT_TIMING_INST|baudClk_int          ; UART_tx:UART_tx_inst|Serializer:UART_SERIALIZER_INST|shift_reg[5]               ; clk_50MHz    ; clk_50MHz   ; 20.000       ; -0.045     ; 1.339      ;
; 18.623 ; UART_tx:UART_tx_inst|BaudClkGenerator:UART_BIT_TIMING_INST|baudClk_int          ; UART_tx:UART_tx_inst|Serializer:UART_SERIALIZER_INST|shift_reg[6]               ; clk_50MHz    ; clk_50MHz   ; 20.000       ; -0.045     ; 1.339      ;
; 18.623 ; UART_tx:UART_tx_inst|BaudClkGenerator:UART_BIT_TIMING_INST|baudClk_int          ; UART_tx:UART_tx_inst|Serializer:UART_SERIALIZER_INST|shift_reg[7]               ; clk_50MHz    ; clk_50MHz   ; 20.000       ; -0.045     ; 1.339      ;
; 18.623 ; UART_tx:UART_tx_inst|BaudClkGenerator:UART_BIT_TIMING_INST|baudClk_int          ; UART_tx:UART_tx_inst|Serializer:UART_SERIALIZER_INST|shift_reg[8]               ; clk_50MHz    ; clk_50MHz   ; 20.000       ; -0.045     ; 1.339      ;
; 18.679 ; TxStart                                                                         ; UART_tx:UART_tx_inst|Serializer:UART_SERIALIZER_INST|shift_reg[1]               ; clk_50MHz    ; clk_50MHz   ; 20.000       ; -0.041     ; 1.287      ;
; 18.679 ; TxStart                                                                         ; UART_tx:UART_tx_inst|Serializer:UART_SERIALIZER_INST|shift_reg[2]               ; clk_50MHz    ; clk_50MHz   ; 20.000       ; -0.041     ; 1.287      ;
; 18.679 ; TxStart                                                                         ; UART_tx:UART_tx_inst|Serializer:UART_SERIALIZER_INST|shift_reg[3]               ; clk_50MHz    ; clk_50MHz   ; 20.000       ; -0.041     ; 1.287      ;
; 18.679 ; TxStart                                                                         ; UART_tx:UART_tx_inst|Serializer:UART_SERIALIZER_INST|shift_reg[4]               ; clk_50MHz    ; clk_50MHz   ; 20.000       ; -0.041     ; 1.287      ;
; 18.679 ; TxStart                                                                         ; UART_tx:UART_tx_inst|Serializer:UART_SERIALIZER_INST|shift_reg[5]               ; clk_50MHz    ; clk_50MHz   ; 20.000       ; -0.041     ; 1.287      ;
; 18.679 ; TxStart                                                                         ; UART_tx:UART_tx_inst|Serializer:UART_SERIALIZER_INST|shift_reg[6]               ; clk_50MHz    ; clk_50MHz   ; 20.000       ; -0.041     ; 1.287      ;
; 18.679 ; TxStart                                                                         ; UART_tx:UART_tx_inst|Serializer:UART_SERIALIZER_INST|shift_reg[7]               ; clk_50MHz    ; clk_50MHz   ; 20.000       ; -0.041     ; 1.287      ;
; 18.679 ; TxStart                                                                         ; UART_tx:UART_tx_inst|Serializer:UART_SERIALIZER_INST|shift_reg[8]               ; clk_50MHz    ; clk_50MHz   ; 20.000       ; -0.041     ; 1.287      ;
; 18.697 ; UART_rx:UART_rx_inst|BaudClkGenerator:BaudClkGenerator_inst|BitPeriodCounter[3] ; UART_rx:UART_rx_inst|BaudClkGenerator:BaudClkGenerator_inst|BitPeriodCounter[0] ; clk_50MHz    ; clk_50MHz   ; 20.000       ; -0.036     ; 1.274      ;
; 18.697 ; UART_rx:UART_rx_inst|BaudClkGenerator:BaudClkGenerator_inst|BitPeriodCounter[3] ; UART_rx:UART_rx_inst|BaudClkGenerator:BaudClkGenerator_inst|BitPeriodCounter[3] ; clk_50MHz    ; clk_50MHz   ; 20.000       ; -0.036     ; 1.274      ;
; 18.697 ; UART_rx:UART_rx_inst|BaudClkGenerator:BaudClkGenerator_inst|BitPeriodCounter[3] ; UART_rx:UART_rx_inst|BaudClkGenerator:BaudClkGenerator_inst|BitPeriodCounter[4] ; clk_50MHz    ; clk_50MHz   ; 20.000       ; -0.036     ; 1.274      ;
; 18.697 ; UART_rx:UART_rx_inst|BaudClkGenerator:BaudClkGenerator_inst|BitPeriodCounter[3] ; UART_rx:UART_rx_inst|BaudClkGenerator:BaudClkGenerator_inst|BitPeriodCounter[6] ; clk_50MHz    ; clk_50MHz   ; 20.000       ; -0.036     ; 1.274      ;
; 18.697 ; UART_rx:UART_rx_inst|BaudClkGenerator:BaudClkGenerator_inst|BitPeriodCounter[3] ; UART_rx:UART_rx_inst|BaudClkGenerator:BaudClkGenerator_inst|BitPeriodCounter[7] ; clk_50MHz    ; clk_50MHz   ; 20.000       ; -0.036     ; 1.274      ;
; 18.697 ; UART_rx:UART_rx_inst|BaudClkGenerator:BaudClkGenerator_inst|BitPeriodCounter[3] ; UART_rx:UART_rx_inst|BaudClkGenerator:BaudClkGenerator_inst|BitPeriodCounter[5] ; clk_50MHz    ; clk_50MHz   ; 20.000       ; -0.036     ; 1.274      ;
; 18.697 ; UART_rx:UART_rx_inst|BaudClkGenerator:BaudClkGenerator_inst|BitPeriodCounter[3] ; UART_rx:UART_rx_inst|BaudClkGenerator:BaudClkGenerator_inst|BitPeriodCounter[8] ; clk_50MHz    ; clk_50MHz   ; 20.000       ; -0.036     ; 1.274      ;
; 18.697 ; UART_rx:UART_rx_inst|BaudClkGenerator:BaudClkGenerator_inst|BitPeriodCounter[3] ; UART_rx:UART_rx_inst|BaudClkGenerator:BaudClkGenerator_inst|BitPeriodCounter[1] ; clk_50MHz    ; clk_50MHz   ; 20.000       ; -0.036     ; 1.274      ;
; 18.697 ; UART_rx:UART_rx_inst|BaudClkGenerator:BaudClkGenerator_inst|BitPeriodCounter[3] ; UART_rx:UART_rx_inst|BaudClkGenerator:BaudClkGenerator_inst|BitPeriodCounter[2] ; clk_50MHz    ; clk_50MHz   ; 20.000       ; -0.036     ; 1.274      ;
; 18.719 ; UART_rx:UART_rx_inst|BaudClkGenerator:BaudClkGenerator_inst|ClockLeft[0]        ; UART_rx:UART_rx_inst|BaudClkGenerator:BaudClkGenerator_inst|baudClk_int         ; clk_50MHz    ; clk_50MHz   ; 20.000       ; -0.044     ; 1.244      ;
; 18.720 ; UART_tx:UART_tx_inst|BaudClkGenerator:UART_BIT_TIMING_INST|ClockLeft[3]         ; UART_tx:UART_tx_inst|BaudClkGenerator:UART_BIT_TIMING_INST|BitPeriodCounter[0]  ; clk_50MHz    ; clk_50MHz   ; 20.000       ; -0.032     ; 1.255      ;
; 18.720 ; UART_tx:UART_tx_inst|BaudClkGenerator:UART_BIT_TIMING_INST|ClockLeft[3]         ; UART_tx:UART_tx_inst|BaudClkGenerator:UART_BIT_TIMING_INST|BitPeriodCounter[6]  ; clk_50MHz    ; clk_50MHz   ; 20.000       ; -0.032     ; 1.255      ;
; 18.720 ; UART_tx:UART_tx_inst|BaudClkGenerator:UART_BIT_TIMING_INST|ClockLeft[3]         ; UART_tx:UART_tx_inst|BaudClkGenerator:UART_BIT_TIMING_INST|BitPeriodCounter[1]  ; clk_50MHz    ; clk_50MHz   ; 20.000       ; -0.032     ; 1.255      ;
; 18.720 ; UART_tx:UART_tx_inst|BaudClkGenerator:UART_BIT_TIMING_INST|ClockLeft[3]         ; UART_tx:UART_tx_inst|BaudClkGenerator:UART_BIT_TIMING_INST|BitPeriodCounter[2]  ; clk_50MHz    ; clk_50MHz   ; 20.000       ; -0.032     ; 1.255      ;
; 18.720 ; UART_tx:UART_tx_inst|BaudClkGenerator:UART_BIT_TIMING_INST|ClockLeft[3]         ; UART_tx:UART_tx_inst|BaudClkGenerator:UART_BIT_TIMING_INST|BitPeriodCounter[3]  ; clk_50MHz    ; clk_50MHz   ; 20.000       ; -0.032     ; 1.255      ;
; 18.720 ; UART_tx:UART_tx_inst|BaudClkGenerator:UART_BIT_TIMING_INST|ClockLeft[3]         ; UART_tx:UART_tx_inst|BaudClkGenerator:UART_BIT_TIMING_INST|BitPeriodCounter[4]  ; clk_50MHz    ; clk_50MHz   ; 20.000       ; -0.032     ; 1.255      ;
; 18.720 ; UART_tx:UART_tx_inst|BaudClkGenerator:UART_BIT_TIMING_INST|ClockLeft[3]         ; UART_tx:UART_tx_inst|BaudClkGenerator:UART_BIT_TIMING_INST|BitPeriodCounter[5]  ; clk_50MHz    ; clk_50MHz   ; 20.000       ; -0.032     ; 1.255      ;
; 18.720 ; UART_tx:UART_tx_inst|BaudClkGenerator:UART_BIT_TIMING_INST|ClockLeft[3]         ; UART_tx:UART_tx_inst|BaudClkGenerator:UART_BIT_TIMING_INST|BitPeriodCounter[7]  ; clk_50MHz    ; clk_50MHz   ; 20.000       ; -0.032     ; 1.255      ;
; 18.720 ; UART_tx:UART_tx_inst|BaudClkGenerator:UART_BIT_TIMING_INST|ClockLeft[3]         ; UART_tx:UART_tx_inst|BaudClkGenerator:UART_BIT_TIMING_INST|BitPeriodCounter[8]  ; clk_50MHz    ; clk_50MHz   ; 20.000       ; -0.032     ; 1.255      ;
; 18.728 ; UART_rx:UART_rx_inst|BaudClkGenerator:BaudClkGenerator_inst|BitPeriodCounter[1] ; UART_rx:UART_rx_inst|BaudClkGenerator:BaudClkGenerator_inst|BitPeriodCounter[0] ; clk_50MHz    ; clk_50MHz   ; 20.000       ; -0.036     ; 1.243      ;
; 18.728 ; UART_rx:UART_rx_inst|BaudClkGenerator:BaudClkGenerator_inst|BitPeriodCounter[1] ; UART_rx:UART_rx_inst|BaudClkGenerator:BaudClkGenerator_inst|BitPeriodCounter[3] ; clk_50MHz    ; clk_50MHz   ; 20.000       ; -0.036     ; 1.243      ;
+--------+---------------------------------------------------------------------------------+---------------------------------------------------------------------------------+--------------+-------------+--------------+------------+------------+


+-------------------------------------------------------------------------------------------------------------------------------------------------------------------------------------------------------------------------------------------------+
; Fast 1200mV 0C Model Hold: 'clk_50MHz'                                                                                                                                                                                                          ;
+-------+---------------------------------------------------------------------------------+---------------------------------------------------------------------------------+--------------+-------------+--------------+------------+------------+
; Slack ; From Node                                                                       ; To Node                                                                         ; Launch Clock ; Latch Clock ; Relationship ; Clock Skew ; Data Delay ;
+-------+---------------------------------------------------------------------------------+---------------------------------------------------------------------------------+--------------+-------------+--------------+------------+------------+
; 0.186 ; UART_tx:UART_tx_inst|Serializer:UART_SERIALIZER_INST|shift_reg[0]               ; UART_tx:UART_tx_inst|Serializer:UART_SERIALIZER_INST|shift_reg[0]               ; clk_50MHz    ; clk_50MHz   ; 0.000        ; 0.037      ; 0.307      ;
; 0.186 ; UART_tx:UART_tx_inst|BaudClkGenerator:UART_BIT_TIMING_INST|ClockLeft[3]         ; UART_tx:UART_tx_inst|BaudClkGenerator:UART_BIT_TIMING_INST|ClockLeft[3]         ; clk_50MHz    ; clk_50MHz   ; 0.000        ; 0.037      ; 0.307      ;
; 0.186 ; UART_tx:UART_tx_inst|BaudClkGenerator:UART_BIT_TIMING_INST|ready                ; UART_tx:UART_tx_inst|BaudClkGenerator:UART_BIT_TIMING_INST|ready                ; clk_50MHz    ; clk_50MHz   ; 0.000        ; 0.037      ; 0.307      ;
; 0.186 ; UART_tx:UART_tx_inst|BaudClkGenerator:UART_BIT_TIMING_INST|ClockLeft[0]         ; UART_tx:UART_tx_inst|BaudClkGenerator:UART_BIT_TIMING_INST|ClockLeft[0]         ; clk_50MHz    ; clk_50MHz   ; 0.000        ; 0.037      ; 0.307      ;
; 0.186 ; UART_tx:UART_tx_inst|BaudClkGenerator:UART_BIT_TIMING_INST|ClockLeft[1]         ; UART_tx:UART_tx_inst|BaudClkGenerator:UART_BIT_TIMING_INST|ClockLeft[1]         ; clk_50MHz    ; clk_50MHz   ; 0.000        ; 0.037      ; 0.307      ;
; 0.186 ; UART_tx:UART_tx_inst|BaudClkGenerator:UART_BIT_TIMING_INST|ClockLeft[2]         ; UART_tx:UART_tx_inst|BaudClkGenerator:UART_BIT_TIMING_INST|ClockLeft[2]         ; clk_50MHz    ; clk_50MHz   ; 0.000        ; 0.037      ; 0.307      ;
; 0.186 ; TxStart                                                                         ; TxStart                                                                         ; clk_50MHz    ; clk_50MHz   ; 0.000        ; 0.037      ; 0.307      ;
; 0.186 ; UART_rx:UART_rx_inst|IRQ_rx                                                     ; UART_rx:UART_rx_inst|IRQ_rx                                                     ; clk_50MHz    ; clk_50MHz   ; 0.000        ; 0.037      ; 0.307      ;
; 0.187 ; UART_rx:UART_rx_inst|FSMVariable.IDLE                                           ; UART_rx:UART_rx_inst|FSMVariable.IDLE                                           ; clk_50MHz    ; clk_50MHz   ; 0.000        ; 0.036      ; 0.307      ;
; 0.187 ; UART_rx:UART_rx_inst|start                                                      ; UART_rx:UART_rx_inst|start                                                      ; clk_50MHz    ; clk_50MHz   ; 0.000        ; 0.036      ; 0.307      ;
; 0.187 ; UART_rx:UART_rx_inst|FSMVariable.COLLECT_RS232_DATA                             ; UART_rx:UART_rx_inst|FSMVariable.COLLECT_RS232_DATA                             ; clk_50MHz    ; clk_50MHz   ; 0.000        ; 0.036      ; 0.307      ;
; 0.187 ; UART_rx:UART_rx_inst|BaudClkGenerator:BaudClkGenerator_inst|ready               ; UART_rx:UART_rx_inst|BaudClkGenerator:BaudClkGenerator_inst|ready               ; clk_50MHz    ; clk_50MHz   ; 0.000        ; 0.036      ; 0.307      ;
; 0.187 ; UART_rx:UART_rx_inst|BaudClkGenerator:BaudClkGenerator_inst|ClockLeft[3]        ; UART_rx:UART_rx_inst|BaudClkGenerator:BaudClkGenerator_inst|ClockLeft[3]        ; clk_50MHz    ; clk_50MHz   ; 0.000        ; 0.036      ; 0.307      ;
; 0.187 ; UART_rx:UART_rx_inst|BaudClkGenerator:BaudClkGenerator_inst|ClockLeft[0]        ; UART_rx:UART_rx_inst|BaudClkGenerator:BaudClkGenerator_inst|ClockLeft[0]        ; clk_50MHz    ; clk_50MHz   ; 0.000        ; 0.036      ; 0.307      ;
; 0.187 ; UART_rx:UART_rx_inst|BaudClkGenerator:BaudClkGenerator_inst|ClockLeft[1]        ; UART_rx:UART_rx_inst|BaudClkGenerator:BaudClkGenerator_inst|ClockLeft[1]        ; clk_50MHz    ; clk_50MHz   ; 0.000        ; 0.036      ; 0.307      ;
; 0.187 ; UART_rx:UART_rx_inst|BaudClkGenerator:BaudClkGenerator_inst|ClockLeft[2]        ; UART_rx:UART_rx_inst|BaudClkGenerator:BaudClkGenerator_inst|ClockLeft[2]        ; clk_50MHz    ; clk_50MHz   ; 0.000        ; 0.036      ; 0.307      ;
; 0.193 ; UART_tx:UART_tx_inst|Serializer:UART_SERIALIZER_INST|shift_reg[8]               ; UART_tx:UART_tx_inst|Serializer:UART_SERIALIZER_INST|shift_reg[7]               ; clk_50MHz    ; clk_50MHz   ; 0.000        ; 0.037      ; 0.314      ;
; 0.193 ; SMVariable                                                                      ; SMVariable                                                                      ; clk_50MHz    ; clk_50MHz   ; 0.000        ; 0.037      ; 0.314      ;
; 0.193 ; UART_rx:UART_rx_inst|Synchronizer:Synchronizer_inst|signal_async                ; UART_rx:UART_rx_inst|Synchronizer:Synchronizer_inst|signal_sync                 ; clk_50MHz    ; clk_50MHz   ; 0.000        ; 0.037      ; 0.314      ;
; 0.194 ; UART_rx:UART_rx_inst|FSMVariable.COLLECT_RS232_DATA                             ; UART_rx:UART_rx_inst|FSMVariable.ASSERT_IRQ                                     ; clk_50MHz    ; clk_50MHz   ; 0.000        ; 0.036      ; 0.314      ;
; 0.197 ; UART_rx:UART_rx_inst|ShiftRegister:ShiftRegister_inst|shift_reg[2]              ; UART_rx:UART_rx_inst|ShiftRegister:ShiftRegister_inst|shift_reg[1]              ; clk_50MHz    ; clk_50MHz   ; 0.000        ; 0.037      ; 0.318      ;
; 0.197 ; UART_rx:UART_rx_inst|ShiftRegister:ShiftRegister_inst|shift_reg[4]              ; UART_rx:UART_rx_inst|ShiftRegister:ShiftRegister_inst|shift_reg[3]              ; clk_50MHz    ; clk_50MHz   ; 0.000        ; 0.037      ; 0.318      ;
; 0.197 ; UART_rx:UART_rx_inst|IRQ_rx                                                     ; TxStart                                                                         ; clk_50MHz    ; clk_50MHz   ; 0.000        ; 0.037      ; 0.318      ;
; 0.197 ; UART_rx:UART_rx_inst|IRQ_rx                                                     ; SMVariable                                                                      ; clk_50MHz    ; clk_50MHz   ; 0.000        ; 0.037      ; 0.318      ;
; 0.198 ; UART_rx:UART_rx_inst|ShiftRegister:ShiftRegister_inst|shift_reg[6]              ; UART_rx:UART_rx_inst|ShiftRegister:ShiftRegister_inst|shift_reg[5]              ; clk_50MHz    ; clk_50MHz   ; 0.000        ; 0.037      ; 0.319      ;
; 0.199 ; UART_rx:UART_rx_inst|ShiftRegister:ShiftRegister_inst|shift_reg[1]              ; UART_rx:UART_rx_inst|ShiftRegister:ShiftRegister_inst|shift_reg[0]              ; clk_50MHz    ; clk_50MHz   ; 0.000        ; 0.037      ; 0.320      ;
; 0.200 ; UART_rx:UART_rx_inst|ShiftRegister:ShiftRegister_inst|shift_reg[2]              ; UART_tx:UART_tx_inst|Serializer:UART_SERIALIZER_INST|shift_reg[3]               ; clk_50MHz    ; clk_50MHz   ; 0.000        ; 0.037      ; 0.321      ;
; 0.201 ; UART_rx:UART_rx_inst|ShiftRegister:ShiftRegister_inst|shift_reg[4]              ; UART_tx:UART_tx_inst|Serializer:UART_SERIALIZER_INST|shift_reg[5]               ; clk_50MHz    ; clk_50MHz   ; 0.000        ; 0.037      ; 0.322      ;
; 0.202 ; UART_tx:UART_tx_inst|BaudClkGenerator:UART_BIT_TIMING_INST|BitPeriodCounter[8]  ; UART_tx:UART_tx_inst|BaudClkGenerator:UART_BIT_TIMING_INST|BitPeriodCounter[8]  ; clk_50MHz    ; clk_50MHz   ; 0.000        ; 0.036      ; 0.322      ;
; 0.204 ; UART_rx:UART_rx_inst|BaudClkGenerator:BaudClkGenerator_inst|ready               ; UART_rx:UART_rx_inst|FSMVariable.COLLECT_RS232_DATA                             ; clk_50MHz    ; clk_50MHz   ; 0.000        ; 0.036      ; 0.324      ;
; 0.212 ; UART_rx:UART_rx_inst|FSMVariable.ASSERT_IRQ                                     ; UART_rx:UART_rx_inst|start                                                      ; clk_50MHz    ; clk_50MHz   ; 0.000        ; 0.036      ; 0.332      ;
; 0.213 ; UART_rx:UART_rx_inst|FSMVariable.ASSERT_IRQ                                     ; UART_rx:UART_rx_inst|FSMVariable.IDLE                                           ; clk_50MHz    ; clk_50MHz   ; 0.000        ; 0.036      ; 0.333      ;
; 0.214 ; UART_rx:UART_rx_inst|start                                                      ; UART_rx:UART_rx_inst|BaudClkGenerator:BaudClkGenerator_inst|ClockLeft[3]        ; clk_50MHz    ; clk_50MHz   ; 0.000        ; 0.036      ; 0.334      ;
; 0.217 ; UART_rx:UART_rx_inst|start                                                      ; UART_rx:UART_rx_inst|BaudClkGenerator:BaudClkGenerator_inst|ClockLeft[1]        ; clk_50MHz    ; clk_50MHz   ; 0.000        ; 0.036      ; 0.337      ;
; 0.222 ; UART_rx:UART_rx_inst|start                                                      ; UART_rx:UART_rx_inst|BaudClkGenerator:BaudClkGenerator_inst|ClockLeft[2]        ; clk_50MHz    ; clk_50MHz   ; 0.000        ; 0.036      ; 0.342      ;
; 0.244 ; TxStart                                                                         ; UART_tx:UART_tx_inst|BaudClkGenerator:UART_BIT_TIMING_INST|ClockLeft[1]         ; clk_50MHz    ; clk_50MHz   ; 0.000        ; 0.037      ; 0.365      ;
; 0.245 ; TxStart                                                                         ; UART_tx:UART_tx_inst|BaudClkGenerator:UART_BIT_TIMING_INST|ClockLeft[3]         ; clk_50MHz    ; clk_50MHz   ; 0.000        ; 0.037      ; 0.366      ;
; 0.246 ; TxStart                                                                         ; UART_tx:UART_tx_inst|BaudClkGenerator:UART_BIT_TIMING_INST|ready                ; clk_50MHz    ; clk_50MHz   ; 0.000        ; 0.037      ; 0.367      ;
; 0.247 ; TxStart                                                                         ; UART_rx:UART_rx_inst|IRQ_rx                                                     ; clk_50MHz    ; clk_50MHz   ; 0.000        ; 0.037      ; 0.368      ;
; 0.251 ; TxStart                                                                         ; UART_tx:UART_tx_inst|BaudClkGenerator:UART_BIT_TIMING_INST|ClockLeft[2]         ; clk_50MHz    ; clk_50MHz   ; 0.000        ; 0.037      ; 0.372      ;
; 0.255 ; UART_rx:UART_rx_inst|ShiftRegister:ShiftRegister_inst|shift_reg[3]              ; UART_tx:UART_tx_inst|Serializer:UART_SERIALIZER_INST|shift_reg[4]               ; clk_50MHz    ; clk_50MHz   ; 0.000        ; 0.037      ; 0.376      ;
; 0.255 ; UART_rx:UART_rx_inst|ShiftRegister:ShiftRegister_inst|shift_reg[5]              ; UART_tx:UART_tx_inst|Serializer:UART_SERIALIZER_INST|shift_reg[6]               ; clk_50MHz    ; clk_50MHz   ; 0.000        ; 0.037      ; 0.376      ;
; 0.258 ; UART_rx:UART_rx_inst|ShiftRegister:ShiftRegister_inst|shift_reg[7]              ; UART_tx:UART_tx_inst|Serializer:UART_SERIALIZER_INST|shift_reg[8]               ; clk_50MHz    ; clk_50MHz   ; 0.000        ; 0.037      ; 0.379      ;
; 0.266 ; UART_rx:UART_rx_inst|BaudClkGenerator:BaudClkGenerator_inst|BitPeriodCounter[8] ; UART_rx:UART_rx_inst|BaudClkGenerator:BaudClkGenerator_inst|baudClk_int         ; clk_50MHz    ; clk_50MHz   ; 0.000        ; 0.036      ; 0.386      ;
; 0.271 ; UART_rx:UART_rx_inst|ShiftRegister:ShiftRegister_inst|shift_reg[3]              ; UART_rx:UART_rx_inst|ShiftRegister:ShiftRegister_inst|shift_reg[2]              ; clk_50MHz    ; clk_50MHz   ; 0.000        ; 0.037      ; 0.392      ;
; 0.271 ; UART_rx:UART_rx_inst|ShiftRegister:ShiftRegister_inst|shift_reg[5]              ; UART_rx:UART_rx_inst|ShiftRegister:ShiftRegister_inst|shift_reg[4]              ; clk_50MHz    ; clk_50MHz   ; 0.000        ; 0.037      ; 0.392      ;
; 0.273 ; UART_rx:UART_rx_inst|ShiftRegister:ShiftRegister_inst|shift_reg[7]              ; UART_rx:UART_rx_inst|ShiftRegister:ShiftRegister_inst|shift_reg[6]              ; clk_50MHz    ; clk_50MHz   ; 0.000        ; 0.037      ; 0.394      ;
; 0.294 ; UART_tx:UART_tx_inst|Serializer:UART_SERIALIZER_INST|shift_reg[3]               ; UART_tx:UART_tx_inst|Serializer:UART_SERIALIZER_INST|shift_reg[2]               ; clk_50MHz    ; clk_50MHz   ; 0.000        ; 0.037      ; 0.415      ;
; 0.295 ; UART_tx:UART_tx_inst|Serializer:UART_SERIALIZER_INST|shift_reg[6]               ; UART_tx:UART_tx_inst|Serializer:UART_SERIALIZER_INST|shift_reg[5]               ; clk_50MHz    ; clk_50MHz   ; 0.000        ; 0.037      ; 0.416      ;
; 0.296 ; UART_tx:UART_tx_inst|Serializer:UART_SERIALIZER_INST|shift_reg[2]               ; UART_tx:UART_tx_inst|Serializer:UART_SERIALIZER_INST|shift_reg[1]               ; clk_50MHz    ; clk_50MHz   ; 0.000        ; 0.037      ; 0.417      ;
; 0.296 ; UART_tx:UART_tx_inst|Serializer:UART_SERIALIZER_INST|shift_reg[4]               ; UART_tx:UART_tx_inst|Serializer:UART_SERIALIZER_INST|shift_reg[3]               ; clk_50MHz    ; clk_50MHz   ; 0.000        ; 0.037      ; 0.417      ;
; 0.297 ; UART_tx:UART_tx_inst|BaudClkGenerator:UART_BIT_TIMING_INST|BitPeriodCounter[1]  ; UART_tx:UART_tx_inst|BaudClkGenerator:UART_BIT_TIMING_INST|BitPeriodCounter[1]  ; clk_50MHz    ; clk_50MHz   ; 0.000        ; 0.036      ; 0.417      ;
; 0.299 ; UART_tx:UART_tx_inst|BaudClkGenerator:UART_BIT_TIMING_INST|BitPeriodCounter[3]  ; UART_tx:UART_tx_inst|BaudClkGenerator:UART_BIT_TIMING_INST|BitPeriodCounter[3]  ; clk_50MHz    ; clk_50MHz   ; 0.000        ; 0.036      ; 0.419      ;
; 0.299 ; UART_rx:UART_rx_inst|BaudClkGenerator:BaudClkGenerator_inst|BitPeriodCounter[3] ; UART_rx:UART_rx_inst|BaudClkGenerator:BaudClkGenerator_inst|BitPeriodCounter[3] ; clk_50MHz    ; clk_50MHz   ; 0.000        ; 0.036      ; 0.419      ;
; 0.299 ; UART_rx:UART_rx_inst|BaudClkGenerator:BaudClkGenerator_inst|BitPeriodCounter[1] ; UART_rx:UART_rx_inst|BaudClkGenerator:BaudClkGenerator_inst|BitPeriodCounter[1] ; clk_50MHz    ; clk_50MHz   ; 0.000        ; 0.036      ; 0.419      ;
; 0.300 ; UART_tx:UART_tx_inst|BaudClkGenerator:UART_BIT_TIMING_INST|BitPeriodCounter[6]  ; UART_tx:UART_tx_inst|BaudClkGenerator:UART_BIT_TIMING_INST|BitPeriodCounter[6]  ; clk_50MHz    ; clk_50MHz   ; 0.000        ; 0.036      ; 0.420      ;
; 0.300 ; UART_tx:UART_tx_inst|BaudClkGenerator:UART_BIT_TIMING_INST|BitPeriodCounter[2]  ; UART_tx:UART_tx_inst|BaudClkGenerator:UART_BIT_TIMING_INST|BitPeriodCounter[2]  ; clk_50MHz    ; clk_50MHz   ; 0.000        ; 0.036      ; 0.420      ;
; 0.300 ; UART_tx:UART_tx_inst|BaudClkGenerator:UART_BIT_TIMING_INST|BitPeriodCounter[4]  ; UART_tx:UART_tx_inst|BaudClkGenerator:UART_BIT_TIMING_INST|BitPeriodCounter[4]  ; clk_50MHz    ; clk_50MHz   ; 0.000        ; 0.036      ; 0.420      ;
; 0.300 ; UART_tx:UART_tx_inst|BaudClkGenerator:UART_BIT_TIMING_INST|BitPeriodCounter[5]  ; UART_tx:UART_tx_inst|BaudClkGenerator:UART_BIT_TIMING_INST|BitPeriodCounter[5]  ; clk_50MHz    ; clk_50MHz   ; 0.000        ; 0.036      ; 0.420      ;
; 0.300 ; UART_tx:UART_tx_inst|BaudClkGenerator:UART_BIT_TIMING_INST|BitPeriodCounter[7]  ; UART_tx:UART_tx_inst|BaudClkGenerator:UART_BIT_TIMING_INST|BitPeriodCounter[7]  ; clk_50MHz    ; clk_50MHz   ; 0.000        ; 0.036      ; 0.420      ;
; 0.300 ; UART_rx:UART_rx_inst|BaudClkGenerator:BaudClkGenerator_inst|BitPeriodCounter[6] ; UART_rx:UART_rx_inst|BaudClkGenerator:BaudClkGenerator_inst|BitPeriodCounter[6] ; clk_50MHz    ; clk_50MHz   ; 0.000        ; 0.036      ; 0.420      ;
; 0.300 ; UART_rx:UART_rx_inst|BaudClkGenerator:BaudClkGenerator_inst|BitPeriodCounter[7] ; UART_rx:UART_rx_inst|BaudClkGenerator:BaudClkGenerator_inst|BitPeriodCounter[7] ; clk_50MHz    ; clk_50MHz   ; 0.000        ; 0.036      ; 0.420      ;
; 0.300 ; UART_rx:UART_rx_inst|BaudClkGenerator:BaudClkGenerator_inst|BitPeriodCounter[5] ; UART_rx:UART_rx_inst|BaudClkGenerator:BaudClkGenerator_inst|BitPeriodCounter[5] ; clk_50MHz    ; clk_50MHz   ; 0.000        ; 0.036      ; 0.420      ;
; 0.300 ; UART_rx:UART_rx_inst|BaudClkGenerator:BaudClkGenerator_inst|BitPeriodCounter[2] ; UART_rx:UART_rx_inst|BaudClkGenerator:BaudClkGenerator_inst|BitPeriodCounter[2] ; clk_50MHz    ; clk_50MHz   ; 0.000        ; 0.036      ; 0.420      ;
; 0.300 ; UART_tx:UART_tx_inst|Serializer:UART_SERIALIZER_INST|shift_reg[5]               ; UART_tx:UART_tx_inst|Serializer:UART_SERIALIZER_INST|shift_reg[4]               ; clk_50MHz    ; clk_50MHz   ; 0.000        ; 0.037      ; 0.421      ;
; 0.302 ; UART_tx:UART_tx_inst|Serializer:UART_SERIALIZER_INST|shift_reg[7]               ; UART_tx:UART_tx_inst|Serializer:UART_SERIALIZER_INST|shift_reg[6]               ; clk_50MHz    ; clk_50MHz   ; 0.000        ; 0.037      ; 0.423      ;
; 0.303 ; UART_rx:UART_rx_inst|ShiftRegister:ShiftRegister_inst|shift_reg[0]              ; UART_tx:UART_tx_inst|Serializer:UART_SERIALIZER_INST|shift_reg[1]               ; clk_50MHz    ; clk_50MHz   ; 0.000        ; 0.037      ; 0.424      ;
; 0.304 ; UART_rx:UART_rx_inst|BaudClkGenerator:BaudClkGenerator_inst|BitPeriodCounter[8] ; UART_rx:UART_rx_inst|BaudClkGenerator:BaudClkGenerator_inst|BitPeriodCounter[8] ; clk_50MHz    ; clk_50MHz   ; 0.000        ; 0.036      ; 0.424      ;
; 0.306 ; UART_rx:UART_rx_inst|ShiftRegister:ShiftRegister_inst|shift_reg[1]              ; UART_tx:UART_tx_inst|Serializer:UART_SERIALIZER_INST|shift_reg[2]               ; clk_50MHz    ; clk_50MHz   ; 0.000        ; 0.037      ; 0.427      ;
; 0.306 ; SMVariable                                                                      ; TxStart                                                                         ; clk_50MHz    ; clk_50MHz   ; 0.000        ; 0.037      ; 0.427      ;
; 0.307 ; UART_rx:UART_rx_inst|ShiftRegister:ShiftRegister_inst|shift_reg[6]              ; UART_tx:UART_tx_inst|Serializer:UART_SERIALIZER_INST|shift_reg[7]               ; clk_50MHz    ; clk_50MHz   ; 0.000        ; 0.037      ; 0.428      ;
; 0.308 ; UART_rx:UART_rx_inst|BaudClkGenerator:BaudClkGenerator_inst|BitPeriodCounter[0] ; UART_rx:UART_rx_inst|BaudClkGenerator:BaudClkGenerator_inst|BitPeriodCounter[0] ; clk_50MHz    ; clk_50MHz   ; 0.000        ; 0.036      ; 0.428      ;
; 0.308 ; UART_rx:UART_rx_inst|BaudClkGenerator:BaudClkGenerator_inst|BitPeriodCounter[4] ; UART_rx:UART_rx_inst|BaudClkGenerator:BaudClkGenerator_inst|BitPeriodCounter[4] ; clk_50MHz    ; clk_50MHz   ; 0.000        ; 0.036      ; 0.428      ;
; 0.308 ; UART_rx:UART_rx_inst|rs232_rx_sync_delay                                        ; UART_rx:UART_rx_inst|rs232_falling_edge                                         ; clk_50MHz    ; clk_50MHz   ; 0.000        ; 0.036      ; 0.428      ;
; 0.310 ; UART_tx:UART_tx_inst|BaudClkGenerator:UART_BIT_TIMING_INST|BitPeriodCounter[8]  ; UART_tx:UART_tx_inst|BaudClkGenerator:UART_BIT_TIMING_INST|baudClk_int          ; clk_50MHz    ; clk_50MHz   ; 0.000        ; 0.036      ; 0.430      ;
; 0.310 ; UART_tx:UART_tx_inst|BaudClkGenerator:UART_BIT_TIMING_INST|BitPeriodCounter[0]  ; UART_tx:UART_tx_inst|BaudClkGenerator:UART_BIT_TIMING_INST|BitPeriodCounter[0]  ; clk_50MHz    ; clk_50MHz   ; 0.000        ; 0.036      ; 0.430      ;
; 0.311 ; UART_tx:UART_tx_inst|BaudClkGenerator:UART_BIT_TIMING_INST|ready                ; TxStart                                                                         ; clk_50MHz    ; clk_50MHz   ; 0.000        ; 0.037      ; 0.432      ;
; 0.311 ; UART_tx:UART_tx_inst|BaudClkGenerator:UART_BIT_TIMING_INST|ready                ; SMVariable                                                                      ; clk_50MHz    ; clk_50MHz   ; 0.000        ; 0.037      ; 0.432      ;
; 0.312 ; UART_rx:UART_rx_inst|FSMVariable.IDLE                                           ; UART_rx:UART_rx_inst|FSMVariable.COLLECT_RS232_DATA                             ; clk_50MHz    ; clk_50MHz   ; 0.000        ; 0.036      ; 0.432      ;
; 0.313 ; UART_rx:UART_rx_inst|BaudClkGenerator:BaudClkGenerator_inst|ready               ; UART_rx:UART_rx_inst|FSMVariable.ASSERT_IRQ                                     ; clk_50MHz    ; clk_50MHz   ; 0.000        ; 0.036      ; 0.433      ;
; 0.318 ; UART_rx:UART_rx_inst|start                                                      ; UART_rx:UART_rx_inst|BaudClkGenerator:BaudClkGenerator_inst|ClockLeft[0]        ; clk_50MHz    ; clk_50MHz   ; 0.000        ; 0.036      ; 0.438      ;
; 0.320 ; UART_rx:UART_rx_inst|start                                                      ; UART_rx:UART_rx_inst|BaudClkGenerator:BaudClkGenerator_inst|ready               ; clk_50MHz    ; clk_50MHz   ; 0.000        ; 0.036      ; 0.440      ;
; 0.323 ; UART_rx:UART_rx_inst|FSMVariable.IDLE                                           ; UART_rx:UART_rx_inst|start                                                      ; clk_50MHz    ; clk_50MHz   ; 0.000        ; 0.036      ; 0.443      ;
; 0.333 ; UART_rx:UART_rx_inst|BaudClkGenerator:BaudClkGenerator_inst|ready               ; UART_rx:UART_rx_inst|FSMVariable.IDLE                                           ; clk_50MHz    ; clk_50MHz   ; 0.000        ; 0.036      ; 0.453      ;
; 0.337 ; UART_tx:UART_tx_inst|BaudClkGenerator:UART_BIT_TIMING_INST|ClockLeft[0]         ; UART_tx:UART_tx_inst|BaudClkGenerator:UART_BIT_TIMING_INST|ClockLeft[1]         ; clk_50MHz    ; clk_50MHz   ; 0.000        ; 0.037      ; 0.458      ;
; 0.337 ; UART_rx:UART_rx_inst|BaudClkGenerator:BaudClkGenerator_inst|ClockLeft[0]        ; UART_rx:UART_rx_inst|BaudClkGenerator:BaudClkGenerator_inst|ClockLeft[1]        ; clk_50MHz    ; clk_50MHz   ; 0.000        ; 0.036      ; 0.457      ;
; 0.355 ; TxStart                                                                         ; UART_tx:UART_tx_inst|Serializer:UART_SERIALIZER_INST|shift_reg[0]               ; clk_50MHz    ; clk_50MHz   ; 0.000        ; 0.037      ; 0.476      ;
; 0.368 ; UART_rx:UART_rx_inst|rs232_falling_edge                                         ; UART_rx:UART_rx_inst|start                                                      ; clk_50MHz    ; clk_50MHz   ; 0.000        ; 0.036      ; 0.488      ;
; 0.379 ; UART_rx:UART_rx_inst|BaudClkGenerator:BaudClkGenerator_inst|BitPeriodCounter[5] ; UART_rx:UART_rx_inst|BaudClkGenerator:BaudClkGenerator_inst|baudClk_int         ; clk_50MHz    ; clk_50MHz   ; 0.000        ; 0.036      ; 0.499      ;
; 0.392 ; TxStart                                                                         ; UART_tx:UART_tx_inst|BaudClkGenerator:UART_BIT_TIMING_INST|ClockLeft[0]         ; clk_50MHz    ; clk_50MHz   ; 0.000        ; 0.037      ; 0.513      ;
; 0.413 ; UART_tx:UART_tx_inst|BaudClkGenerator:UART_BIT_TIMING_INST|BitPeriodCounter[6]  ; UART_tx:UART_tx_inst|BaudClkGenerator:UART_BIT_TIMING_INST|baudClk_int          ; clk_50MHz    ; clk_50MHz   ; 0.000        ; 0.036      ; 0.533      ;
; 0.421 ; UART_rx:UART_rx_inst|BaudClkGenerator:BaudClkGenerator_inst|BitPeriodCounter[6] ; UART_rx:UART_rx_inst|BaudClkGenerator:BaudClkGenerator_inst|baudClk_int         ; clk_50MHz    ; clk_50MHz   ; 0.000        ; 0.036      ; 0.541      ;
; 0.432 ; UART_tx:UART_tx_inst|BaudClkGenerator:UART_BIT_TIMING_INST|baudClk_int          ; UART_tx:UART_tx_inst|BaudClkGenerator:UART_BIT_TIMING_INST|ClockLeft[0]         ; clk_50MHz    ; clk_50MHz   ; 0.000        ; 0.032      ; 0.548      ;
; 0.437 ; UART_tx:UART_tx_inst|BaudClkGenerator:UART_BIT_TIMING_INST|baudClk_int          ; UART_tx:UART_tx_inst|Serializer:UART_SERIALIZER_INST|shift_reg[0]               ; clk_50MHz    ; clk_50MHz   ; 0.000        ; 0.032      ; 0.553      ;
; 0.446 ; UART_tx:UART_tx_inst|BaudClkGenerator:UART_BIT_TIMING_INST|BitPeriodCounter[1]  ; UART_tx:UART_tx_inst|BaudClkGenerator:UART_BIT_TIMING_INST|BitPeriodCounter[2]  ; clk_50MHz    ; clk_50MHz   ; 0.000        ; 0.036      ; 0.566      ;
; 0.448 ; UART_tx:UART_tx_inst|BaudClkGenerator:UART_BIT_TIMING_INST|BitPeriodCounter[3]  ; UART_tx:UART_tx_inst|BaudClkGenerator:UART_BIT_TIMING_INST|BitPeriodCounter[4]  ; clk_50MHz    ; clk_50MHz   ; 0.000        ; 0.036      ; 0.568      ;
; 0.448 ; UART_rx:UART_rx_inst|BaudClkGenerator:BaudClkGenerator_inst|BitPeriodCounter[1] ; UART_rx:UART_rx_inst|BaudClkGenerator:BaudClkGenerator_inst|BitPeriodCounter[2] ; clk_50MHz    ; clk_50MHz   ; 0.000        ; 0.036      ; 0.568      ;
; 0.448 ; UART_rx:UART_rx_inst|BaudClkGenerator:BaudClkGenerator_inst|BitPeriodCounter[3] ; UART_rx:UART_rx_inst|BaudClkGenerator:BaudClkGenerator_inst|BitPeriodCounter[4] ; clk_50MHz    ; clk_50MHz   ; 0.000        ; 0.036      ; 0.568      ;
; 0.449 ; UART_rx:UART_rx_inst|BaudClkGenerator:BaudClkGenerator_inst|ClockLeft[2]        ; UART_rx:UART_rx_inst|BaudClkGenerator:BaudClkGenerator_inst|ClockLeft[0]        ; clk_50MHz    ; clk_50MHz   ; 0.000        ; 0.036      ; 0.569      ;
; 0.449 ; UART_tx:UART_tx_inst|BaudClkGenerator:UART_BIT_TIMING_INST|BitPeriodCounter[7]  ; UART_tx:UART_tx_inst|BaudClkGenerator:UART_BIT_TIMING_INST|BitPeriodCounter[8]  ; clk_50MHz    ; clk_50MHz   ; 0.000        ; 0.036      ; 0.569      ;
+-------+---------------------------------------------------------------------------------+---------------------------------------------------------------------------------+--------------+-------------+--------------+------------+------------+


----------------------------------------------
; Fast 1200mV 0C Model Metastability Summary ;
----------------------------------------------
The design MTBF is not calculated because there are no specified synchronizers in the design.
Number of Synchronizer Chains Found: 1
Shortest Synchronizer Chain: 2 Registers
Fraction of Chains for which MTBFs Could Not be Calculated: 1.000
Worst Case Available Settling Time: 38.623 ns




+------------------------------------------------------------------------------+
; Multicorner Timing Analysis Summary                                          ;
+------------------+--------+-------+----------+---------+---------------------+
; Clock            ; Setup  ; Hold  ; Recovery ; Removal ; Minimum Pulse Width ;
+------------------+--------+-------+----------+---------+---------------------+
; Worst-case Slack ; 15.969 ; 0.186 ; N/A      ; N/A     ; 9.264               ;
;  clk_50MHz       ; 15.969 ; 0.186 ; N/A      ; N/A     ; 9.264               ;
; Design-wide TNS  ; 0.0    ; 0.0   ; 0.0      ; 0.0     ; 0.0                 ;
;  clk_50MHz       ; 0.000  ; 0.000 ; N/A      ; N/A     ; 0.000               ;
+------------------+--------+-------+----------+---------+---------------------+


+------------------------------------------------------------------------------------------------------------------------------------------------------------------------------------------------------------------------------------------------------------------------------------------------------------------------------------------------------------------------------------------------------------------+
; Board Trace Model Assignments                                                                                                                                                                                                                                                                                                                                                                                    ;
+---------------+--------------+-------------------+-------------------------+-------------------------+---------------+---------------------+----------------+------------------+--------+------------------+------------------------+------------------------+--------------+---------------+-----------------+-------+---------------------+--------------------+---------------+-----------------+-------------+
; Pin           ; I/O Standard ; Near Tline Length ; Near Tline L per Length ; Near Tline C per Length ; Near Series R ; Near Differential R ; Near Pull-up R ; Near Pull-down R ; Near C ; Far Tline Length ; Far Tline L per Length ; Far Tline C per Length ; Far Series R ; Far Pull-up R ; Far Pull-down R ; Far C ; Termination Voltage ; Far Differential R ; EBD File Name ; EBD Signal Name ; EBD Far-end ;
+---------------+--------------+-------------------+-------------------------+-------------------------+---------------+---------------------+----------------+------------------+--------+------------------+------------------------+------------------------+--------------+---------------+-----------------+-------+---------------------+--------------------+---------------+-----------------+-------------+
; UART_tx_pin   ; 3.3-V LVTTL  ; 0 in              ; 0 H/in                  ; 0 F/in                  ; short         ; -                   ; open           ; open             ; open   ; 0 in             ; 0 H/in                 ; 0 F/in                 ; short        ; open          ; open            ; open  ; 0 V                 ; -                  ; n/a           ; n/a             ; n/a         ;
; ~ALTERA_DCLK~ ; 3.3-V LVTTL  ; 0 in              ; 0 H/in                  ; 0 F/in                  ; short         ; -                   ; open           ; open             ; open   ; 0 in             ; 0 H/in                 ; 0 F/in                 ; short        ; open          ; open            ; open  ; 0 V                 ; -                  ; n/a           ; n/a             ; n/a         ;
; ~ALTERA_nCEO~ ; 2.5 V        ; 0 in              ; 0 H/in                  ; 0 F/in                  ; short         ; -                   ; open           ; open             ; open   ; 0 in             ; 0 H/in                 ; 0 F/in                 ; short        ; open          ; open            ; open  ; 0 V                 ; -                  ; n/a           ; n/a             ; n/a         ;
+---------------+--------------+-------------------+-------------------------+-------------------------+---------------+---------------------+----------------+------------------+--------+------------------+------------------------+------------------------+--------------+---------------+-----------------+-------+---------------------+--------------------+---------------+-----------------+-------------+


+----------------------------------------------------------------------------+
; Input Transition Times                                                     ;
+-------------------------+--------------+-----------------+-----------------+
; Pin                     ; I/O Standard ; 10-90 Rise Time ; 90-10 Fall Time ;
+-------------------------+--------------+-----------------+-----------------+
; clk                     ; 3.3-V LVTTL  ; 2640 ps         ; 2640 ps         ;
; rstn                    ; 3.3-V LVTTL  ; 2640 ps         ; 2640 ps         ;
; UART_rx_pin             ; 3.3-V LVTTL  ; 2640 ps         ; 2640 ps         ;
; ~ALTERA_ASDO_DATA1~     ; 3.3-V LVTTL  ; 2640 ps         ; 2640 ps         ;
; ~ALTERA_FLASH_nCE_nCSO~ ; 3.3-V LVTTL  ; 2640 ps         ; 2640 ps         ;
; ~ALTERA_DATA0~          ; 3.3-V LVTTL  ; 2640 ps         ; 2640 ps         ;
+-------------------------+--------------+-----------------+-----------------+


+--------------------------------------------------------------------------------------------------------------------------------------------------------------------------------------------------------------------------------------------------------------------------------------------------------------------------------------------------------------------------------------------------------------------------------------------------------------------------------------------------------------------------------------------------------------------------------------------------------------------------------------------------------------------------------------------+
; Signal Integrity Metrics (Slow 1200mv 0c Model)                                                                                                                                                                                                                                                                                                                                                                                                                                                                                                                                                                                                                                            ;
+---------------+--------------+---------------------+---------------------+------------------------------+------------------------------+---------------------+---------------------+--------------------------------------+--------------------------------------+-----------------------------+-----------------------------+----------------------------+----------------------------+-----------------------------+-----------------------------+--------------------+--------------------+-------------------------------------+-------------------------------------+----------------------------+----------------------------+---------------------------+---------------------------+
; Pin           ; I/O Standard ; Board Delay on Rise ; Board Delay on Fall ; Steady State Voh at FPGA Pin ; Steady State Vol at FPGA Pin ; Voh Max at FPGA Pin ; Vol Min at FPGA Pin ; Ringback Voltage on Rise at FPGA Pin ; Ringback Voltage on Fall at FPGA Pin ; 10-90 Rise Time at FPGA Pin ; 90-10 Fall Time at FPGA Pin ; Monotonic Rise at FPGA Pin ; Monotonic Fall at FPGA Pin ; Steady State Voh at Far-end ; Steady State Vol at Far-end ; Voh Max at Far-end ; Vol Min at Far-end ; Ringback Voltage on Rise at Far-end ; Ringback Voltage on Fall at Far-end ; 10-90 Rise Time at Far-end ; 90-10 Fall Time at Far-end ; Monotonic Rise at Far-end ; Monotonic Fall at Far-end ;
+---------------+--------------+---------------------+---------------------+------------------------------+------------------------------+---------------------+---------------------+--------------------------------------+--------------------------------------+-----------------------------+-----------------------------+----------------------------+----------------------------+-----------------------------+-----------------------------+--------------------+--------------------+-------------------------------------+-------------------------------------+----------------------------+----------------------------+---------------------------+---------------------------+
; UART_tx_pin   ; 3.3-V LVTTL  ; 0 s                 ; 0 s                 ; 3.08 V                       ; 8.89e-09 V                   ; 3.12 V              ; -0.11 V             ; 0.153 V                              ; 0.272 V                              ; 6.41e-10 s                  ; 4.57e-10 s                  ; No                         ; Yes                        ; 3.08 V                      ; 8.89e-09 V                  ; 3.12 V             ; -0.11 V            ; 0.153 V                             ; 0.272 V                             ; 6.41e-10 s                 ; 4.57e-10 s                 ; No                        ; Yes                       ;
; ~ALTERA_DCLK~ ; 3.3-V LVTTL  ; 0 s                 ; 0 s                 ; 3.08 V                       ; 3.51e-09 V                   ; 3.18 V              ; -0.157 V            ; 0.147 V                              ; 0.259 V                              ; 2.81e-10 s                  ; 2.53e-10 s                  ; Yes                        ; Yes                        ; 3.08 V                      ; 3.51e-09 V                  ; 3.18 V             ; -0.157 V           ; 0.147 V                             ; 0.259 V                             ; 2.81e-10 s                 ; 2.53e-10 s                 ; Yes                       ; Yes                       ;
; ~ALTERA_nCEO~ ; 2.5 V        ; 0 s                 ; 0 s                 ; 2.32 V                       ; 2.57e-09 V                   ; 2.37 V              ; -0.00683 V          ; 0.171 V                              ; 0.018 V                              ; 4.97e-10 s                  ; 6.66e-10 s                  ; Yes                        ; Yes                        ; 2.32 V                      ; 2.57e-09 V                  ; 2.37 V             ; -0.00683 V         ; 0.171 V                             ; 0.018 V                             ; 4.97e-10 s                 ; 6.66e-10 s                 ; Yes                       ; Yes                       ;
+---------------+--------------+---------------------+---------------------+------------------------------+------------------------------+---------------------+---------------------+--------------------------------------+--------------------------------------+-----------------------------+-----------------------------+----------------------------+----------------------------+-----------------------------+-----------------------------+--------------------+--------------------+-------------------------------------+-------------------------------------+----------------------------+----------------------------+---------------------------+---------------------------+


+--------------------------------------------------------------------------------------------------------------------------------------------------------------------------------------------------------------------------------------------------------------------------------------------------------------------------------------------------------------------------------------------------------------------------------------------------------------------------------------------------------------------------------------------------------------------------------------------------------------------------------------------------------------------------------------------+
; Signal Integrity Metrics (Slow 1200mv 85c Model)                                                                                                                                                                                                                                                                                                                                                                                                                                                                                                                                                                                                                                           ;
+---------------+--------------+---------------------+---------------------+------------------------------+------------------------------+---------------------+---------------------+--------------------------------------+--------------------------------------+-----------------------------+-----------------------------+----------------------------+----------------------------+-----------------------------+-----------------------------+--------------------+--------------------+-------------------------------------+-------------------------------------+----------------------------+----------------------------+---------------------------+---------------------------+
; Pin           ; I/O Standard ; Board Delay on Rise ; Board Delay on Fall ; Steady State Voh at FPGA Pin ; Steady State Vol at FPGA Pin ; Voh Max at FPGA Pin ; Vol Min at FPGA Pin ; Ringback Voltage on Rise at FPGA Pin ; Ringback Voltage on Fall at FPGA Pin ; 10-90 Rise Time at FPGA Pin ; 90-10 Fall Time at FPGA Pin ; Monotonic Rise at FPGA Pin ; Monotonic Fall at FPGA Pin ; Steady State Voh at Far-end ; Steady State Vol at Far-end ; Voh Max at Far-end ; Vol Min at Far-end ; Ringback Voltage on Rise at Far-end ; Ringback Voltage on Fall at Far-end ; 10-90 Rise Time at Far-end ; 90-10 Fall Time at Far-end ; Monotonic Rise at Far-end ; Monotonic Fall at Far-end ;
+---------------+--------------+---------------------+---------------------+------------------------------+------------------------------+---------------------+---------------------+--------------------------------------+--------------------------------------+-----------------------------+-----------------------------+----------------------------+----------------------------+-----------------------------+-----------------------------+--------------------+--------------------+-------------------------------------+-------------------------------------+----------------------------+----------------------------+---------------------------+---------------------------+
; UART_tx_pin   ; 3.3-V LVTTL  ; 0 s                 ; 0 s                 ; 3.08 V                       ; 7.5e-07 V                    ; 3.11 V              ; -0.0503 V           ; 0.122 V                              ; 0.172 V                              ; 7.08e-10 s                  ; 6.43e-10 s                  ; Yes                        ; Yes                        ; 3.08 V                      ; 7.5e-07 V                   ; 3.11 V             ; -0.0503 V          ; 0.122 V                             ; 0.172 V                             ; 7.08e-10 s                 ; 6.43e-10 s                 ; Yes                       ; Yes                       ;
; ~ALTERA_DCLK~ ; 3.3-V LVTTL  ; 0 s                 ; 0 s                 ; 3.08 V                       ; 2.6e-07 V                    ; 3.13 V              ; -0.103 V            ; 0.164 V                              ; 0.134 V                              ; 3.14e-10 s                  ; 4.05e-10 s                  ; Yes                        ; No                         ; 3.08 V                      ; 2.6e-07 V                   ; 3.13 V             ; -0.103 V           ; 0.164 V                             ; 0.134 V                             ; 3.14e-10 s                 ; 4.05e-10 s                 ; Yes                       ; No                        ;
; ~ALTERA_nCEO~ ; 2.5 V        ; 0 s                 ; 0 s                 ; 2.32 V                       ; 2.54e-07 V                   ; 2.34 V              ; -0.00774 V          ; 0.109 V                              ; 0.026 V                              ; 6.58e-10 s                  ; 8.24e-10 s                  ; Yes                        ; Yes                        ; 2.32 V                      ; 2.54e-07 V                  ; 2.34 V             ; -0.00774 V         ; 0.109 V                             ; 0.026 V                             ; 6.58e-10 s                 ; 8.24e-10 s                 ; Yes                       ; Yes                       ;
+---------------+--------------+---------------------+---------------------+------------------------------+------------------------------+---------------------+---------------------+--------------------------------------+--------------------------------------+-----------------------------+-----------------------------+----------------------------+----------------------------+-----------------------------+-----------------------------+--------------------+--------------------+-------------------------------------+-------------------------------------+----------------------------+----------------------------+---------------------------+---------------------------+


+--------------------------------------------------------------------------------------------------------------------------------------------------------------------------------------------------------------------------------------------------------------------------------------------------------------------------------------------------------------------------------------------------------------------------------------------------------------------------------------------------------------------------------------------------------------------------------------------------------------------------------------------------------------------------------------------+
; Signal Integrity Metrics (Fast 1200mv 0c Model)                                                                                                                                                                                                                                                                                                                                                                                                                                                                                                                                                                                                                                            ;
+---------------+--------------+---------------------+---------------------+------------------------------+------------------------------+---------------------+---------------------+--------------------------------------+--------------------------------------+-----------------------------+-----------------------------+----------------------------+----------------------------+-----------------------------+-----------------------------+--------------------+--------------------+-------------------------------------+-------------------------------------+----------------------------+----------------------------+---------------------------+---------------------------+
; Pin           ; I/O Standard ; Board Delay on Rise ; Board Delay on Fall ; Steady State Voh at FPGA Pin ; Steady State Vol at FPGA Pin ; Voh Max at FPGA Pin ; Vol Min at FPGA Pin ; Ringback Voltage on Rise at FPGA Pin ; Ringback Voltage on Fall at FPGA Pin ; 10-90 Rise Time at FPGA Pin ; 90-10 Fall Time at FPGA Pin ; Monotonic Rise at FPGA Pin ; Monotonic Fall at FPGA Pin ; Steady State Voh at Far-end ; Steady State Vol at Far-end ; Voh Max at Far-end ; Vol Min at Far-end ; Ringback Voltage on Rise at Far-end ; Ringback Voltage on Fall at Far-end ; 10-90 Rise Time at Far-end ; 90-10 Fall Time at Far-end ; Monotonic Rise at Far-end ; Monotonic Fall at Far-end ;
+---------------+--------------+---------------------+---------------------+------------------------------+------------------------------+---------------------+---------------------+--------------------------------------+--------------------------------------+-----------------------------+-----------------------------+----------------------------+----------------------------+-----------------------------+-----------------------------+--------------------+--------------------+-------------------------------------+-------------------------------------+----------------------------+----------------------------+---------------------------+---------------------------+
; UART_tx_pin   ; 3.3-V LVTTL  ; 0 s                 ; 0 s                 ; 3.46 V                       ; 1.85e-07 V                   ; 3.57 V              ; -0.141 V            ; 0.301 V                              ; 0.239 V                              ; 4.61e-10 s                  ; 4.2e-10 s                   ; No                         ; No                         ; 3.46 V                      ; 1.85e-07 V                  ; 3.57 V             ; -0.141 V           ; 0.301 V                             ; 0.239 V                             ; 4.61e-10 s                 ; 4.2e-10 s                  ; No                        ; No                        ;
; ~ALTERA_DCLK~ ; 3.3-V LVTTL  ; 0 s                 ; 0 s                 ; 3.46 V                       ; 6.54e-08 V                   ; 3.66 V              ; -0.26 V             ; 0.41 V                               ; 0.32 V                               ; 1.57e-10 s                  ; 2.15e-10 s                  ; No                         ; Yes                        ; 3.46 V                      ; 6.54e-08 V                  ; 3.66 V             ; -0.26 V            ; 0.41 V                              ; 0.32 V                              ; 1.57e-10 s                 ; 2.15e-10 s                 ; No                        ; Yes                       ;
; ~ALTERA_nCEO~ ; 2.5 V        ; 0 s                 ; 0 s                 ; 2.62 V                       ; 3.54e-08 V                   ; 2.7 V               ; -0.00943 V          ; 0.276 V                              ; 0.035 V                              ; 3.19e-10 s                  ; 4.99e-10 s                  ; No                         ; Yes                        ; 2.62 V                      ; 3.54e-08 V                  ; 2.7 V              ; -0.00943 V         ; 0.276 V                             ; 0.035 V                             ; 3.19e-10 s                 ; 4.99e-10 s                 ; No                        ; Yes                       ;
+---------------+--------------+---------------------+---------------------+------------------------------+------------------------------+---------------------+---------------------+--------------------------------------+--------------------------------------+-----------------------------+-----------------------------+----------------------------+----------------------------+-----------------------------+-----------------------------+--------------------+--------------------+-------------------------------------+-------------------------------------+----------------------------+----------------------------+---------------------------+---------------------------+


+--------------------------------------------------------------------+
; Setup Transfers                                                    ;
+------------+-----------+----------+----------+----------+----------+
; From Clock ; To Clock  ; RR Paths ; FR Paths ; RF Paths ; FF Paths ;
+------------+-----------+----------+----------+----------+----------+
; clk_50MHz  ; clk_50MHz ; 533      ; 0        ; 0        ; 0        ;
+------------+-----------+----------+----------+----------+----------+
Entries labeled "false path" only account for clock-to-clock false paths and not path-based false paths. As a result, actual path counts may be lower than reported.


+--------------------------------------------------------------------+
; Hold Transfers                                                     ;
+------------+-----------+----------+----------+----------+----------+
; From Clock ; To Clock  ; RR Paths ; FR Paths ; RF Paths ; FF Paths ;
+------------+-----------+----------+----------+----------+----------+
; clk_50MHz  ; clk_50MHz ; 533      ; 0        ; 0        ; 0        ;
+------------+-----------+----------+----------+----------+----------+
Entries labeled "false path" only account for clock-to-clock false paths and not path-based false paths. As a result, actual path counts may be lower than reported.


---------------
; Report TCCS ;
---------------
No dedicated SERDES Transmitter circuitry present in device or used in design


---------------
; Report RSKM ;
---------------
No non-DPA dedicated SERDES Receiver circuitry present in device or used in design


+------------------------------------------------+
; Unconstrained Paths Summary                    ;
+---------------------------------+-------+------+
; Property                        ; Setup ; Hold ;
+---------------------------------+-------+------+
; Illegal Clocks                  ; 0     ; 0    ;
; Unconstrained Clocks            ; 0     ; 0    ;
; Unconstrained Input Ports       ; 0     ; 0    ;
; Unconstrained Input Port Paths  ; 0     ; 0    ;
; Unconstrained Output Ports      ; 0     ; 0    ;
; Unconstrained Output Port Paths ; 0     ; 0    ;
+---------------------------------+-------+------+


+-----------------------------------------+
; Clock Status Summary                    ;
+--------+-----------+------+-------------+
; Target ; Clock     ; Type ; Status      ;
+--------+-----------+------+-------------+
; clk    ; clk_50MHz ; Base ; Constrained ;
+--------+-----------+------+-------------+


+--------------------------+
; Timing Analyzer Messages ;
+--------------------------+
Info: *******************************************************************
Info: Running Quartus Prime Timing Analyzer
    Info: Version 20.1.0 Build 711 06/05/2020 SJ Lite Edition
    Info: Processing started: Mon Dec 08 18:07:43 2025
Info: Command: quartus_sta UART -c UART
Info: qsta_default_script.tcl version: #1
Warning (18236): Number of processors has not been specified which may cause overloading on shared machines.  Set the global assignment NUM_PARALLEL_PROCESSORS in your QSF to an appropriate value for best performance.
Info (20030): Parallel compilation is enabled and will use 6 of the 6 processors detected
Info (21077): Low junction temperature is 0 degrees C
Info (21077): High junction temperature is 85 degrees C
Info (332104): Reading SDC File: 'TimingConstraints.sdc'
Critical Warning (332168): The following clock transfers have no clock uncertainty assignment. For more accurate results, apply clock uncertainty assignments or use the derive_clock_uncertainty command.
    Critical Warning (332169): From clk_50MHz (Rise) to clk_50MHz (Rise) (setup and hold)
Info: Found TIMING_ANALYZER_REPORT_SCRIPT_INCLUDE_DEFAULT_ANALYSIS = ON
Info: Analyzing Slow 1200mV 85C Model
Info (332146): Worst-case setup slack is 15.969
    Info (332119):     Slack       End Point TNS Clock 
    Info (332119): ========= =================== =====================
    Info (332119):    15.969               0.000 clk_50MHz 
Info (332146): Worst-case hold slack is 0.453
    Info (332119):     Slack       End Point TNS Clock 
    Info (332119): ========= =================== =====================
    Info (332119):     0.453               0.000 clk_50MHz 
Info (332140): No Recovery paths to report
Info (332140): No Removal paths to report
Info (332146): Worst-case minimum pulse width slack is 9.740
    Info (332119):     Slack       End Point TNS Clock 
    Info (332119): ========= =================== =====================
    Info (332119):     9.740               0.000 clk_50MHz 
Info (332114): Report Metastability: Found 1 synchronizer chains.
    Info (332114): The design MTBF is not calculated because there are no specified synchronizers in the design.
    Info (332114): Number of Synchronizer Chains Found: 1
    Info (332114): Shortest Synchronizer Chain: 2 Registers
    Info (332114): Fraction of Chains for which MTBFs Could Not be Calculated: 1.000
    Info (332114): Worst Case Available Settling Time: 36.917 ns
    Info (332114): 
Info: Analyzing Slow 1200mV 0C Model
Info (334003): Started post-fitting delay annotation
Info (334004): Delay annotation completed successfully
Critical Warning (332168): The following clock transfers have no clock uncertainty assignment. For more accurate results, apply clock uncertainty assignments or use the derive_clock_uncertainty command.
    Critical Warning (332169): From clk_50MHz (Rise) to clk_50MHz (Rise) (setup and hold)
Info (332146): Worst-case setup slack is 16.235
    Info (332119):     Slack       End Point TNS Clock 
    Info (332119): ========= =================== =====================
    Info (332119):    16.235               0.000 clk_50MHz 
Info (332146): Worst-case hold slack is 0.401
    Info (332119):     Slack       End Point TNS Clock 
    Info (332119): ========= =================== =====================
    Info (332119):     0.401               0.000 clk_50MHz 
Info (332140): No Recovery paths to report
Info (332140): No Removal paths to report
Info (332146): Worst-case minimum pulse width slack is 9.750
    Info (332119):     Slack       End Point TNS Clock 
    Info (332119): ========= =================== =====================
    Info (332119):     9.750               0.000 clk_50MHz 
Info (332114): Report Metastability: Found 1 synchronizer chains.
    Info (332114): The design MTBF is not calculated because there are no specified synchronizers in the design.
    Info (332114): Number of Synchronizer Chains Found: 1
    Info (332114): Shortest Synchronizer Chain: 2 Registers
    Info (332114): Fraction of Chains for which MTBFs Could Not be Calculated: 1.000
    Info (332114): Worst Case Available Settling Time: 37.093 ns
    Info (332114): 
Info: Analyzing Fast 1200mV 0C Model
Critical Warning (332168): The following clock transfers have no clock uncertainty assignment. For more accurate results, apply clock uncertainty assignments or use the derive_clock_uncertainty command.
    Critical Warning (332169): From clk_50MHz (Rise) to clk_50MHz (Rise) (setup and hold)
Info (332146): Worst-case setup slack is 18.295
    Info (332119):     Slack       End Point TNS Clock 
    Info (332119): ========= =================== =====================
    Info (332119):    18.295               0.000 clk_50MHz 
Info (332146): Worst-case hold slack is 0.186
    Info (332119):     Slack       End Point TNS Clock 
    Info (332119): ========= =================== =====================
    Info (332119):     0.186               0.000 clk_50MHz 
Info (332140): No Recovery paths to report
Info (332140): No Removal paths to report
Info (332146): Worst-case minimum pulse width slack is 9.264
    Info (332119):     Slack       End Point TNS Clock 
    Info (332119): ========= =================== =====================
    Info (332119):     9.264               0.000 clk_50MHz 
Info (332114): Report Metastability: Found 1 synchronizer chains.
    Info (332114): The design MTBF is not calculated because there are no specified synchronizers in the design.
    Info (332114): Number of Synchronizer Chains Found: 1
    Info (332114): Shortest Synchronizer Chain: 2 Registers
    Info (332114): Fraction of Chains for which MTBFs Could Not be Calculated: 1.000
    Info (332114): Worst Case Available Settling Time: 38.623 ns
    Info (332114): 
Info (332101): Design is fully constrained for setup requirements
Info (332101): Design is fully constrained for hold requirements
Info: Quartus Prime Timing Analyzer was successful. 0 errors, 7 warnings
    Info: Peak virtual memory: 4783 megabytes
    Info: Processing ended: Mon Dec 08 18:07:44 2025
    Info: Elapsed time: 00:00:01
    Info: Total CPU time (on all processors): 00:00:02


